1 4374
1 4383
1 1
1 2983
2 5559
2 240
2 1
2 2948
2 5610
3 3617
3 1
3 2983
3 631
4 3295
4 3790
4 1
4 530
4 631
4 2983
4 2619
4 1620
4 1
4 2948
5 1
5 2983
5 169
5 3421
5 1639
6 1
6 1
6 2948
6 2983
6 5771
7 1900
7 5012
7 1
7 2948
8 1092
8 1639
8 998
8 1
8 2983
8 2073
9 1019
9 1019
9 1
9 2948
10 1
10 2983
10 1
10 2948
10 1
11 1
11 2948
11 2948
11 3049
12 1
12 2983
12 174
12 638
12 1376
13 575
13 1028
13 1028
13 1
13 593
13 1
13 1
14 1
14 2983
14 2297
14 1054
15 864
15 864
15 3265
15 4281
15 1
15 1855
15 1886
15 2863
15 2983
15 4027
15 1643
15 1504
15 3006
16 1586
16 1
16 1609
16 2983
17 1
17 1
17 1
17 2948
17 2983
17 3652
18 502
18 939
18 939
18 1
18 146
18 2983
19 868
19 868
19 1
19 2833
20 3432
20 1
20 627
20 2983
20 3083
20 3569
21 1
21 1
21 2948
21 2983
22 1
22 2948
22 3048
22 3050
23 1
23 1
23 2948
23 2983
24 1184
24 2334
24 1
24 2948
25 3828
25 808
25 808
25 1746
25 3690
25 1
25 2948
25 5473
25 2322
25 4199
25 3750
26 1
26 2870
26 2983
26 2602
27 1
27 1
27 1
27 2948
27 2983
28 1410
28 1507
28 1
28 1923
28 1
28 2983
28 3727
29 797
29 797
29 2812
29 1
29 2983
29 1
29 2948
30 7
30 1
30 2157
30 2948
30 3501
31 1197
31 5139
31 3534
31 1
31 2983
31 3841
31 622
31 4874
31 4286
32 1
32 836
32 836
32 2983
33 836
33 836
33 1
33 2948
34 1
34 2948
34 1862
34 1410
35 1
35 2983
35 5610
35 2243
36 3042
36 2484
36 1
36 3324
36 3195
36 3886
36 4055
36 3469
37 1
37 357
37 2768
37 3133
37 3522
37 3796
37 3691
37 2767
37 4057
37 2684
37 4236
37 3772
37 4276
37 731
37 4116
37 4166
37 4291
37 2982
37 4281
38 2
38 1342
38 3922
38 589
38 255
39 2
39 1345
39 3102
39 5290
40 1967
40 97
40 218
40 6119
40 2
41 606
41 2
41 547
41 606
42 1189
42 2102
42 2
42 3897
42 1678
42 5377
43 2
43 482
43 388
43 121
43 920
43 920
43 547
44 547
44 2
44 1121
44 4521
45 1219
45 2
45 547
45 3120
46 3
46 254
46 1084
46 5143
46 1955
46 2090
47 1564
47 3
47 4
47 1084
48 3
48 2287
48 512
48 1084
48 4
48 4
48 5197
49 5411
49 3
49 2361
49 3958
50 4
50 1867
50 2213
50 2730
50 2438
51 4
51 867
51 867
51 557
52 1362
52 4
52 254
52 3709
53 2070
53 3411
53 3435
53 4
53 4200
54 1507
54 3386
54 3297
54 4
55 4
55 1084
55 1921
55 901
56 2261
56 2521
56 2123
56 1821
56 1406
56 1189
56 1904
56 1019
56 1019
56 2348
56 1008
56 1008
56 4004
56 4
56 1328
56 685
56 3953
56 195
56 4435
57 4
57 742
57 3444
57 3709
58 84
58 4
58 268
58 1956
58 2215
59 2120
59 2200
59 2538
59 4
60 2880
60 4865
60 1020
60 4
61 739
61 3698
61 4
61 1087
62 1314
62 4
62 2633
62 1511
62 412
62 442
62 512
63 777
63 777
63 1782
63 4
64 4
64 4
64 1475
64 2224
65 4
65 2928
65 3776
65 4159
65 1512
65 1958
65 2381
65 3494
65 4198
66 4
66 1084
66 1979
66 2598
67 4
67 1084
67 1979
67 2573
67 1784
68 1979
68 1978
68 5040
68 4
68 1084
69 4356
69 242
69 1906
69 5063
69 234
69 2287
69 4
69 4
70 4
70 1632
70 3004
70 3725
71 4
71 254
71 872
71 872
72 649
72 1427
72 4
72 4
73 4
73 66
73 1677
73 4422
74 2577
74 2903
74 4
74 2903
74 2730
74 1133
75 4
75 1084
75 1979
75 254
75 1087
76 4
76 51
76 121
76 920
76 920
76 1667
76 121
76 920
76 920
77 4
77 1979
77 254
78 268
78 1560
78 4
78 1978
78 2924
79 460
79 4
79 3326
79 2355
79 3695
79 1395
79 2938
79 3184
79 2359
79 3524
79 1157
80 4
80 342
80 1773
80 1191
80 1671
80 1979
80 3051
80 88
80 1193
80 1193
80 1193
80 3019
80 1217
80 815
80 815
81 4
81 2333
81 354
81 1750
82 4
82 1979
82 2287
82 2301
82 254
82 1235
82 1470
82 1680
82 1455
82 1452
82 2382
82 622
83 1784
83 4
83 1035
83 1035
84 4
84 1470
84 1436
84 2669
85 4
85 692
85 2542
85 3317
85 3442
85 3311
85 3313
85 497
85 3337
85 857
85 857
85 3722
85 3923
86 2293
86 2483
86 2970
86 5
87 5
87 3247
87 3248
87 3586
88 5
88 1340
88 833
88 833
88 1879
89 719
89 1536
89 503
89 5
89 674
90 2378
90 5
90 1044
90 1044
90 5321
91 6
91 1279
91 1279
91 1279
91 1279
91 1279
91 1279
91 1279
91 1279
91 1279
91 1279
91 1279
91 1279
91 1279
91 1279
91 1279
91 1279
91 563
91 1279
92 6
92 1279
92 1279
92 1279
92 1279
92 1279
92 1279
92 1279
92 1279
92 1279
92 1279
92 1279
92 1279
92 1279
92 1279
92 1279
92 1279
92 563
92 1279
93 6
93 1279
93 1279
93 1279
93 1279
93 1279
93 1279
93 1279
93 1279
93 1279
93 1279
93 1279
93 1279
93 1279
93 1279
93 1279
93 1279
93 563
93 1279
94 6
94 1279
94 1279
94 1279
94 1279
94 1279
94 1279
94 1279
94 1279
94 1279
94 1279
94 1279
94 1279
94 1279
94 1279
94 1279
94 1279
94 563
94 1279
95 6
95 563
95 1279
95 1279
95 1279
95 1279
95 1279
95 1279
95 1279
95 1279
95 1279
95 1279
95 1279
95 1279
95 1279
95 1279
95 1279
95 1279
95 1279
96 6
96 563
96 1279
96 1279
96 1279
96 1279
96 1279
96 1279
96 1279
96 1279
96 1279
96 1279
96 1279
96 1279
96 1279
96 1279
96 1279
96 1279
96 2798
96 1190
96 1279
97 696
97 1313
97 2593
97 3660
97 6
97 563
98 6
98 758
98 758
98 2973
99 6
99 298
99 758
99 758
100 1019
100 1019
100 4387
100 6
100 758
100 758
101 6
101 6
101 758
101 758
101 4275
101 3542
102 6
102 758
102 758
102 1493
102 1142
102 3036
103 6
103 758
103 758
103 6125
104 6
104 758
104 758
104 1668
105 6
105 290
105 758
105 758
106 6
106 758
106 758
106 1119
106 4054
107 1924
107 6
107 203
107 535
107 563
107 583
107 2537
108 6
108 290
108 563
108 2801
109 590
109 2966
109 3508
109 6
109 591
109 1506
109 4810
109 2083
109 3325
109 2022
109 2935
109 4327
109 4452
109 1990
109 2807
109 245
109 3449
109 361
110 2996
110 6
110 3504
110 3083
111 569
111 2154
111 1354
111 2484
111 3400
111 1098
111 6
111 3127
111 860
111 860
111 3126
111 3993
111 4194
111 4069
111 1387
111 2300
111 4426
111 4460
111 1296
111 4461
111 4270
111 446
111 4455
111 3151
111 4447
111 3471
111 1540
112 3077
112 2882
112 6
112 4172
112 4401
113 56
113 6
113 563
113 3237
113 6
113 2366
113 1668
113 4031
113 1570
113 2021
113 1177
114 241
114 202
114 84
114 3680
114 6
114 1892
114 3455
114 3495
114 3505
115 3318
115 6
115 3505
115 344
115 4053
115 2894
115 4302
116 3721
116 290
116 6
116 216
117 3142
117 6
117 3852
117 3960
117 4084
117 4083
117 1655
117 2614
117 1868
117 2289
117 3683
117 564
117 3976
117 625
117 4154
117 3049
117 665
117 2547
117 3108
117 4364
117 4321
117 84
117 4231
117 4115
117 3808
117 4116
117 1292
117 1293
117 1493
117 3463
117 4466
117 3966
117 1144
117 4283
118 140
118 141
118 404
118 2725
118 835
118 2181
118 2627
118 2542
118 3326
118 3540
118 6
118 3469
118 3128
118 1563
118 4036
118 4386
118 3970
118 3083
118 3266
118 4128
118 3743
119 272
119 3188
119 2587
119 2883
119 3194
119 1802
119 3319
119 1164
119 2664
119 3590
119 6
119 3249
119 3377
119 3886
119 1865
119 3796
119 311
119 3959
119 3568
119 3596
119 3960
119 3988
119 1655
119 3126
119 3571
119 4058
119 2470
119 4265
119 4267
119 4158
119 4069
119 6059
119 3980
119 4301
119 3024
119 4273
119 4378
119 4000
119 4474
119 4304
119 3652
119 1005
119 1005
120 6
120 758
120 758
120 6
120 758
120 758
121 6
121 563
121 1279
121 1279
121 1279
121 1279
121 1279
121 1279
121 1279
121 1279
121 1279
121 1279
121 1279
121 1279
121 1279
121 1279
121 1279
121 1279
121 1279
122 6
122 758
122 758
122 1345
123 281
123 6
123 758
123 758
124 1921
124 6
124 758
124 758
124 1250
125 6
125 563
125 576
125 3342
126 6
126 93
126 93
126 563
126 1289
127 6
127 563
127 1279
127 1279
127 1279
127 1279
127 1279
127 1279
127 1279
127 1279
127 1279
127 1279
127 1279
127 1279
127 1279
127 1279
127 1279
127 1279
127 1279
128 6
128 148
128 758
128 758
129 6
129 151
129 758
129 758
130 6
130 6
130 758
130 758
131 6
131 563
131 1279
131 1279
131 1279
131 1279
131 1279
131 1279
131 1279
131 1279
131 1279
131 1279
131 1279
131 1279
131 1279
131 1279
131 1279
131 1279
131 1279
132 3297
132 6
132 563
132 1957
133 202
133 204
133 6
133 563
133 1227
133 2373
133 1227
134 6
134 563
134 1279
134 1279
134 1279
134 1279
134 1279
134 1279
134 1279
134 1279
134 1279
134 1279
134 1279
134 1279
134 1279
134 1279
134 1279
134 1279
134 1279
135 7
135 1036
135 1036
135 2496
136 815
136 815
136 8
136 9
137 8
137 10
137 150
137 1047
137 1047
137 1294
137 13
138 1132
138 8
138 561
138 1045
138 1045
138 4767
138 945
138 945
138 1653
138 124
138 1275
138 1702
138 1701
138 1698
138 5022
138 4046
139 9
139 443
139 1840
139 2103
140 104
140 681
140 437
140 26
140 1441
140 9
140 33
140 1252
140 656
140 1802
140 4377
140 5870
141 9
141 765
141 765
141 1081
141 425
142 20
142 11
142 1035
142 1035
143 145
143 1281
143 1286
143 1985
143 2166
143 2305
143 2540
143 2638
143 2793
143 606
143 11
144 870
144 870
144 1710
144 12
145 12
145 556
145 1045
145 1045
146 12
146 99
146 100
146 405
147 100
147 2297
147 397
147 12
147 867
147 867
147 1826
148 13
148 1504
148 1036
148 1036
148 1422
148 1423
148 2496
148 2593
149 1951
149 2981
149 2537
149 583
149 1234
149 2879
149 14
149 531
150 1583
150 1661
150 14
150 531
151 1897
151 1658
151 1790
151 2250
151 2781
151 14
151 531
152 14
152 531
152 530
152 680
152 915
153 1650
153 3023
153 14
153 17
153 19
153 531
153 1302
153 1107
154 607
154 145
154 1286
154 1985
154 2166
154 2305
154 2540
154 2638
154 2793
154 14
154 531
155 14
155 140
155 141
155 531
156 1946
156 14
156 531
156 528
157 864
157 864
157 3446
157 258
157 14
157 531
157 3006
158 14
158 19
158 531
158 1148
159 2021
159 20
159 14
159 531
160 14
160 531
160 915
160 915
161 14
161 531
161 1148
161 1181
161 1852
161 935
161 1093
161 4764
161 2660
162 1073
162 1925
162 2364
162 606
162 14
162 531
162 1342
162 3922
163 1500
163 1500
163 14
163 531
163 1054
163 21
164 941
164 941
164 3204
164 3259
164 14
164 531
165 823
165 823
165 14
165 19
165 531
165 1302
166 432
166 3864
166 3864
166 14
166 531
167 4237
167 3004
167 14
167 531
167 1045
167 1045
168 14
168 531
168 3023
168 2512
169 3668
169 16
169 1500
169 3684
169 14
169 531
170 589
170 211
170 14
170 531
171 2898
171 1035
171 1035
171 19
171 1302
171 14
171 531
172 530
172 606
172 14
172 531
173 20
173 4759
173 20
173 14
173 531
174 20
174 1107
174 1507
174 14
174 531
175 608
175 2198
175 84
175 915
175 915
175 1054
175 14
175 531
175 6045
176 66
176 138
176 504
176 815
176 815
176 14
176 531
177 14
177 531
177 2147
177 2654
177 5229
177 5475
177 2640
178 2767
178 15
178 4031
178 4375
179 1377
179 718
179 15
179 672
179 1251
179 3450
180 14
180 531
180 608
180 1054
181 241
181 14
181 531
181 1981
182 442
182 1706
182 3358
182 14
182 531
183 16
183 84
183 2537
183 3291
184 16
184 19
184 1302
184 1743
184 1946
184 16
184 528
184 607
184 5127
184 607
185 16
185 19
185 1302
185 19
185 1302
186 892
186 892
186 14
186 531
187 3038
187 14
187 530
187 531
188 190
188 3295
188 14
188 531
189 1726
189 16
189 19
189 1302
190 16
190 14
190 20
190 531
191 14
191 140
191 141
191 531
192 1870
192 16
192 14
192 531
192 97
192 663
193 2852
193 14
193 531
193 19
193 1302
193 16
194 140
194 141
194 14
194 531
195 16
195 606
195 14
195 531
196 1037
196 1037
196 1343
196 14
196 531
197 14
197 531
197 1389
197 3017
197 16
198 2532
198 14
198 531
198 21
199 192
199 835
199 835
199 2018
199 145
199 1286
199 832
199 832
199 1802
199 2768
199 3309
199 1500
199 2709
199 1655
199 1857
199 3665
199 4306
199 4206
199 16
199 1107
199 19
199 1302
199 1122
200 441
200 16
200 14
200 531
201 945
201 945
201 16
201 14
201 531
202 606
202 1148
202 14
202 531
202 17
203 14
203 531
203 21
203 4611
204 16
204 14
204 531
204 1107
205 606
205 1952
205 3258
205 14
205 531
206 19
206 1302
206 16
206 14
206 531
206 140
206 141
206 3799
207 2943
207 310
207 3241
207 29
207 3984
207 16
207 305
207 3941
208 382
208 14
208 20
208 531
209 14
209 19
209 531
209 915
209 915
209 1302
210 4321
210 2948
210 14
210 531
211 16
211 16
211 16
211 14
211 14
211 14
211 531
211 531
211 531
212 1040
212 1040
212 20
212 2985
212 140
212 141
212 589
212 16
212 1726
213 18
213 649
213 16
213 1681
214 14
214 19
214 531
214 1302
215 16
215 16
215 14
215 531
216 16
216 14
216 531
216 606
217 16
217 14
217 531
217 1470
218 617
218 2731
218 16
218 2731
219 19
219 1302
219 14
219 531
219 1389
219 17
220 16
220 3223
220 1107
220 4058
220 2161
220 5552
221 606
221 606
221 16
221 3556
221 14
221 531
221 1583
222 3151
222 733
222 3463
222 3966
222 14
222 531
223 14
223 20
223 192
223 531
224 16
224 16
224 14
224 531
225 14
225 531
225 915
225 915
226 2577
226 1493
226 1643
226 1721
226 2903
226 1107
226 17
226 3266
226 16
226 1179
226 258
227 2932
227 14
227 531
227 857
227 857
227 1107
227 3552
228 16
228 16
228 16
228 20
228 192
229 16
229 14
229 14
229 531
229 531
230 2268
230 4045
230 2267
230 16
230 16
231 1679
231 1836
231 1500
231 1679
231 1836
231 16
231 1679
231 1836
232 1107
232 14
232 531
232 16
233 5362
233 3879
233 140
233 141
233 14
233 531
233 556
233 4259
233 4267
233 5289
234 1480
234 2469
234 3415
234 1924
234 140
234 141
234 450
234 1500
234 16
235 133
235 1181
235 5728
235 1715
235 2405
235 16
235 318
235 1342
235 2406
235 3922
235 232
235 4333
235 258
236 16
236 140
236 141
236 14
236 531
237 1092
237 16
237 16
237 14
237 531
238 3603
238 1197
238 14
238 531
238 2569
239 14
239 531
239 3579
239 4228
239 2755
240 2924
240 3531
240 16
240 4763
240 16
240 3973
240 2877
241 14
241 19
241 531
241 1302
242 16
242 14
242 14
242 531
242 531
242 1197
243 16
243 14
243 531
243 14
243 531
244 16
244 863
244 863
244 1184
245 16
245 16
245 14
245 14
245 531
245 531
246 251
246 945
246 945
246 4377
246 608
246 1747
246 3140
246 76
246 4613
246 931
246 931
246 273
246 945
246 945
246 4377
246 532
246 1691
246 3363
246 2114
246 3428
246 2895
246 530
246 3429
246 2162
246 2162
246 1012
246 1012
246 3305
246 775
246 775
246 4719
246 4871
246 965
246 1011
246 1027
246 965
246 1011
246 1027
246 1361
246 1369
246 3274
246 2487
246 3411
246 3435
246 1362
246 1367
246 1793
246 1874
246 2079
246 1920
246 1876
246 2079
246 1920
246 1875
246 1366
246 3437
246 1333
246 1357
246 2585
246 1362
246 2636
246 5223
246 19
246 1302
246 3854
246 16
246 16
246 1695
246 1691
246 4018
246 2454
246 3176
246 3014
246 3641
246 3452
246 2813
246 2657
246 975
246 975
246 3304
246 2114
246 2660
246 1181
246 2125
246 3955
246 2569
246 1178
246 860
246 860
247 140
247 141
247 140
247 141
247 2987
247 16
247 1493
248 2583
248 3702
248 16
248 16
248 14
248 531
249 522
249 896
249 896
249 3833
249 5829
249 16
250 14
250 531
250 578
250 915
250 915
251 16
251 14
251 14
251 531
251 531
252 20
252 16
252 16
252 16
252 14
252 531
252 863
252 863
253 19
253 20
253 1302
253 16
254 14
254 531
254 1107
254 1389
255 1721
255 16
255 16
255 16
255 16
256 16
256 16
256 16
256 16
257 2010
257 2377
257 16
257 16
257 1726
258 16
258 16
258 19
258 606
258 1302
258 1473
258 1946
258 3297
258 4035
258 1743
258 5125
258 667
259 1344
259 530
259 140
259 141
259 558
259 140
259 141
259 16
259 945
259 945
259 1040
259 1040
259 5558
259 1485
259 2995
259 4268
260 14
260 20
260 192
260 531
261 140
261 141
261 14
261 531
262 1096
262 14
262 531
262 1921
263 1928
263 5222
263 16
263 2010
263 1093
263 14
263 531
264 16
264 4613
264 855
264 855
265 750
265 750
265 216
265 56
265 606
265 4293
265 2933
265 4426
265 23
265 1493
265 3083
265 14
265 531
265 4451
265 4398
265 192
265 1717
265 733
265 2543
266 14
266 531
266 1612
266 2967
267 900
267 900
267 885
267 14
267 531
268 14
268 531
268 1019
268 1019
269 14
269 531
269 915
269 915
270 14
270 192
270 531
270 606
271 140
271 141
271 14
271 531
272 19
272 1302
272 14
272 531
273 14
273 531
273 19
273 1054
273 1302
274 2287
274 1443
274 17
274 2381
274 1071
275 2399
275 606
275 606
275 14
275 531
275 3017
276 1056
276 20
276 14
276 531
277 14
277 531
277 1019
277 1019
277 4171
278 14
278 531
278 1742
278 4279
279 2070
279 1054
279 14
279 531
280 14
280 531
280 1019
280 1019
280 606
280 604
280 2377
281 14
281 531
281 89
281 2103
282 17
282 530
282 527
282 165
283 14
283 531
283 915
283 915
284 192
284 17
284 20
284 1721
285 945
285 945
285 4377
285 4928
285 17
285 558
286 14
286 19
286 531
286 1302
287 17
287 192
287 608
287 1389
287 1806
287 3961
288 17
288 1921
288 2122
288 2995
289 17
289 1500
289 1500
289 2709
290 528
290 2010
290 19
290 1302
290 2144
290 258
290 17
291 192
291 1957
291 14
291 531
291 20
292 477
292 516
292 776
292 960
292 776
292 960
292 14
292 531
293 14
293 531
293 3822
293 1107
293 3822
293 4252
293 945
293 945
293 4377
293 3668
294 310
294 3241
294 4030
294 14
294 531
295 3651
295 14
295 531
295 1661
295 2213
295 2299
296 1896
296 165
296 2262
296 14
296 192
296 531
297 2307
297 14
297 531
297 1389
298 14
298 531
298 1054
298 680
299 14
299 531
299 140
299 141
299 3204
300 14
300 531
300 19
300 192
300 1302
301 1092
301 2573
301 14
301 531
302 14
302 531
302 2143
302 5099
303 14
303 20
303 531
303 608
304 14
304 19
304 531
304 1302
304 140
304 141
305 14
305 20
305 192
305 531
306 140
306 141
306 14
306 531
307 14
307 19
307 531
307 1302
308 20
308 1389
308 14
308 531
308 986
309 185
309 174
309 68
309 3107
309 3687
309 1968
309 14
309 531
310 530
310 14
310 531
310 1341
311 14
311 531
311 1410
311 3265
311 440
311 441
311 3128
311 2066
312 14
312 145
312 531
312 1286
312 1985
312 2166
312 2305
312 2540
312 2638
312 2793
313 14
313 19
313 531
313 1302
314 14
314 19
314 531
314 1302
315 14
315 530
315 531
315 607
315 1389
316 1107
316 530
316 14
316 531
317 124
317 939
317 939
317 14
317 531
318 868
318 868
318 14
318 531
319 1928
319 14
319 531
319 168
320 1227
320 436
320 14
320 531
320 20
321 14
321 531
321 2377
322 606
322 1281
322 606
322 14
322 531
323 2571
323 14
323 531
323 2171
324 98
324 14
324 531
324 4321
325 14
325 140
325 141
325 531
326 23
326 915
326 915
326 14
326 531
327 3787
327 140
327 141
327 1586
327 14
327 531
328 1340
328 14
328 531
328 140
328 141
328 5849
329 14
329 531
329 5631
329 20
329 140
329 141
329 1596
330 2924
330 2924
330 20
330 14
330 531
331 502
331 1954
331 2537
331 14
331 531
332 5127
332 14
332 531
332 542
333 606
333 140
333 141
333 14
333 531
334 14
334 14
334 531
334 531
334 192
335 14
335 14
335 531
335 531
336 1679
336 1836
336 1500
336 2709
336 1500
336 1500
336 1500
336 14
336 531
336 4345
336 606
336 4298
336 141
336 140
337 140
337 141
337 1107
337 14
337 531
337 1054
338 530
338 14
338 531
338 1148
339 14
339 531
339 906
339 906
340 14
340 14
340 531
340 531
341 1107
341 1107
341 1107
341 14
341 14
341 531
341 531
342 14
342 531
342 1500
342 2709
343 14
343 14
343 14
343 531
343 531
343 531
343 3397
344 14
344 14
344 14
344 531
344 531
344 531
345 580
345 2897
345 264
345 14
345 531
346 14
346 14
346 531
346 531
347 2010
347 258
347 14
347 14
347 14
347 14
347 14
347 14
347 531
347 531
347 531
347 531
347 531
347 531
347 606
347 1107
347 5358
348 14
348 531
348 906
348 906
349 14
349 140
349 141
349 258
349 531
350 14
350 531
350 1583
350 4367
351 19
351 258
351 1302
351 4982
352 19
352 1302
352 4603
352 750
352 3023
353 19
353 121
353 920
353 920
353 1302
354 140
354 141
354 19
354 1302
355 14
355 531
355 1019
355 1019
356 14
356 531
356 915
356 915
357 606
357 1107
357 14
357 19
357 531
357 1302
357 3383
357 20
358 945
358 945
358 4377
358 14
358 14
358 531
358 531
359 5336
359 4004
359 3449
359 1612
359 4355
359 837
359 837
359 19
359 1302
359 432
359 5049
360 20
360 19
360 1302
360 607
361 14
361 14
361 531
361 531
361 1583
362 565
362 14
362 14
362 531
362 531
363 14
363 14
363 531
363 531
364 19
364 1107
364 1302
364 1389
364 21
364 1650
365 14
365 14
365 14
365 531
365 531
365 531
366 1044
366 1044
366 14
366 531
367 14
367 531
367 21
367 527
368 14
368 19
368 531
368 1302
369 1184
369 14
369 531
369 19
369 1302
370 1045
370 1045
370 19
370 1302
371 504
371 1389
371 2417
371 183
371 14
371 531
371 14
371 531
372 1127
372 14
372 531
372 2596
373 14
373 531
373 1054
373 14
373 531
374 241
374 19
374 20
374 1054
374 1107
374 1302
375 14
375 531
375 1019
375 1019
376 20
376 192
376 19
376 530
376 1054
376 1302
377 1071
377 14
377 14
377 531
377 531
378 19
378 1302
378 1219
378 2
378 3448
379 1838
379 591
379 19
379 140
379 141
379 1302
380 19
380 1302
380 3023
380 3945
380 3946
380 1389
381 314
381 14
381 14
381 531
381 531
382 530
382 14
382 531
382 4425
383 14
383 531
383 974
383 974
384 19
384 1302
384 3944
384 3822
385 1764
385 199
385 19
385 1302
386 899
386 899
386 891
386 891
386 240
386 19
386 1302
387 14
387 531
387 1019
387 1019
388 14
388 531
388 14
388 531
389 142
389 542
389 543
389 1500
389 1500
389 1500
389 1500
389 1500
389 19
389 1302
390 1032
390 1032
390 5695
390 14
390 531
391 14
391 531
391 606
391 1807
391 3972
391 3899
391 4108
391 4722
391 5243
391 2701
391 3425
391 447
391 2423
391 4479
392 14
392 531
392 1977
392 2322
392 2378
392 4355
393 1221
393 1227
393 168
393 163
393 14
393 531
393 3200
394 14
394 531
394 19
394 1302
395 1288
395 4933
395 19
395 1302
396 2763
396 3147
396 19
396 1302
397 1527
397 140
397 141
397 19
397 1302
397 6129
398 14
398 14
398 531
398 531
399 1757
399 14
399 14
399 531
399 531
400 14
400 14
400 531
400 531
401 14
401 531
401 945
401 945
401 4377
401 21
402 14
402 14
402 531
402 531
403 14
403 14
403 531
403 531
403 1800
404 575
404 3715
404 19
404 1302
405 14
405 14
405 531
405 531
406 19
406 140
406 141
406 1302
407 20
407 606
407 140
407 141
408 14
408 19
408 19
408 19
408 531
408 1302
408 1302
408 1302
408 1389
409 140
409 141
409 19
409 1302
409 4445
410 14
410 531
410 14
410 531
411 3389
411 14
411 19
411 531
411 1107
411 1302
412 19
412 1650
412 1726
413 19
413 844
413 844
413 1302
414 19
414 1302
414 98
415 2669
415 1256
415 1253
415 14
415 531
416 14
416 14
416 531
416 531
416 863
416 863
417 145
417 1286
417 1985
417 2166
417 2305
417 2540
417 2638
417 2793
417 14
417 531
418 606
418 1467
418 714
418 606
418 19
418 1302
418 2880
419 192
419 192
419 19
419 1302
420 19
420 19
420 1302
420 1302
421 504
421 14
421 531
421 1857
422 14
422 14
422 531
422 531
423 3900
423 4217
423 785
423 785
423 3684
423 1500
423 1679
423 1836
423 1679
423 1836
423 2709
423 4216
423 14
423 531
423 3388
423 1767
423 4335
424 2050
424 1104
424 20
424 1679
424 1836
425 254
425 254
425 1445
425 1456
425 1978
425 1142
425 3097
425 1979
425 2109
425 140
425 141
425 14
425 531
425 3767
426 14
426 140
426 141
426 531
427 3518
427 14
427 531
427 2533
427 4328
427 1810
428 3035
428 169
428 1083
428 2281
428 20
429 14
429 14
429 531
429 531
430 2026
430 14
430 531
430 14
430 531
431 19
431 1302
431 1839
431 4416
432 1344
432 19
432 1302
432 2937
432 219
433 14
433 531
433 14
433 531
433 14
433 531
434 14
434 306
434 531
434 3414
435 14
435 531
435 2479
435 140
435 141
435 2139
436 1331
436 3573
436 5607
436 20
436 192
437 314
437 2889
437 14
437 531
437 1583
438 124
438 1844
438 63
438 70
438 20
439 653
439 3541
439 14
439 531
440 19
440 1302
440 19
440 1302
441 19
441 608
441 1107
441 1302
441 2412
441 4610
441 1740
441 527
442 80
442 19
442 1302
442 4271
442 3503
443 19
443 19
443 1302
443 1302
444 19
444 145
444 1286
444 1302
444 1985
444 2166
444 2305
444 2540
444 2638
444 2793
445 597
445 1045
445 1045
445 19
445 1302
445 2507
446 14
446 531
446 3265
446 3267
447 14
447 20
447 531
447 3106
448 532
448 1107
448 19
448 1302
449 190
449 1342
449 3922
449 2269
449 2575
449 364
449 192
449 2364
449 2267
449 3213
449 20
449 606
450 19
450 19
450 1302
450 1302
450 3822
451 888
451 888
451 14
451 531
452 2985
452 19
452 1302
452 3969
452 140
452 141
453 20
453 140
453 141
453 4699
454 1500
454 1527
454 5467
454 19
454 1302
454 2734
454 1679
454 1836
454 2537
454 1216
454 3491
455 14
455 98
455 531
455 5089
455 1641
455 3104
456 14
456 192
456 531
456 1107
457 19
457 1302
457 1500
457 2709
458 19
458 1302
458 606
458 3139
459 20
459 192
459 530
459 2253
460 14
460 531
460 2547
461 19
461 19
461 1302
461 1302
461 2709
462 1679
462 1836
462 1500
462 19
462 19
462 1302
462 1302
462 606
462 4216
462 5941
462 4481
463 2416
463 19
463 1302
463 5618
464 4878
464 1721
464 19
464 1302
464 1743
465 14
465 14
465 14
465 531
465 531
465 531
466 14
466 531
466 975
466 975
467 14
467 531
467 14
467 531
468 14
468 14
468 531
468 531
469 19
469 20
469 1302
469 2010
470 19
470 1302
470 192
470 226
471 19
471 1302
471 1344
471 2339
472 522
472 20
472 192
472 2924
472 1045
472 1045
473 14
473 14
473 532
473 531
473 531
474 14
474 531
474 1028
474 1028
475 2023
475 14
475 531
475 815
475 815
476 20
476 14
476 531
476 3174
477 14
477 14
477 531
477 531
478 14
478 140
478 141
478 531
479 19
479 1302
479 53
479 64
479 2852
479 864
479 864
480 1512
480 2161
480 4356
480 1017
480 1017
480 1642
480 14
480 531
480 192
481 14
481 531
481 916
481 916
482 19
482 1302
482 1740
482 1921
482 1946
483 19
483 22
483 1302
483 1054
484 20
484 608
484 4763
484 2253
484 606
484 606
485 14
485 531
485 1044
485 1044
486 1321
486 744
486 19
486 1302
487 14
487 14
487 531
487 531
488 20
488 2985
488 5400
488 140
488 141
489 144
489 641
489 140
489 141
489 640
489 1445
489 14
489 531
490 14
490 14
490 531
490 531
490 1019
490 1019
491 4035
491 14
491 531
491 945
491 945
491 4377
491 3730
492 2182
492 3430
492 20
492 1937
492 3266
493 718
493 20
493 165
493 722
494 1550
494 19
494 1302
494 1925
494 272
494 1831
494 2504
494 311
494 3020
494 3773
494 3282
495 659
495 19
495 1302
496 14
496 531
496 927
496 927
496 4764
497 3064
497 14
497 531
498 14
498 14
498 531
498 531
498 1107
498 2377
499 1527
499 2507
499 14
499 531
500 19
500 589
500 1302
500 1389
500 1383
501 20
501 945
501 945
501 4377
501 4425
502 14
502 14
502 531
502 531
502 1107
503 14
503 531
503 1040
503 1040
504 14
504 531
504 606
504 2734
505 14
505 531
505 815
505 815
505 2656
506 528
506 20
506 532
506 542
506 1172
507 806
507 806
507 20
507 192
507 1890
507 3440
507 3912
507 4313
508 14
508 268
508 531
508 2709
509 1523
509 14
509 531
509 1107
510 20
510 192
510 192
510 606
510 606
511 4366
511 14
511 531
511 4137
512 14
512 162
512 531
512 14
512 531
513 14
513 14
513 14
513 531
513 531
513 531
514 20
514 546
514 2348
514 6036
515 533
515 14
515 531
515 1810
516 14
516 14
516 531
516 531
517 240
517 14
517 531
517 3375
517 3421
517 5592
518 3007
518 14
518 531
518 2733
519 14
519 14
519 531
519 531
519 5061
520 1583
520 14
520 531
520 606
521 166
521 718
521 14
521 531
521 785
521 785
522 1500
522 2709
522 606
522 1500
522 14
522 531
522 1500
522 3777
523 1325
523 945
523 945
523 945
523 945
523 4377
523 2857
523 945
523 945
523 20
523 145
523 1286
523 1985
523 2166
523 2305
523 2540
523 2638
523 2793
523 2032
523 3285
523 3943
523 3943
524 14
524 14
524 531
524 531
524 606
524 6024
524 2295
525 20
525 76
525 1632
525 192
525 1326
526 14
526 14
526 531
526 531
527 20
527 1721
527 20
527 1389
528 20
528 606
528 140
528 141
528 3969
529 14
529 531
529 542
529 606
530 14
530 531
530 1107
530 533
531 76
531 2483
531 3085
531 5234
531 14
531 531
532 606
532 14
532 531
532 5990
533 79
533 1064
533 14
533 531
534 20
534 121
534 920
534 920
535 192
535 723
535 1197
535 1954
535 529
535 20
535 4778
535 2836
535 1487
535 1786
535 2073
535 2151
535 2461
535 1924
535 622
535 1455
535 1516
535 530
535 3725
535 560
535 625
535 3914
535 5077
535 4442
535 3282
535 2516
535 3086
535 3390
535 5498
535 3108
535 2029
535 1865
535 6066
535 3579
535 3485
535 4005
535 4228
535 4231
535 2938
535 6002
535 1032
535 1032
535 447
535 2423
535 731
535 1032
535 1032
535 5949
535 2885
535 4398
535 3157
535 2289
535 2776
535 2358
535 4128
535 1312
535 3013
535 484
535 559
536 39
536 407
536 2850
536 14
536 531
537 1289
537 14
537 14
537 531
537 531
538 14
538 531
538 606
538 2157
539 2161
539 1384
539 14
539 531
540 14
540 14
540 531
540 531
540 1389
541 530
541 192
541 14
541 531
542 14
542 145
542 531
542 1286
542 1985
542 2166
542 2305
542 2540
542 2638
542 2793
543 2897
543 14
543 531
543 606
544 145
544 1286
544 1985
544 2166
544 2305
544 2540
544 2638
544 2793
544 14
544 531
545 527
545 14
545 528
545 531
546 14
546 531
546 14
546 531
547 20
547 192
547 14
547 531
548 606
548 1092
548 14
548 531
549 2212
549 14
549 531
549 2957
550 14
550 250
550 531
550 1056
550 1965
551 4401
551 14
551 531
551 4700
552 14
552 531
552 947
552 947
553 947
553 947
553 14
553 531
554 14
554 531
554 1036
554 1036
554 2496
555 20
555 1480
555 2113
555 558
555 241
556 20
556 459
556 1227
556 1227
556 3325
556 3191
556 4173
557 20
557 1036
557 1036
557 2496
558 607
558 14
558 531
558 14
558 531
559 388
559 5920
559 14
559 14
559 531
559 531
559 2004
559 1993
560 1679
560 1836
560 142
560 20
560 192
560 607
561 1148
561 20
561 450
561 608
561 2881
562 20
562 607
562 140
562 141
562 591
563 20
563 20
563 2012
563 2161
563 4490
564 14
564 531
564 1107
564 1107
564 2521
565 14
565 531
565 3112
565 3111
566 1389
566 20
566 20
566 606
566 606
566 606
567 530
567 945
567 945
567 2145
567 20
567 606
567 145
567 1286
567 1985
567 2166
567 2305
567 2540
567 2638
567 2793
567 589
567 672
567 1071
567 1148
568 14
568 531
568 915
568 915
568 3729
568 543
568 1612
568 3822
568 447
568 2423
568 2938
568 1148
569 20
569 274
569 857
569 857
569 3463
570 14
570 531
570 1340
570 1748
571 14
571 531
571 14
571 531
572 14
572 14
572 531
572 531
573 20
573 20
573 1136
573 945
573 945
573 4377
573 1480
573 2041
573 2737
573 2090
574 14
574 14
574 14
574 192
574 531
574 531
574 531
574 1107
575 20
575 145
575 145
575 1286
575 1286
575 1985
575 1985
575 2166
575 2166
575 2305
575 2305
575 2540
575 2540
575 2638
575 2638
575 2793
575 2793
575 606
576 20
576 848
576 848
576 849
576 849
576 2790
577 1737
577 4959
577 1019
577 1019
577 21
577 1904
577 4319
577 3601
577 4012
577 5963
578 797
578 797
578 2880
578 1406
578 2198
578 2070
578 2198
578 3018
578 3018
578 1222
578 1917
578 5382
578 5316
578 549
578 697
578 2351
578 2889
578 2965
578 4630
578 700
578 4353
578 719
578 722
578 2369
578 1359
578 1533
578 4676
578 714
578 1231
578 4366
578 351
578 1001
578 1001
578 1197
578 1698
578 4363
578 5524
578 1362
578 3950
578 2100
578 2764
578 2271
578 3994
578 1509
578 1328
578 869
578 263
578 2551
578 3333
578 2736
578 995
578 3219
578 6007
578 5055
578 779
578 1138
578 23
578 3463
578 5035
579 842
579 842
579 3780
579 2225
579 3025
579 3739
579 4289
579 4434
579 4331
579 4291
579 2997
579 3266
579 2358
579 861
579 23
580 2768
580 3133
580 84
580 1638
580 4031
580 5800
580 733
580 4471
580 4209
580 1005
580 1005
580 23
580 3266
580 3463
580 1493
580 4432
580 4451
580 4128
581 65
581 3266
581 1493
581 4197
581 23
581 4017
582 23
582 98
582 893
582 893
582 4211
583 3133
583 2768
583 2856
583 2147
583 2037
583 4471
583 4411
583 3083
583 2936
583 23
584 1971
584 3312
584 3065
584 3398
584 3311
584 265
584 3794
584 3796
584 564
584 2997
584 2547
584 3108
584 4289
584 23
584 3083
584 3463
585 2139
585 23
585 213
585 2046
585 1469
585 6079
585 1019
585 1019
585 315
586 771
586 771
586 3442
586 3387
586 3291
586 1842
586 3711
586 2073
586 4149
586 4148
586 3798
586 3083
586 3266
586 23
586 447
586 4157
586 4190
587 195
587 3725
587 3773
587 3469
587 3451
587 98
587 23
587 2436
587 1493
587 3083
588 2182
588 3319
588 3852
588 2980
588 84
588 23
589 4441
589 96
589 2165
589 4103
589 447
589 4196
589 23
589 3463
589 3463
589 3463
589 3463
589 3083
589 2982
590 3122
590 2155
590 1493
590 23
591 2005
591 664
591 1911
591 216
591 3746
591 3882
591 4154
591 3695
591 4000
591 4434
591 3251
591 3610
591 3266
591 3941
591 23
591 439
591 4128
591 4348
592 2955
592 2914
592 3400
592 3640
592 2746
592 216
592 3571
592 3888
592 5800
592 3739
592 4149
592 2933
592 1005
592 1005
592 4037
592 2994
592 23
592 1493
592 4244
593 3795
593 733
593 4076
593 23
594 1480
594 3151
594 1493
594 3266
594 23
594 1597
594 1177
595 832
595 832
595 3315
595 3685
595 290
595 4047
595 1655
595 3908
595 269
595 23
595 4115
596 1919
596 1098
596 1476
596 3469
596 619
596 4237
596 1292
596 1493
596 23
597 2112
597 1052
597 3540
597 3723
597 4236
597 4241
597 2933
597 1021
597 1021
597 446
597 4414
597 3463
597 3266
597 3083
597 98
597 3083
597 3463
597 730
597 23
597 4466
597 4063
597 4157
598 1292
598 4432
598 2489
598 2606
598 3083
598 23
598 3266
598 2885
598 2376
598 3738
599 2090
599 3180
599 2349
599 1098
599 3665
599 3750
599 4194
599 3325
599 3151
599 23
599 4211
600 2060
600 2139
600 2139
600 2181
600 3192
600 2627
600 3393
600 2701
600 1196
600 3491
600 2664
600 3481
600 1613
600 425
600 1367
600 3040
600 3142
600 2547
600 3680
600 2635
600 2336
600 2318
600 3683
600 1226
600 4135
600 3775
600 125
600 1052
600 1852
600 3196
600 3073
600 4266
600 4267
600 4255
600 2469
600 4043
600 2378
600 177
600 4167
600 4233
600 1387
600 3526
600 4373
600 3984
600 140
600 140
600 141
600 141
600 3282
600 6080
600 4274
600 2854
600 4308
600 4307
600 4378
600 2516
600 4016
600 4273
600 4474
600 3998
600 1467
600 4355
600 6015
600 2655
600 2927
600 958
600 958
600 2322
600 2747
600 5996
600 4419
600 4206
600 4036
600 4396
600 3427
600 3426
600 4133
600 1395
600 2155
600 3970
600 2994
600 84
600 4455
600 1342
600 2544
600 3463
600 3149
600 23
600 23
600 3083
600 3266
600 3427
600 4327
600 733
600 3055
600 4228
600 3978
600 4330
600 4446
600 4411
600 4414
601 4422
601 1848
601 3772
601 4434
601 4331
601 3083
601 3083
601 23
601 3176
601 3468
601 1523
601 2544
601 23
601 3266
602 1924
602 2018
602 835
602 835
602 2154
602 65
602 832
602 832
602 2181
602 2428
602 2908
602 2952
602 1800
602 2217
602 1476
602 4267
602 4194
602 4069
602 4358
602 3024
602 3984
602 3025
602 3086
602 4000
602 4304
602 966
602 966
602 958
602 958
602 4419
602 2994
602 2934
602 23
602 3266
602 23
602 4347
603 1953
603 842
603 842
603 3203
603 3455
603 3681
603 3876
603 2684
603 3575
603 4316
603 3325
603 4384
603 23
603 23
603 1208
603 3463
603 3083
603 2861
603 4157
603 861
603 98
603 361
604 2018
604 2058
604 3746
604 4087
604 1570
604 4413
604 2936
604 3066
604 4204
604 4300
604 3266
604 23
604 4300
605 2005
605 1386
605 2153
605 392
605 2193
605 3681
605 3834
605 2289
605 3465
605 3665
605 5283
605 4236
605 2390
605 23
605 98
605 3273
605 3292
605 484
605 4281
605 3675
606 195
606 3574
606 56
606 625
606 3667
606 1841
606 1639
606 2958
606 3451
606 2750
606 3575
606 3739
606 4259
606 4207
606 4149
606 4460
606 4461
606 1296
606 4308
606 3998
606 4000
606 4364
606 1523
606 84
606 2641
606 2544
606 3808
606 4447
606 3128
606 735
606 98
606 2165
606 3266
606 3266
606 3266
606 3471
606 23
606 2543
607 171
607 1955
607 2153
607 2315
607 2251
607 2251
607 2181
607 3778
607 3649
607 4460
607 3083
607 23
608 3015
608 95
608 2542
608 3133
608 2593
608 3976
608 3575
608 3024
608 3577
608 4228
608 3426
608 1936
608 4330
608 3808
608 3427
608 23
608 2521
608 3463
608 3083
608 23
608 3266
608 4327
608 2021
608 1376
608 684
608 3978
608 4280
608 2392
608 1312
608 3981
608 4348
609 2112
609 3723
609 1615
609 2721
609 4316
609 3649
609 3753
609 4305
609 4208
609 3424
609 966
609 966
609 4421
609 2544
609 3179
609 1493
609 3470
609 23
609 23
609 98
609 893
609 893
609 3266
609 3273
610 4460
610 3426
610 2155
610 4228
610 2686
610 731
610 3173
610 2544
610 23
610 23
610 3463
610 23
610 3083
610 23
610 2356
610 1990
610 2543
610 4348
611 773
611 773
611 3465
611 625
611 1614
611 4267
611 3227
611 4149
611 4307
611 994
611 994
611 3426
611 3427
611 1292
611 3340
611 23
611 4327
611 3463
611 23
611 2997
611 3083
611 1376
612 2018
612 2428
612 3188
612 1794
612 3083
612 23
612 4479
613 4434
613 4330
613 23
613 4451
613 4063
613 1298
613 860
613 860
613 4244
613 3981
613 4128
613 3386
614 1941
614 2181
614 2908
614 1098
614 3119
614 3313
614 278
614 3430
614 4378
614 4112
614 4133
614 3907
614 3251
614 3610
614 3468
614 3083
614 23
614 3266
614 3463
614 4450
614 4460
614 1597
614 4375
615 1953
615 95
615 2787
615 2908
615 2587
615 3194
615 771
615 771
615 1210
615 772
615 772
615 461
615 3290
615 3852
615 3122
615 4376
615 2516
615 3108
615 3266
615 4211
615 98
615 3083
615 3470
615 3463
615 23
615 4291
615 2997
615 1717
615 1326
615 3304
616 3571
616 564
616 3683
616 3291
616 3976
616 2170
616 4078
616 2980
616 3769
616 1842
616 4265
616 4172
616 3555
616 4233
616 4306
616 4378
616 4273
616 2547
616 3424
616 4187
616 3294
616 3970
616 3250
616 905
616 905
616 3266
616 23
616 1493
616 4451
616 4280
616 3013
617 4386
617 4455
617 524
617 4447
617 3463
617 23
617 3083
617 96
617 4277
617 3151
617 859
617 859
617 2819
617 4346
618 3203
618 2915
618 3491
618 773
618 773
618 2614
618 2767
618 4054
618 3992
618 3451
618 4267
618 3695
618 4256
618 4161
618 4455
618 23
618 3463
618 4300
619 3514
619 3508
619 1523
619 4414
619 3020
619 1371
619 1493
619 3266
619 23
619 3083
619 3463
619 2861
619 98
619 1298
619 2543
620 2725
620 2996
620 3192
620 3404
620 3400
620 2427
620 3279
620 3155
620 1164
620 2664
620 3314
620 3323
620 3495
620 3504
620 3794
620 3959
620 3852
620 3960
620 1655
620 3571
620 3876
620 2492
620 3291
620 3976
620 3683
620 564
620 84
620 2165
620 3769
620 4154
620 1401
620 5456
620 3011
620 4474
620 4304
620 3108
620 3998
620 1855
620 4421
620 4420
620 3875
620 4419
620 4364
620 4418
620 4440
620 3427
620 2935
620 3179
620 4384
620 3463
620 3463
620 3463
620 3463
620 3464
620 3266
620 3266
620 3083
620 3083
620 3083
620 3083
620 1493
620 23
620 4452
620 2997
620 1597
620 5523
621 835
621 835
621 3574
621 3597
621 3722
621 2492
621 860
621 860
621 3817
621 2972
621 2037
621 3293
621 23
622 842
622 842
622 3514
622 2614
622 611
622 4389
622 23
623 2925
623 3108
623 4421
623 3055
623 4330
623 3798
623 4204
623 1342
623 3922
623 730
623 23
623 3083
623 4327
623 4103
623 4063
623 2728
623 2376
624 3324
624 3195
624 1655
624 3771
624 3751
624 4442
624 1296
624 4208
624 84
624 2936
624 582
624 1936
624 3179
624 1292
624 3467
624 4384
624 23
624 3266
624 861
624 6089
624 1717
625 1953
625 1386
625 740
625 1354
625 272
625 2952
625 2182
625 1795
625 3324
625 3491
625 3237
625 3746
625 3691
625 625
625 3751
625 733
625 4218
625 1387
625 4461
625 3427
625 3340
625 23
625 1493
625 3083
625 3266
625 3467
625 3190
625 4157
625 4190
626 3739
626 4386
626 3055
626 23
626 3083
626 3463
626 1493
627 2787
627 2587
627 3194
627 3782
627 3324
627 3321
627 3323
627 2518
627 2746
627 3923
627 3960
627 1655
627 3773
627 3683
627 564
627 3882
627 2037
627 4259
627 4266
627 4265
627 4237
627 4255
627 4148
627 4461
627 4301
627 4474
627 2218
627 4420
627 4413
627 3251
627 4440
627 1292
627 2544
627 4475
627 23
627 3083
627 1493
627 3266
627 3463
627 4451
628 2492
628 3571
628 2274
628 2980
628 2336
628 4364
628 2937
628 4447
628 23
628 23
628 23
628 4347
629 4053
629 2997
629 3775
629 3880
629 2750
629 3424
629 4440
629 3921
629 3266
629 23
629 3338
629 4347
629 3675
630 3318
630 3321
630 3540
630 3279
630 3398
630 4047
630 1655
630 3571
630 2215
630 3683
630 564
630 3079
630 4163
630 3024
630 3108
630 994
630 994
630 4413
630 2935
630 4330
630 3149
630 1371
630 2214
630 3083
630 23
630 3266
630 3463
630 3966
630 3266
630 98
630 1493
630 4157
630 4190
630 2543
631 1493
631 1794
631 3315
631 1478
631 1082
631 2178
631 2593
631 3660
631 625
631 733
631 3451
631 5801
631 2022
631 3325
631 3024
631 3282
631 3025
631 1296
631 958
631 958
631 2029
631 3567
631 2390
631 3658
631 269
631 98
631 3083
631 3463
631 3470
631 23
631 3266
631 893
631 893
631 1177
631 859
631 1376
631 1312
631 3304
632 272
632 2484
632 3881
632 2280
632 1570
632 2933
632 4111
632 23
632 2543
633 2495
633 2184
633 272
633 3321
633 3750
633 625
633 4266
633 3024
633 4474
633 3998
633 1005
633 1005
633 1045
633 1045
633 3464
633 1493
633 3083
633 3463
633 23
633 2997
633 4282
633 1201
634 3921
634 23
634 893
634 893
634 4451
635 528
635 2799
635 2798
635 124
635 3491
635 3300
635 3685
635 3792
635 3959
635 3124
635 3997
635 4047
635 3167
635 1615
635 1614
635 3751
635 84
635 3469
635 3358
635 1615
635 1638
635 2880
635 4117
635 1841
635 2972
635 3451
635 4267
635 4207
635 4237
635 4302
635 4460
635 1296
635 4460
635 4461
635 4303
635 4304
635 3754
635 4401
635 4228
635 3427
635 5307
635 3055
635 2415
635 2641
635 1523
635 4231
635 2937
635 4331
635 2938
635 4252
635 4311
635 3020
635 1565
635 1292
635 2544
635 3921
635 3808
635 735
635 4384
635 625
635 4224
635 23
635 1493
635 23
635 3083
635 23
635 4479
635 860
635 860
635 1122
635 4244
636 842
636 842
636 2251
636 3015
636 2428
636 3780
636 3890
636 3880
636 3424
636 2934
636 98
636 3463
636 4211
636 3463
636 23
636 3966
636 2685
636 4205
636 1493
636 3083
636 1122
636 2738
636 4346
637 3266
637 23
637 23
637 3083
637 3083
637 1493
637 3463
637 1298
638 41
638 612
638 2112
638 1644
638 788
638 788
638 2180
638 2724
638 3784
638 3796
638 3466
638 1638
638 3739
638 994
638 3252
638 4384
638 23
638 4347
639 4267
639 4218
639 4311
639 2544
639 2235
639 23
639 1597
640 4116
640 1637
640 23
640 23
640 23
640 1493
640 3266
640 3649
641 4413
641 4386
641 4434
641 2994
641 4204
641 735
641 3251
641 2935
641 1493
641 3463
641 23
641 3266
641 23
641 3463
641 2982
641 2358
641 2376
641 4348
642 740
642 2154
642 65
642 835
642 835
642 3180
642 272
642 3192
642 2044
642 3314
642 3387
642 3397
642 3908
642 2685
642 4205
642 4446
642 3020
642 1493
642 98
642 98
642 23
642 3266
642 4103
642 2543
643 3188
643 3400
643 3326
643 3067
643 3491
643 278
643 5283
643 2147
643 2750
643 4358
643 4442
643 3984
643 4461
643 4308
643 4419
643 4411
643 2994
643 4389
643 2486
643 4331
643 582
643 3463
643 23
643 23
643 23
643 1419
643 1493
643 2214
644 3319
644 3300
644 1098
644 3119
644 3323
644 3237
644 3505
644 311
644 3124
644 3272
644 1227
644 4255
644 3982
644 3980
644 3555
644 3294
644 4311
644 3340
644 3179
644 23
644 98
644 3083
644 4460
644 1717
645 772
645 772
645 4084
645 4031
645 23
645 3524
646 692
646 1354
646 1164
646 3065
646 3398
646 1655
646 2492
646 564
646 3683
646 625
646 3291
646 84
646 2997
646 2880
646 3011
646 4442
646 3282
646 4301
646 1005
646 1005
646 4364
646 4460
646 1395
646 4361
646 2937
646 1292
646 1565
646 2544
646 3463
646 3266
646 23
646 3083
646 3468
646 1122
646 1326
647 186
647 194
647 404
647 2193
647 3797
647 958
647 958
647 3184
647 2544
647 2685
647 4205
647 3179
647 1637
647 3463
647 2458
647 2938
647 3083
647 23
647 3083
647 3266
647 3463
647 3468
647 1493
647 4291
647 3157
647 4157
647 2533
648 1210
648 3772
648 2936
648 1936
648 731
648 23
648 3083
648 23
648 3083
648 3083
648 3468
648 4452
648 913
648 3734
648 2543
649 1203
649 625
649 23
649 23
649 1493
649 1493
649 3266
649 3463
649 3977
649 3743
649 4124
650 4403
650 735
650 23
650 3463
650 23
650 3463
650 23
650 23
650 3083
650 23
650 913
651 3155
651 633
651 1955
651 2204
651 4054
651 1655
651 3128
651 4218
651 4474
651 4311
651 3251
651 3179
651 4115
651 733
651 23
651 3083
651 1493
651 3427
651 859
651 3978
651 4128
651 4348
652 23
652 3083
652 23
652 3083
652 3266
652 3463
652 23
652 4277
652 4103
652 4063
652 1298
652 861
652 3449
653 2005
653 2294
653 2664
653 3310
653 3337
653 2447
653 3959
653 3795
653 3852
653 3960
653 1203
653 3571
653 3876
653 1868
653 564
653 3683
653 3127
653 84
653 2072
653 4194
653 4163
653 3108
653 2155
653 3176
653 23
653 96
653 2606
654 1292
654 23
654 1493
654 98
655 3982
655 4460
655 4292
655 23
655 1493
655 2728
655 1584
656 166
656 1865
656 3711
656 3108
656 4036
656 4411
656 2934
656 2235
656 2936
656 3083
656 3083
656 23
656 23
656 4224
656 1208
656 4460
656 2982
657 1164
657 2225
657 1911
657 4069
657 4420
657 3577
657 3970
657 4434
657 4311
657 4441
657 4115
657 3179
657 1293
657 3020
657 1493
657 3083
657 1493
657 23
657 3083
657 3467
657 1208
657 3649
657 1177
657 861
657 861
657 4128
657 4281
658 1940
658 3722
658 2941
658 2350
658 3577
658 4112
658 4411
658 4228
658 3176
658 23
658 23
658 3015
659 2235
659 1955
659 3455
659 3793
659 311
659 3750
659 2935
659 3251
659 582
659 3463
659 23
659 23
659 1201
659 1540
659 4347
660 2112
660 1952
660 3680
660 3773
660 3450
660 3739
660 4163
660 3025
660 1855
660 4111
660 4455
660 4133
660 3250
660 1936
660 4447
660 3463
660 23
660 98
660 4452
660 4450
660 2885
660 4244
660 447
660 1312
661 2786
661 195
661 3188
661 2557
661 265
661 3722
661 3691
661 4055
661 3711
661 2979
661 3575
661 4378
661 1848
661 4460
661 4386
661 4455
661 319
661 3732
661 3921
661 4116
661 3940
661 98
661 4211
661 3083
661 3083
661 23
661 23
661 3266
661 3266
661 3266
661 3463
661 3463
661 3463
661 3738
661 2436
661 2543
662 2787
662 3721
662 3691
662 3463
662 3083
662 23
663 832
663 832
663 788
663 788
663 3491
663 2076
663 3290
663 1493
663 2634
663 3083
663 3463
663 23
663 2807
663 1157
664 2251
664 3188
664 1802
664 2557
664 461
664 3780
664 2941
664 4055
664 3126
664 3451
664 3664
664 4233
664 4474
664 4418
664 4421
664 4036
664 4364
664 3250
664 3658
664 3083
664 23
664 23
664 3083
665 1941
665 3318
665 4302
665 23
666 4432
666 735
666 98
666 23
666 1493
666 3266
666 23
666 23
666 23
666 893
666 893
666 2807
667 1955
667 835
667 835
667 3188
667 2952
667 5588
667 3834
667 3664
667 2390
667 2641
667 2235
667 914
667 914
667 2634
667 3266
667 23
667 3083
667 23
667 4450
667 2982
668 2193
668 426
668 4054
668 4288
668 4043
668 4358
668 2686
668 1292
668 23
668 23
668 1493
668 861
668 2982
668 1540
668 2876
669 2427
669 3377
669 311
669 4207
669 1493
669 23
669 23
669 3083
669 3083
669 2358
669 2436
670 3522
670 3723
670 2170
670 2547
670 3970
670 3908
670 23
670 3463
670 3470
671 1971
671 3574
671 3724
671 3773
671 4231
671 23
671 1493
671 1493
671 3083
671 3468
671 5544
671 4133
671 4347
672 3404
672 2318
672 3960
672 3291
672 1655
672 3020
672 3571
672 84
672 1848
672 4311
672 4331
672 4224
672 3610
672 4475
672 23
672 1493
672 23
672 3463
672 3463
672 2885
673 2627
673 3324
673 3311
673 265
673 1937
673 2165
673 617
673 4236
673 4273
673 4419
673 23
673 4152
674 1795
674 1799
674 3430
674 3358
674 5801
674 280
674 4422
674 3739
674 4330
674 23
674 4331
674 1298
674 4243
674 2543
674 1122
675 722
675 2544
675 3266
675 2165
675 23
675 3083
675 4346
676 2908
676 2966
676 3505
676 4259
676 2544
676 735
676 23
676 23
676 3083
676 3463
676 4466
676 3013
676 6092
677 2606
677 1637
677 3083
677 23
677 23
677 3083
678 4385
678 3426
678 2938
678 904
678 904
678 2935
678 1565
678 1371
678 735
678 23
678 3467
678 23
678 4465
678 2436
678 98
678 2021
678 3743
679 3723
679 3495
679 4087
679 3571
679 564
679 1401
679 3965
679 4161
679 4418
679 4419
679 3294
679 4361
679 4446
679 2489
679 23
679 23
679 1493
679 23
679 3083
679 4103
679 4291
679 1990
680 95
680 2057
680 278
680 2520
680 4255
680 4256
680 4310
680 4418
680 23
680 23
680 3468
680 439
680 1820
680 4348
681 3077
681 3321
681 772
681 772
681 1478
681 2366
681 3665
681 733
681 4115
681 23
681 1208
681 1376
682 1955
682 1503
682 692
682 65
682 1943
682 3133
682 2193
682 3311
682 3746
682 2520
682 1842
682 2972
682 3123
682 4259
682 3009
682 3011
682 4442
682 3227
682 3934
682 4307
682 2006
682 4304
682 1865
682 582
682 4384
682 1371
682 3083
682 23
682 3738
682 2392
683 773
683 773
683 3997
683 3837
683 2880
683 616
683 754
683 754
683 3011
683 4442
683 3024
683 4474
683 733
683 3055
683 2994
683 4389
683 4231
683 2544
683 582
683 3808
683 3149
683 4446
683 4475
683 4447
683 23
683 1687
683 559
684 3192
684 4236
684 23
684 3083
684 3083
684 5683
685 1276
685 1604
685 572
685 785
685 785
685 1729
685 3140
685 1045
685 1045
685 2079
685 3189
685 555
685 692
685 2059
685 2154
685 835
685 835
685 2787
685 2587
685 3194
685 683
685 3312
685 3067
685 1478
685 388
685 3310
685 2469
685 2447
685 773
685 773
685 3681
685 3596
685 3167
685 84
685 2980
685 1614
685 2880
685 3451
685 4256
685 2037
685 4267
685 2750
685 4161
685 4103
685 3282
685 3984
685 4306
685 2547
685 4474
685 1021
685 1021
685 994
685 994
685 4270
685 3772
685 1848
685 446
685 3426
685 2415
685 1395
685 1523
685 2641
685 4414
685 904
685 904
685 3250
685 3252
685 4441
685 1565
685 4446
685 3149
685 1342
685 3179
685 4447
685 4475
685 735
685 1292
685 23
685 23
685 3463
685 3463
685 3463
685 1208
685 3157
685 4017
685 4460
685 3649
685 3338
685 1126
685 2543
685 3981
685 4190
685 559
685 3386
685 3743
686 461
686 3122
686 2994
686 3463
686 23
686 3273
686 2738
687 2018
687 195
687 1919
687 2587
687 3194
687 3317
687 2882
687 1842
687 3079
687 2037
687 4293
687 23
687 3463
687 3471
687 1298
688 4089
688 5436
688 2635
688 4389
688 2586
688 4330
688 731
688 2544
688 4446
688 4447
688 3179
688 4432
688 3610
688 1493
688 2214
688 3083
688 3427
688 3463
688 3467
688 23
688 23
688 1493
688 23
688 4327
689 23
689 3957
689 3654
689 1326
689 3977
690 2938
690 4330
690 1523
690 2486
690 2634
690 1493
690 3266
690 23
690 3083
690 4076
690 98
690 1298
690 2727
690 1122
690 4280
690 3743
691 2484
691 2908
691 23
691 3266
691 3958
692 1488
692 3400
692 3312
692 3514
692 1668
692 56
692 4078
692 3450
692 1563
692 626
692 1021
692 1021
692 2218
692 4037
692 625
692 4389
692 2544
692 2935
692 4432
692 735
692 2165
692 23
692 23
692 98
692 98
692 98
692 1493
692 3083
692 3266
692 3266
692 3463
692 3463
692 4211
692 3877
692 2543
692 6091
692 2533
692 3013
693 2002
693 2003
693 2455
693 4109
693 1741
693 2133
693 5723
693 5725
693 3427
693 4434
693 2235
693 2486
693 2544
693 2935
693 3176
693 1342
693 3922
693 735
693 914
693 914
693 730
693 625
693 3266
693 2165
693 23
693 3083
693 23
693 3463
693 893
693 893
693 23
693 23
693 23
693 3083
693 23
693 23
693 2997
693 3649
693 861
693 861
693 860
693 860
693 1717
693 859
693 859
693 3654
693 1990
693 733
693 4375
693 4347
693 4348
694 428
694 2113
694 833
694 833
694 1184
694 1623
694 631
694 832
694 832
694 2768
694 3133
694 1189
694 2955
694 3685
694 3213
694 3290
694 1197
694 3796
694 3797
694 3784
694 3876
694 1868
694 4055
694 2954
694 3773
694 3683
694 285
694 626
694 2953
694 84
694 3291
694 3450
694 81
694 3049
694 617
694 4267
694 4159
694 4043
694 4240
694 4316
694 3980
694 3108
694 3294
694 2218
694 4460
694 4456
694 3426
694 3427
694 1565
694 730
694 3266
694 3463
694 3463
694 23
694 4277
694 4465
694 4076
694 913
694 913
694 4291
695 1644
695 3404
695 3311
695 4047
695 2170
695 2520
695 4159
695 3998
695 4000
695 4460
695 4403
695 1395
695 3907
695 2936
695 2544
695 730
695 3471
695 23
695 23
695 23
695 23
695 3083
695 3463
695 893
695 893
695 98
695 23
695 1493
695 4152
695 4346
695 4347
696 2883
696 3404
696 2544
696 23
696 23
696 3083
696 3463
696 23
696 23
696 3463
696 3468
696 733
696 559
697 2355
697 4358
697 4036
697 3907
697 4204
697 3083
697 23
698 2542
698 3315
698 2289
698 3272
698 3358
698 4255
698 4043
698 4306
698 4460
698 1848
698 4386
698 4361
698 3066
698 2544
698 2214
698 23
698 893
698 893
698 4466
698 2982
698 2543
698 1122
698 4346
699 3320
699 3522
699 3323
699 3310
699 426
699 3680
699 3465
699 3128
699 625
699 3751
699 2880
699 3122
699 3575
699 3012
699 3009
699 4233
699 3086
699 4364
699 4455
699 4414
699 2155
699 2935
699 2685
699 4205
699 4447
699 1371
699 3083
699 3083
699 23
699 4327
699 4450
699 2982
699 559
699 1298
699 2727
700 1644
700 2484
700 2627
700 3441
700 3481
700 1937
700 3167
700 2458
700 2935
700 4311
700 2934
700 2937
700 2935
700 2938
700 3066
700 3340
700 3176
700 4440
700 3020
700 2936
700 904
700 904
700 4331
700 3173
700 3250
700 3251
700 2935
700 3658
700 3252
700 3610
700 3464
700 23
700 98
700 1293
700 3273
701 3969
701 1848
701 4460
701 4414
701 904
701 904
701 4311
701 4331
701 4330
701 3252
701 4166
701 4204
701 1292
701 625
701 23
701 98
701 1493
701 3083
701 3083
701 3463
701 4466
701 3877
702 3015
702 842
702 842
702 194
702 1795
702 3540
702 3323
702 2746
702 3495
702 2886
702 3272
702 3667
702 3358
702 625
702 4194
702 3982
702 4069
702 4043
702 3555
702 3227
702 4460
702 4460
702 4304
702 4460
702 84
702 3066
702 3252
702 3610
702 733
702 3266
702 3471
702 23
702 98
702 4277
702 3292
702 4152
702 3338
702 2543
702 4347
703 1386
703 1644
703 3027
703 3522
703 3142
703 2177
703 3294
703 2218
703 23
703 3273
703 3292
703 1122
704 3040
704 1082
704 3337
704 3725
704 2593
704 3660
704 1865
704 1655
704 3571
704 2894
704 3665
704 3724
704 3664
704 269
704 23
704 4076
704 4348
704 3304
705 107
705 3123
705 3009
705 3011
705 3251
705 23
705 559
706 2571
706 3685
706 23
706 2458
706 3083
706 3083
706 3083
706 3266
706 23
706 3808
706 735
707 3180
707 2587
707 3194
707 2915
707 3323
707 773
707 773
707 3358
707 1841
707 3009
707 4442
707 4426
707 4461
707 4460
707 4304
707 1848
707 4460
707 733
707 3772
707 4228
707 2937
707 625
707 3463
707 4211
707 2634
707 3083
707 893
707 893
707 23
707 23
707 4281
707 4280
707 4346
708 2428
708 3596
708 3769
708 4117
708 23
708 4451
709 400
709 1276
709 933
709 933
709 504
709 171
709 1831
709 525
709 1437
709 819
709 819
709 171
709 525
709 1855
709 543
709 2295
709 1259
709 1071
709 2913
709 1634
709 1688
709 2112
709 1224
709 1467
709 94
709 180
709 443
709 2428
709 5266
709 1952
709 2883
709 3318
709 1794
709 3312
709 2427
709 2727
709 664
709 216
709 3597
709 3825
709 3827
709 3795
709 311
709 1868
709 860
709 860
709 3465
709 3750
709 3469
709 3751
709 2147
709 2716
709 733
709 1842
709 631
709 4259
709 4207
709 3756
709 3325
709 3649
709 2022
709 3227
709 3980
709 3984
709 3282
709 4303
709 3086
709 4302
709 4305
709 4301
709 4308
709 2516
709 4474
709 4000
709 2014
709 1523
709 2415
709 84
709 2641
709 2155
709 3970
709 2544
709 2235
709 3658
709 4441
709 4447
709 1292
709 23
709 23
709 1493
709 2634
709 3266
709 3427
709 4384
709 4465
709 3958
709 4466
709 913
709 913
709 3734
709 3624
709 3292
709 3449
709 3981
709 4281
710 3067
710 2664
710 3722
710 3469
710 2170
710 4154
710 4288
710 4161
710 4316
710 4426
710 4209
710 2218
710 446
710 2937
710 2544
710 1523
710 4447
710 23
710 3463
710 4076
710 2543
711 1558
711 4806
711 1197
711 1098
711 1342
711 1393
711 2235
711 74
711 2297
711 1953
711 1354
711 2627
711 1802
711 2768
711 3133
711 1795
711 3312
711 3491
711 3320
711 1052
711 3441
711 2289
711 625
711 4077
711 1615
711 3451
711 2431
711 3011
711 4376
711 4306
711 3998
711 4000
711 4474
711 3754
711 994
711 994
711 1021
711 1021
711 446
711 3137
711 2415
711 84
711 2486
711 96
711 730
711 1419
711 2606
711 4300
711 3020
711 98
711 3266
711 23
711 4103
711 4197
711 3734
711 4300
711 1298
711 1717
711 4128
711 3386
712 2966
712 3751
712 4293
712 4460
712 3918
712 733
712 3739
712 4456
712 2686
712 904
712 904
712 1523
712 4432
712 4114
712 3463
712 3470
712 23
712 4451
712 2376
713 497
713 2966
713 4154
713 4036
713 23
713 861
713 861
714 829
714 829
714 2366
714 2941
714 5801
714 4422
714 1293
714 3463
714 3463
714 23
714 1493
714 23
714 23
714 3083
714 3083
714 2543
714 3743
715 186
715 2182
715 3312
715 3311
715 4117
715 3769
715 3575
715 4273
715 3294
715 1565
715 3463
715 23
715 23
715 23
715 3463
715 1493
715 3083
715 3266
715 3470
715 4211
715 98
715 98
715 4244
716 3571
716 3683
716 3575
716 3982
716 4331
716 4447
716 3989
716 3266
716 23
716 23
716 23
716 23
716 3083
716 3463
716 3471
716 893
716 893
716 913
716 1687
717 3203
717 2593
717 3660
717 2215
717 2743
717 2880
717 4103
717 4148
717 3086
717 4426
717 4000
717 3772
717 2938
717 2544
717 1493
717 2214
717 23
717 3266
717 4103
717 4465
717 2358
717 1298
717 3814
717 2436
717 3304
718 187
718 3015
718 3119
718 3568
718 3313
718 3505
718 311
718 1614
718 3575
718 3980
718 3282
718 3184
718 3463
718 23
718 447
718 4196
718 2436
719 3426
719 4311
719 3083
719 23
719 3463
720 1802
720 2289
720 3020
720 1615
720 2037
720 4310
720 1021
720 1021
720 1865
720 4460
720 3427
720 4405
720 2458
720 4297
720 3463
720 1493
720 3463
720 23
720 3266
720 3083
720 4277
720 913
720 913
720 2728
721 2935
721 4331
721 1936
721 2165
721 1493
721 3463
721 3471
721 23
721 3083
721 3083
721 4450
721 4157
721 4348
722 476
722 2008
722 436
722 1634
722 556
722 1198
722 1831
722 2883
722 3320
722 3310
722 2357
722 3685
722 3778
722 3504
722 3020
722 3291
722 1842
722 2749
722 4218
722 3980
722 4460
722 4385
722 582
722 1342
722 3922
722 730
722 23
722 3463
722 2885
722 479
722 4247
723 186
723 2427
723 23
723 4017
723 3273
724 4396
724 4292
724 2544
724 98
724 23
724 733
724 3743
724 4348
725 1953
725 2154
725 3192
725 2915
725 2557
725 1210
725 2419
725 4014
725 2492
725 4077
725 2520
725 4256
725 3325
725 1387
725 2547
725 3998
725 3108
725 4471
725 958
725 958
725 1021
725 1021
725 966
725 966
725 4192
725 4419
725 4036
725 1395
725 4289
725 904
725 904
725 4330
725 3020
725 1371
725 1565
725 96
725 23
725 730
725 3083
725 98
725 559
725 2982
725 3649
725 2543
725 361
725 1717
725 3304
725 4282
726 3316
726 3568
726 1911
726 1655
726 1937
726 3751
726 2470
726 617
726 3575
726 4256
726 4259
726 4043
726 4148
726 2933
726 4306
726 4426
726 2655
726 1005
726 1005
726 4413
726 2415
726 2544
726 582
726 1523
726 730
726 3463
726 23
726 23
726 23
726 23
726 23
726 23
726 1493
726 2165
726 98
726 1493
726 3083
726 3083
726 2997
726 1717
726 2376
726 2543
726 3304
726 4124
727 773
727 773
727 1164
727 1127
727 625
727 2641
727 1292
727 23
727 2982
727 1532
727 857
727 733
727 4348
728 2333
728 3326
728 3481
728 3491
728 3316
728 3508
728 3505
728 1615
728 2750
728 4194
728 3984
728 4426
728 4166
728 3658
728 23
728 23
728 3266
728 2165
728 439
728 3649
729 2914
729 2856
729 3312
729 3316
729 3504
729 2178
729 1547
729 3127
729 3667
729 3358
729 616
729 4288
729 4241
729 3227
729 3980
729 4460
729 4461
729 2655
729 4209
729 2029
729 4231
729 3173
729 3425
729 3908
729 3134
729 4447
729 23
729 3083
729 3463
729 3468
729 2446
729 2990
729 1157
729 4375
729 4280
730 3723
730 1857
730 625
730 1937
730 3888
730 5802
730 2073
730 665
730 3649
730 4294
730 1855
730 524
730 1865
730 4892
730 3184
730 3989
730 23
730 6093
731 2768
731 3133
731 283
731 2593
731 3660
731 3667
731 3880
731 1227
731 2817
731 4240
731 4293
731 3325
731 4000
731 3998
731 4414
731 3866
731 23
731 3083
731 1493
731 3266
731 3463
731 3468
731 1990
731 4346
732 2251
732 95
732 2484
732 3508
732 84
732 2520
732 2470
732 3577
732 4112
732 23
732 1493
732 2543
732 4128
733 3455
733 4103
733 446
733 524
733 4434
733 2165
733 23
733 3266
733 4452
734 2005
734 2181
734 1799
734 3775
734 84
734 4471
734 3670
734 2486
734 1523
734 735
734 1493
734 23
734 859
734 859
734 4128
735 1410
735 617
735 2102
735 1802
735 2908
735 498
735 3721
735 3691
735 3291
735 3167
735 2215
735 1203
735 1614
735 2980
735 1638
735 1401
735 1842
735 1563
735 2972
735 609
735 3049
735 3451
735 2073
735 3739
735 3575
735 2037
735 4159
735 4194
735 3982
735 4158
735 4103
735 4043
735 2022
735 4358
735 4148
735 4426
735 4208
735 4421
735 4364
735 1865
735 4111
735 733
735 1848
735 4460
735 625
735 4386
735 4411
735 4396
735 4228
735 3772
735 1523
735 524
735 2641
735 84
735 4311
735 1292
735 1936
735 2544
735 3149
735 2415
735 4389
735 735
735 4384
735 905
735 3083
735 3266
735 23
735 3463
735 4129
735 4231
735 3083
735 3251
735 3020
735 4103
735 2358
735 2436
735 684
735 2807
735 2392
735 3981
736 462
736 4522
736 771
736 771
736 2366
736 216
736 4084
736 3575
736 4112
736 4311
736 4441
736 4129
736 3266
736 23
736 3463
736 3468
736 625
736 4450
736 4076
736 245
737 4405
737 3173
737 4432
737 23
737 3266
737 4197
737 3292
737 2533
738 3469
738 2029
738 1855
738 733
738 4456
738 2390
738 4475
738 4432
738 3083
738 23
738 3266
738 3463
738 1493
738 1493
738 4291
738 2376
739 1952
739 2724
739 4087
739 3469
739 1005
739 1005
739 2935
739 2544
739 1523
739 3176
739 4114
739 3463
739 23
739 3468
739 3266
739 1376
739 4280
739 4346
740 3326
740 2427
740 3514
740 3721
740 344
740 3837
740 3739
740 3252
740 1292
740 731
740 4204
740 905
740 905
740 23
740 23
740 2533
740 4347
741 1410
741 835
741 835
741 2966
741 3797
741 4078
741 3992
741 3775
741 2520
741 3875
741 2458
741 4231
741 1936
741 3151
741 2685
741 4205
741 1292
741 23
741 3463
741 23
741 3083
741 1493
741 4291
741 2543
741 2948
741 1584
741 4190
742 1478
742 3316
742 3311
742 4013
742 4289
742 1523
742 2458
742 3250
742 2934
742 1565
742 23
742 3463
742 23
742 1493
742 3083
742 3468
743 3020
743 23
743 3463
743 4063
743 4283
743 859
743 4347
743 4348
744 692
744 1162
744 3746
744 3959
744 3960
744 4265
744 4256
744 4442
744 4364
744 4413
744 4389
744 4330
744 3176
744 1342
744 3922
744 23
744 1493
744 3427
745 2484
745 2518
745 3725
745 3722
745 2593
745 3660
745 1412
745 3127
745 2894
745 4069
745 2022
745 3325
745 1855
745 3739
745 2994
745 4475
745 23
745 3266
745 3463
745 2165
745 3624
745 98
745 860
745 860
745 2376
745 1584
746 2311
746 2763
746 2122
746 1098
746 3722
746 2750
746 4436
746 4187
746 3556
746 4311
746 4432
746 1493
746 23
746 4076
746 4152
746 4190
746 3978
746 3386
747 3315
747 2411
747 3316
747 1911
747 56
747 2225
747 4265
747 4069
747 4149
747 4414
747 23
747 3463
747 3083
747 1493
747 3471
748 1210
748 2297
748 857
748 857
748 3465
748 2997
748 1638
748 2520
748 3410
748 3294
748 2390
748 4396
748 2235
748 4441
748 4447
748 4300
748 3266
748 23
748 1493
748 3463
748 98
748 447
748 4196
748 1298
748 1687
748 1717
748 2543
748 684
748 3449
748 2392
749 3066
749 1565
749 23
749 2489
749 2165
749 2356
749 3624
749 4281
750 1268
750 3491
750 3441
750 3567
750 3997
750 3596
750 2880
750 2979
750 4316
750 4460
750 958
750 958
750 3970
750 5544
750 4331
750 1565
750 914
750 914
750 23
750 3083
750 23
750 3463
750 3471
750 2727
750 1157
750 3654
750 484
750 4347
751 3522
751 1082
751 3124
751 1615
751 2274
751 2072
751 3739
751 4256
751 3982
751 2750
751 4158
751 3282
751 2029
751 2218
751 2641
751 1292
751 4166
751 3176
751 3908
751 23
751 1493
751 3083
751 3463
751 4244
751 4243
751 2543
752 1523
752 2544
752 3798
752 4432
752 23
752 893
752 893
752 3463
752 3292
752 2543
753 731
753 2544
753 2685
753 4205
753 3658
753 905
753 905
753 23
753 4300
753 4277
753 3020
753 2436
753 4282
753 2543
753 1540
754 23
754 98
754 2593
754 2376
754 2543
754 4281
754 4247
755 2181
755 95
755 772
755 772
755 3387
755 3685
755 1881
755 2419
755 2880
755 5283
755 1842
755 4237
755 4316
755 1005
755 1005
755 2415
755 23
755 3463
755 3734
755 3738
755 2807
755 1312
755 684
755 3981
755 2392
756 2182
756 2427
756 3505
756 23
756 3083
756 3463
756 3471
756 1493
756 98
756 439
756 1717
757 3297
757 1724
757 91
757 2619
757 692
757 1210
757 3320
757 3397
757 3195
757 3680
757 4084
757 2470
757 84
757 3739
757 4265
757 3024
757 3025
757 4378
757 4421
757 4420
757 2390
757 3658
757 4446
757 4384
757 23
757 1493
757 3266
757 4398
757 3524
757 3386
757 4247
758 84
758 2215
758 4159
758 1296
758 1021
758 1021
758 2935
758 23
759 2349
759 3314
759 3290
759 3555
759 2218
759 2458
759 4115
759 23
759 1493
759 3083
759 4152
759 4282
759 3524
759 3013
760 2182
760 2170
760 3272
760 3066
760 23
760 4460
761 4330
761 1342
761 3922
761 23
761 3463
761 2392
762 2154
762 2787
762 1888
762 2346
762 2990
762 2966
762 263
762 1868
762 4047
762 2289
762 619
762 4267
762 3424
762 3426
762 3020
762 23
762 3463
762 98
762 3083
762 860
762 860
762 3266
762 4243
762 3743
762 4124
763 3780
763 3890
763 4288
763 2159
763 3227
763 3282
763 4308
763 4301
763 2741
763 3970
763 23
763 1493
763 3083
763 4460
764 3124
764 4304
764 23
764 2165
764 4348
765 2181
765 2952
765 3320
765 3323
765 3337
765 2544
765 23
765 98
765 3266
765 3463
765 1493
765 3083
765 3471
765 2543
765 4281
766 1794
766 1478
766 3540
766 290
766 625
766 3469
766 2215
766 2072
766 3775
766 2684
766 3500
766 4207
766 2933
766 3108
766 1021
766 1021
766 3772
766 4311
766 3250
766 1293
766 625
766 23
766 3083
766 3266
766 3958
767 1794
767 3312
767 2980
767 1638
767 3881
767 4267
767 3772
767 1342
767 3922
767 3463
767 23
767 98
767 1312
768 3192
768 81
768 664
768 3237
768 3127
768 3020
768 2979
768 3047
768 3688
768 4233
768 1005
768 1005
768 4331
768 3151
768 23
768 23
769 1385
769 1385
769 315
769 450
769 2767
769 23
769 98
769 3277
769 1583
770 1953
770 2251
770 3723
770 3664
770 1387
770 4233
770 3282
770 4378
770 4471
770 1395
770 3463
770 23
770 3083
771 1953
771 2587
771 3194
771 3657
771 4437
771 23
771 98
771 1493
771 3463
771 2358
771 1717
772 2294
772 3290
772 4236
772 3011
772 2516
772 3427
772 2544
772 2634
772 4211
772 23
772 23
772 1493
772 3083
772 3266
772 3463
772 98
772 3083
772 3470
773 4364
773 3739
773 2486
773 3989
773 1293
773 2214
773 4211
773 23
773 3083
773 4466
773 1298
773 2392
773 3386
774 2428
774 638
774 2768
774 3133
774 1971
774 1478
774 3491
774 3640
774 1638
774 2520
774 4237
774 3227
774 4303
774 1419
774 23
774 1493
774 3083
774 3266
774 3463
774 1376
775 186
775 3180
775 3321
775 1052
775 3540
775 283
775 2520
775 3881
775 3993
775 2350
775 4207
775 3011
775 3293
775 2641
775 4224
775 1371
775 23
775 3471
775 3463
775 3463
775 3273
776 1092
776 1256
776 692
776 2996
776 1940
776 3797
776 3466
776 2072
776 3992
776 3410
776 4162
776 4069
776 1259
776 4420
776 3970
776 2935
776 23
776 3083
776 3463
776 4327
776 2436
776 3654
776 1376
776 361
776 484
777 3574
777 3746
777 3794
777 860
777 860
777 2972
777 4303
777 3251
777 3463
777 23
777 447
777 3978
777 4280
777 1376
777 733
777 3304
778 3574
778 1614
778 3817
778 2880
778 4103
778 4237
778 2641
778 2544
778 3808
778 3149
778 23
778 1493
778 3273
778 4452
778 1298
778 439
779 3778
779 3124
779 3020
779 23
779 3266
779 3463
779 3463
779 3468
779 625
779 2997
779 2982
779 2021
779 1157
780 23
780 893
780 893
780 4450
780 4291
780 1298
780 4280
781 1955
781 692
781 1321
781 2627
781 3301
781 2723
781 3312
781 3491
781 3309
781 3721
781 3430
781 5636
781 3997
781 3683
781 4163
781 4265
781 4218
781 3227
781 3649
781 4273
781 4471
781 3294
781 1021
781 1021
781 1005
781 1005
781 625
781 446
781 4403
781 4361
781 3176
781 3463
781 23
781 1493
781 3083
781 3083
781 3083
781 4465
781 4277
781 3734
781 3013
781 4348
782 2005
782 3309
782 2593
782 2366
782 3508
782 3746
782 3128
782 1615
782 4218
782 4316
782 3325
782 2022
782 1387
782 3772
782 4311
782 2685
782 4205
782 3149
782 23
782 1493
782 3266
782 3083
782 3463
782 98
783 2294
783 692
783 2251
783 1943
783 2996
783 2664
783 1028
783 1028
783 3796
783 3681
783 3691
783 1868
783 3571
783 2165
783 2980
783 3667
783 3683
783 564
783 2170
783 3976
783 3775
783 3993
783 616
783 3451
783 4172
783 4259
783 4207
783 4043
783 4242
783 4241
783 4233
783 3984
783 3282
783 3086
783 4460
783 4460
783 2547
783 4273
783 4378
783 4471
783 3293
783 3294
783 4418
783 4421
783 4419
783 4364
783 1848
783 3577
783 4112
783 3875
783 4411
783 3454
783 3426
783 3427
783 524
783 3252
783 3670
783 731
783 2544
783 1565
783 269
783 4224
783 3866
783 4204
783 3798
783 3808
783 2685
783 4205
783 4446
783 1419
783 2489
783 4300
783 2606
783 1293
783 905
783 905
783 914
783 914
783 625
783 733
783 23
783 4327
783 3427
783 4103
783 3966
783 4300
783 3015
783 2358
783 860
783 860
783 3266
783 4282
783 2807
783 1376
783 3743
783 4247
784 3358
784 81
784 4273
784 3739
784 23
784 3083
784 3266
785 2251
785 2315
785 1794
785 2193
785 1292
785 625
785 23
785 3463
785 3471
785 3083
785 3083
785 4076
785 3877
785 1298
785 2861
786 3820
786 3123
786 4069
786 4460
786 4115
786 23
786 1493
787 3400
787 3315
787 2447
787 4158
787 2544
787 23
787 2543
787 4346
788 3317
788 3540
788 3310
788 2035
788 3784
788 1857
788 4053
788 3667
788 3657
788 4154
788 3664
788 2037
788 3982
788 2933
788 4460
788 4209
788 1021
788 1021
788 2994
788 1292
788 23
788 3083
788 4277
788 3266
788 2376
788 2543
789 2005
789 2627
789 1919
789 2411
789 1698
789 3128
789 3881
789 754
789 4256
789 2994
789 4389
789 2544
789 3658
789 23
789 3463
789 98
789 3877
790 3723
790 2954
790 3982
790 4303
790 4361
790 4311
790 3610
790 23
790 3083
790 4152
790 1201
791 1052
791 3688
791 4236
791 23
791 4076
791 2356
791 4152
791 6091
792 458
792 1354
792 3077
792 3317
792 3441
792 4087
792 4259
792 1387
792 2547
792 4420
792 3176
792 2937
792 4166
792 4114
792 2634
792 23
792 1493
792 1493
792 913
792 913
792 3624
792 2436
792 3338
792 3978
793 41
793 3203
793 2723
793 1478
793 3771
793 3773
793 1401
793 3086
793 4426
793 1296
793 3739
793 2544
793 23
793 3463
793 3083
793 4452
793 2214
793 4396
794 2517
794 187
794 771
794 771
794 3508
794 3020
794 3711
794 631
794 4159
794 3011
794 2022
794 4426
794 4307
794 3754
794 3294
794 2029
794 2218
794 4384
794 23
794 4211
794 3463
794 4327
794 3463
794 3083
794 3266
794 3083
794 3468
794 1298
794 3338
794 1990
795 23
795 98
795 3083
795 3463
796 1086
796 375
796 3732
796 23
796 23
796 3083
797 927
797 927
797 23
797 1852
798 240
798 2231
798 23
798 98
799 3083
799 23
799 98
799 1493
799 619
800 1036
800 1036
800 2496
800 23
800 1583
801 23
801 98
801 937
801 937
801 1470
802 1072
802 241
802 23
802 98
803 23
803 857
803 857
803 3083
804 23
804 975
804 975
804 1493
804 1341
805 23
805 98
805 3139
805 3542
805 3825
805 5793
806 2297
806 2297
806 23
806 98
807 23
807 121
807 920
807 920
807 2976
807 2977
808 254
808 596
808 3291
808 3451
808 23
808 545
808 1785
808 2372
808 2569
808 3713
809 1037
809 1037
809 2918
809 23
810 23
810 303
810 896
810 946
810 896
810 946
811 23
811 3083
811 2478
811 3091
812 23
812 1036
812 1036
812 2496
813 23
813 815
813 815
813 815
813 815
813 2090
813 3083
814 121
814 920
814 920
814 24
815 4070
815 1193
815 25
815 935
815 3648
816 1870
816 25
816 379
816 5178
817 25
817 863
817 863
818 29
818 3508
818 5719
818 3004
818 2997
818 4166
818 582
818 3860
818 2935
818 25
818 2365
818 4327
818 1493
818 3083
818 3957
818 3958
818 4017
818 4190
818 361
818 1326
818 1584
818 4281
818 3977
818 3013
819 1191
819 25
819 88
819 310
819 3241
820 140
820 141
820 25
820 6049
821 815
821 815
821 1123
821 25
822 25
822 815
822 815
822 32
823 650
823 379
823 24
823 25
823 815
823 815
824 25
824 1737
824 1342
824 3922
825 815
825 815
825 1217
825 2632
825 24
826 2366
826 558
826 368
826 3593
826 2029
826 2544
826 2486
826 2235
826 3464
826 24
826 2356
827 815
827 815
827 25
827 2943
828 379
828 140
828 141
828 143
828 306
828 140
828 141
828 304
828 5259
828 5261
828 5454
828 2985
828 5200
828 1711
828 140
828 141
828 140
828 141
828 5867
828 2517
828 25
828 2664
829 88
829 362
829 364
829 379
829 1133
829 1182
829 3279
829 25
829 268
829 2943
829 3562
829 3718
830 3167
830 24
830 2669
830 1275
830 2037
830 4038
831 1597
831 178
831 364
831 3041
831 29
831 1704
831 24
832 2293
832 2192
832 24
832 140
832 141
832 310
832 3241
833 25
833 815
833 815
833 3860
834 24
834 25
834 310
834 815
834 815
834 3241
835 25
835 140
835 141
835 1737
835 3135
835 5479
835 3648
836 24
836 2629
836 2980
836 4469
837 310
837 3241
837 24
837 379
837 815
837 815
837 2509
838 815
838 815
838 2364
838 24
839 815
839 815
839 1309
839 2943
839 1587
839 24
840 24
840 1144
840 3562
840 365
840 3720
841 40
841 1313
841 1340
841 2297
841 2365
841 3964
841 24
841 1854
842 25
842 365
842 815
842 815
843 2365
843 1076
843 2407
843 742
843 1107
843 25
843 1193
843 215
843 3860
843 1074
843 3777
843 4892
844 24
844 364
844 1133
844 25
844 379
845 650
845 1744
845 1826
845 25
845 3235
845 3452
846 1197
846 1698
846 25
846 25
846 88
846 305
846 309
846 420
846 647
846 1704
846 4486
846 416
846 5302
846 29
846 4821
846 310
846 1217
846 3241
846 4515
846 815
846 815
846 1797
846 1196
846 365
846 179
846 1220
846 2621
846 2662
846 1410
846 158
846 2937
846 3151
846 661
846 1436
846 1504
846 1133
846 1704
846 156
847 2633
847 310
847 1193
847 3241
847 3860
847 24
848 29
848 304
848 24
848 178
848 364
849 25
849 24
849 2943
849 3041
849 38
849 1217
849 3860
849 2582
850 1954
850 1036
850 1036
850 2496
850 25
850 1923
850 3135
850 236
850 3019
851 5898
851 24
851 3648
851 3331
851 2631
851 2731
852 1701
852 1852
852 25
852 25
852 25
853 2297
853 25
853 304
853 1081
853 241
853 1495
853 4309
854 310
854 365
854 3241
854 3860
854 1711
854 24
855 24
855 88
855 3645
855 6046
856 310
856 3241
856 1342
856 2943
856 3922
856 379
856 24
857 2505
857 2625
857 606
857 24
857 2455
857 3648
858 2364
858 1193
858 2365
858 1737
858 24
858 310
858 365
858 3241
858 178
858 24
858 364
858 364
858 815
858 815
858 1597
858 24
858 3860
858 2937
859 1036
859 1036
859 2496
859 2662
859 24
859 1470
859 4387
859 3423
859 3562
860 24
860 304
860 3836
860 1179
860 3847
861 24
861 379
861 815
861 815
861 4757
862 4761
862 800
862 800
862 24
862 3860
862 2014
862 1597
862 6134
863 1309
863 24
863 310
863 3241
864 1790
864 5044
864 1336
864 26
864 2575
864 2578
864 2869
864 1148
865 3088
865 27
865 542
865 1262
866 2662
866 28
866 1790
866 128
867 26
867 474
867 653
867 656
868 2085
868 26
868 2960
868 2321
868 2319
868 1744
869 26
869 107
869 445
869 3273
869 5043
869 5333
870 28
870 33
870 105
870 653
870 655
870 681
870 900
870 900
870 1744
870 2889
871 650
871 1790
871 28
871 3607
871 1744
872 28
872 105
872 681
872 2304
873 1619
873 28
873 1744
873 1744
874 28
874 105
874 653
874 1069
875 815
875 815
875 29
875 1583
875 1036
875 1036
875 2496
876 30
876 131
876 26
876 653
876 2960
876 3541
876 3604
876 4458
877 191
877 30
877 1587
877 1981
878 1191
878 191
878 375
878 29
879 1587
879 29
879 815
879 815
879 2021
880 815
880 815
880 2365
880 29
881 30
881 276
881 648
881 2579
882 29
882 1045
882 1045
882 4354
883 30
883 82
883 871
883 871
883 1458
883 2579
883 217
883 1695
883 1708
883 3452
884 815
884 815
884 1172
884 815
884 815
884 29
885 1068
885 1170
885 29
885 4417
886 3606
886 4170
886 29
886 1764
886 3541
887 29
887 1923
887 3186
887 3860
888 1620
888 1707
888 88
888 29
889 30
889 82
889 1931
889 1932
890 1989
890 1028
890 1028
890 29
891 30
891 604
891 2621
891 3283
892 2011
892 3855
892 1787
892 3615
892 29
892 379
892 310
892 3241
892 221
892 2364
892 3802
892 4143
893 1324
893 3500
893 1920
893 29
893 1367
893 3265
894 29
894 441
894 4134
894 377
895 29
895 2271
895 2575
895 2833
896 29
896 4514
896 4560
896 1753
897 29
897 365
897 1123
897 1133
897 2364
897 1587
897 5425
898 29
898 2588
898 29
898 306
898 310
898 3241
899 191
899 178
899 29
899 815
899 815
900 2364
900 29
900 1368
900 1370
901 29
901 88
901 1107
901 4610
902 29
902 315
902 319
902 2703
903 830
903 830
903 821
903 821
903 827
903 827
903 29
903 29
903 29
904 29
904 178
904 1192
904 1757
904 2364
905 1170
905 1207
905 307
905 308
905 1418
905 29
905 1250
905 2365
905 3006
906 29
906 364
906 1852
906 2364
906 2365
907 29
907 365
907 1217
907 1723
908 29
908 877
908 877
908 1174
909 29
909 859
909 875
909 859
909 875
910 29
910 29
910 658
910 1523
910 1297
911 179
911 4543
911 29
911 178
911 1169
911 29
911 307
911 379
911 1218
911 1671
911 1169
912 1069
912 785
912 785
912 1381
912 1382
912 1236
912 1252
912 252
912 31
912 33
912 106
912 655
912 867
912 867
912 3132
912 889
912 889
912 779
912 779
912 1769
912 1398
912 3222
912 1805
912 1745
912 1113
912 3553
912 1609
912 3007
912 3953
913 32
913 1326
913 2991
913 864
913 864
914 2303
914 31
914 1744
914 2304
915 3525
915 31
915 474
915 656
915 1069
915 1744
915 3541
915 437
915 3604
915 4170
915 653
915 3607
916 1363
916 2925
916 31
916 3751
917 31
917 650
917 2799
917 3541
918 31
918 33
918 2198
918 4015
918 2230
918 2183
919 1236
919 31
919 474
919 653
919 1920
919 3359
919 1744
919 1744
919 3273
919 650
919 3958
920 31
920 474
920 867
920 867
921 650
921 1744
921 31
921 1744
921 2903
922 31
922 104
922 1028
922 1028
923 31
923 107
923 655
923 900
923 900
924 31
924 474
924 681
924 4983
924 1744
924 188
925 31
925 653
925 681
925 900
925 900
925 1236
925 1764
925 107
925 1471
925 3604
926 33
926 104
926 106
926 2444
926 2569
926 1180
926 591
927 33
927 105
927 106
927 2304
928 104
928 357
928 900
928 900
928 33
929 606
929 33
929 105
929 5018
930 33
930 655
930 656
931 33
931 105
931 106
931 653
931 833
931 833
932 33
932 145
932 1286
932 1985
932 2166
932 2305
932 2540
932 2638
932 2793
933 188
933 1449
933 33
933 579
933 301
934 33
934 655
934 867
934 867
935 33
935 900
935 900
935 1069
935 2304
936 1555
936 106
936 33
936 104
936 105
936 1238
937 33
937 104
937 1069
937 1790
937 105
938 33
938 656
938 2960
938 1710
938 1236
939 79
939 33
939 872
939 872
940 985
940 985
940 681
940 33
940 4577
940 5101
940 1764
940 655
941 3102
941 301
941 33
942 104
942 33
942 33
942 106
942 655
942 867
942 867
943 34
943 815
943 864
943 815
943 864
943 1133
943 1707
944 1285
944 1729
944 34
944 1667
945 2499
945 486
945 34
945 1410
946 34
946 815
946 815
946 2581
946 2663
946 2662
947 35
947 503
947 152
947 2906
947 3297
947 4356
948 653
948 681
948 252
948 655
948 36
948 656
949 36
949 131
949 252
949 650
949 653
949 653
949 653
949 657
950 36
950 650
950 864
950 864
950 2303
951 36
951 873
951 900
951 873
951 900
952 107
952 36
952 650
952 900
952 900
953 36
953 650
953 681
953 1790
954 36
954 252
954 437
954 445
954 900
954 900
954 1236
954 2303
954 2960
954 655
955 2991
955 36
955 587
955 681
955 867
955 867
955 2304
955 657
956 36
956 106
956 653
956 867
956 867
956 1764
957 3412
957 3476
957 3545
957 37
958 37
958 1679
958 1836
958 651
958 4145
958 512
958 1019
958 1019
959 2481
959 37
959 988
959 988
960 1737
960 1737
960 1770
960 37
960 652
960 190
960 4585
960 5860
960 3705
961 37
961 933
961 933
961 1816
961 1587
962 37
962 891
962 891
962 1763
962 1661
962 4223
962 2883
962 606
962 1340
963 38
963 815
963 815
963 1217
964 38
964 379
964 1073
964 2364
964 3019
964 1770
965 2528
965 38
965 268
965 3947
966 38
966 304
966 815
966 815
966 1597
966 1737
967 40
967 942
967 944
967 942
967 944
967 2248
968 625
968 682
968 1441
968 2718
968 4056
968 417
968 40
968 3457
968 3678
968 1045
968 1045
968 4159
969 40
969 854
969 854
969 2571
969 3570
969 3952
970 625
970 40
970 171
970 1566
970 2177
970 5983
971 2177
971 590
971 592
971 40
971 40
971 440
971 441
971 556
971 854
971 854
971 854
971 854
971 4719
971 1004
971 1045
971 1004
971 1045
971 738
971 695
972 40
972 1326
972 854
972 854
973 40
973 854
973 854
973 1226
973 3084
974 40
974 2566
974 2939
974 952
974 952
975 202
975 40
975 2866
975 2157
975 868
975 868
975 3034
975 425
975 3410
975 1227
975 3352
975 459
975 3904
975 635
975 3633
975 2867
975 177
975 2989
975 138
975 459
975 2014
975 3101
975 1227
975 2557
975 868
975 868
975 3592
975 2483
975 726
975 3745
976 522
976 936
976 936
976 40
976 504
976 3951
977 41
977 448
977 505
977 187
977 2294
978 3799
978 3951
978 4286
978 41
978 4100
978 2996
978 3140
979 1186
979 1185
979 360
979 399
979 456
979 2456
979 2498
979 266
979 41
980 1640
980 41
980 501
980 569
980 4438
980 238
981 41
981 186
981 336
981 337
981 569
981 1943
981 5541
982 41
982 448
982 569
982 2251
982 2315
982 2017
983 227
983 452
983 360
983 1354
983 4733
983 223
983 85
983 66
983 41
983 3515
983 2672
984 41
984 788
984 788
984 138
984 360
984 1197
985 41
985 43
985 451
985 799
985 992
985 799
985 992
986 41
986 569
986 3188
986 1802
986 1911
986 3997
986 1412
986 285
986 564
986 2358
987 41
987 280
987 2817
987 1570
987 3770
987 665
987 4236
987 4294
987 2017
987 1752
987 1820
988 41
988 2180
988 3642
988 56
988 4240
988 4441
989 1386
989 41
989 1941
989 3751
989 2684
989 3664
989 1387
989 2938
989 4297
990 569
990 41
990 181
990 3508
991 1386
991 2005
991 41
991 195
991 1857
991 4310
992 41
992 2294
992 3309
992 3312
992 3481
992 3314
992 3959
992 3876
992 3657
992 2716
992 1387
992 3984
992 4306
992 4308
992 4302
992 4000
992 4421
992 2686
992 904
992 904
992 4441
992 269
992 4432
992 4211
992 3463
992 1493
992 1493
992 4277
992 447
992 4290
992 3449
993 41
993 1857
993 4114
993 3989
993 3957
993 3743
994 41
994 569
994 1386
994 1082
995 41
995 2153
995 3756
995 4152
996 41
996 569
996 186
996 194
996 842
996 842
996 1940
996 788
996 788
996 2180
996 2966
996 3681
996 1868
996 1401
996 4293
996 3934
996 3753
996 4448
996 4419
996 4208
996 4411
996 4112
996 4012
997 4588
997 1544
997 1198
997 1845
997 1200
997 41
997 2643
997 3203
997 3323
997 3142
997 1340
997 3680
997 625
997 479
997 4436
998 41
998 2914
998 4483
998 5545
999 111
999 41
999 3481
999 3852
999 4447
999 1493
999 3083
1000 41
1000 187
1000 3665
1000 2159
1000 2686
1001 403
1001 4565
1001 86
1001 42
1001 86
1002 42
1002 78
1002 86
1002 86
1002 86
1002 86
1003 1095
1003 43
1003 3832
1004 43
1004 3379
1004 3516
1004 3832
1004 4380
1004 4400
1004 452
1004 5468
1004 4431
1005 43
1005 3516
1005 138
1005 504
1006 3234
1006 4401
1006 5584
1006 43
1006 2094
1007 452
1007 43
1007 86
1007 3379
1007 448
1007 194
1008 2005
1008 2484
1008 3203
1008 1187
1008 2891
1008 773
1008 773
1008 4077
1008 1227
1008 4159
1008 4163
1008 43
1008 4455
1008 4434
1008 4291
1008 3083
1008 2997
1008 1298
1008 860
1008 860
1009 751
1009 751
1009 43
1009 3297
1010 43
1010 266
1010 3379
1010 3516
1011 456
1011 400
1011 788
1011 790
1011 788
1011 790
1011 43
1011 748
1011 748
1011 569
1011 2180
1012 43
1012 171
1012 751
1012 3833
1012 1758
1013 43
1013 48
1013 50
1013 102
1013 1471
1013 1644
1013 3512
1013 42
1014 43
1014 4930
1014 43
1014 185
1014 1106
1014 452
1015 171
1015 43
1015 768
1015 768
1016 43
1016 452
1016 586
1016 3234
1016 3379
1016 3510
1016 5750
1016 3263
1016 1868
1016 1867
1017 4493
1017 751
1017 751
1017 78
1017 4496
1017 43
1017 452
1017 331
1017 334
1017 339
1017 1487
1017 1081
1017 1131
1017 2672
1018 1131
1018 1354
1018 43
1018 1715
1018 2180
1018 270
1019 43
1019 748
1019 748
1019 751
1019 790
1019 751
1019 790
1019 2017
1020 973
1020 973
1020 3013
1020 2454
1020 2625
1020 48
1020 44
1020 50
1020 1494
1021 103
1021 46
1021 44
1021 47
1021 45
1022 44
1022 102
1022 3469
1022 2525
1022 2505
1023 2505
1023 44
1023 49
1023 2735
1024 47
1024 44
1024 2317
1024 49
1025 1289
1025 44
1025 46
1025 47
1025 1494
1026 2625
1026 45
1026 2505
1026 44
1027 45
1027 103
1027 1495
1027 2316
1028 45
1028 103
1028 50
1028 3270
1029 45
1029 1494
1029 2317
1029 2573
1029 3848
1030 45
1030 103
1030 892
1030 892
1031 46
1031 3899
1031 1036
1031 1036
1031 2496
1032 1679
1032 1836
1032 1679
1032 1836
1032 2045
1032 1679
1032 1836
1032 46
1032 323
1032 1975
1032 533
1033 50
1033 48
1033 1432
1033 1189
1034 1525
1034 1150
1034 48
1034 50
1034 2598
1034 5608
1034 4499
1034 3153
1034 683
1035 48
1035 50
1035 5899
1035 378
1036 3835
1036 48
1036 50
1036 102
1036 2317
1036 4149
1037 2625
1037 48
1037 1494
1037 3153
1038 48
1038 2046
1038 50
1038 2849
1039 48
1039 50
1039 1494
1039 1079
1040 493
1040 1046
1040 1046
1040 4512
1040 2202
1040 1390
1040 2228
1040 48
1040 951
1040 951
1040 1614
1040 958
1040 958
1040 4456
1040 2934
1040 3173
1040 2606
1040 96
1041 2735
1041 49
1041 44
1041 47
1042 50
1042 1494
1042 3153
1042 48
1043 1812
1043 1327
1043 3153
1043 2839
1043 50
1044 50
1044 102
1044 2317
1044 5128
1044 2814
1045 50
1045 103
1045 1494
1045 2494
1046 121
1046 920
1046 920
1046 51
1046 121
1046 920
1046 920
1046 864
1046 864
1047 51
1047 121
1047 920
1047 920
1048 51
1048 121
1048 920
1048 920
1049 51
1049 121
1049 920
1049 920
1049 3851
1049 2127
1050 121
1050 920
1050 920
1050 2127
1050 51
1051 51
1051 121
1051 920
1051 920
1052 51
1052 121
1052 920
1052 920
1053 634
1053 1733
1053 51
1053 4072
1054 51
1054 121
1054 920
1054 920
1055 51
1055 121
1055 920
1055 920
1056 51
1056 121
1056 920
1056 920
1057 51
1057 121
1057 920
1057 920
1058 51
1058 121
1058 920
1058 920
1059 51
1059 121
1059 634
1059 920
1059 920
1059 1583
1059 2127
1059 4090
1060 51
1060 121
1060 920
1060 920
1061 51
1061 121
1061 920
1061 920
1062 2764
1062 121
1062 920
1062 920
1062 51
1063 51
1063 121
1063 920
1063 920
1063 3150
1063 3851
1063 4072
1063 1918
1064 51
1064 121
1064 920
1064 920
1065 51
1065 121
1065 920
1065 920
1066 98
1066 98
1066 51
1066 121
1066 634
1066 920
1066 920
1067 51
1067 121
1067 920
1067 920
1068 51
1068 121
1068 920
1068 920
1069 51
1069 121
1069 920
1069 920
1070 51
1070 121
1070 920
1070 920
1071 51
1071 121
1071 920
1071 920
1072 51
1072 121
1072 920
1072 920
1072 3851
1073 3806
1073 51
1073 634
1073 903
1073 903
1073 4072
1074 51
1074 121
1074 920
1074 920
1075 51
1075 121
1075 920
1075 920
1076 51
1076 121
1076 920
1076 920
1077 121
1077 920
1077 920
1077 634
1077 51
1078 51
1078 121
1078 920
1078 920
1079 51
1079 121
1079 920
1079 920
1080 2996
1080 51
1080 121
1080 920
1080 920
1081 51
1081 121
1081 920
1081 920
1082 51
1082 121
1082 920
1082 920
1083 51
1083 121
1083 920
1083 920
1084 51
1084 3851
1084 121
1084 920
1084 920
1085 51
1085 121
1085 920
1085 920
1086 51
1086 121
1086 920
1086 920
1087 51
1087 121
1087 634
1087 920
1087 920
1088 51
1088 121
1088 920
1088 920
1089 51
1089 121
1089 920
1089 920
1090 121
1090 920
1090 920
1090 3286
1090 51
1091 51
1091 121
1091 920
1091 920
1091 3459
1092 121
1092 920
1092 920
1092 51
1093 51
1093 121
1093 920
1093 920
1094 51
1094 121
1094 634
1094 920
1094 920
1094 2127
1094 171
1094 1186
1095 51
1095 87
1095 121
1095 634
1095 920
1095 920
1095 1918
1095 2127
1095 506
1096 1630
1096 121
1096 920
1096 920
1096 51
1096 3459
1097 51
1097 121
1097 920
1097 920
1098 121
1098 920
1098 920
1098 1918
1098 51
1099 51
1099 121
1099 506
1099 920
1099 920
1099 1918
1100 51
1100 87
1100 121
1100 920
1100 920
1101 51
1101 121
1101 920
1101 920
1102 1117
1102 436
1102 87
1102 51
1103 503
1103 51
1103 87
1103 121
1103 920
1103 920
1103 1918
1103 5415
1104 51
1104 121
1104 920
1104 920
1104 121
1104 920
1104 920
1105 51
1105 121
1105 634
1105 920
1105 920
1106 51
1106 121
1106 920
1106 920
1106 87
1106 2327
1107 121
1107 920
1107 920
1107 51
1107 87
1107 634
1107 5841
1107 277
1107 3459
1107 1710
1107 774
1107 774
1107 4049
1107 140
1107 141
1107 88
1107 1342
1107 3922
1108 51
1108 121
1108 920
1108 920
1109 2297
1109 51
1109 121
1109 920
1109 920
1110 51
1110 121
1110 920
1110 920
1111 51
1111 3150
1111 2333
1111 2963
1111 1221
1112 1679
1112 1679
1112 1679
1112 1679
1112 1679
1112 1679
1112 1679
1112 1679
1112 1679
1112 1679
1112 1836
1112 1836
1112 1836
1112 1836
1112 1836
1112 1836
1112 1836
1112 1836
1112 1836
1112 1836
1112 2260
1112 2275
1112 51
1112 1679
1112 1679
1112 1679
1112 1679
1112 1679
1112 1679
1112 1679
1112 1679
1112 1679
1112 1679
1112 1679
1112 1836
1112 1836
1112 1836
1112 1836
1112 1836
1112 1836
1112 1836
1112 1836
1112 1836
1112 1836
1112 1836
1112 3105
1112 3225
1112 3226
1112 3388
1112 5767
1112 3713
1113 51
1113 121
1113 920
1113 920
1113 1583
1114 121
1114 920
1114 920
1114 51
1114 87
1115 121
1115 920
1115 920
1115 51
1116 51
1116 121
1116 920
1116 920
1117 121
1117 920
1117 920
1117 2181
1117 51
1118 51
1118 51
1118 121
1118 920
1118 920
1118 2309
1119 51
1119 121
1119 920
1119 920
1120 121
1120 920
1120 920
1120 51
1121 51
1121 121
1121 920
1121 920
1122 121
1122 920
1122 920
1122 51
1122 634
1123 1679
1123 1836
1123 51
1123 1918
1123 506
1124 121
1124 920
1124 920
1124 634
1124 121
1124 920
1124 920
1124 51
1125 51
1125 121
1125 920
1125 920
1125 87
1126 121
1126 920
1126 920
1126 51
1127 51
1127 121
1127 920
1127 920
1128 51
1128 121
1128 920
1128 920
1129 51
1129 121
1129 920
1129 920
1129 634
1130 121
1130 920
1130 920
1130 51
1131 51
1131 121
1131 920
1131 920
1132 51
1132 121
1132 920
1132 920
1132 87
1133 121
1133 920
1133 920
1133 51
1134 51
1134 121
1134 920
1134 920
1135 121
1135 920
1135 920
1135 51
1135 87
1135 634
1136 52
1136 82
1136 157
1136 2579
1136 871
1137 52
1137 1932
1137 1981
1137 2621
1138 1931
1138 52
1138 1981
1138 1981
1138 2067
1138 3452
1138 1045
1138 1045
1138 1197
1138 1470
1138 2628
1138 3460
1138 1671
1138 2569
1138 1852
1138 3265
1138 5487
1138 871
1138 3951
1138 4797
1138 5782
1138 2067
1138 3955
1139 52
1139 1691
1139 1959
1139 2500
1139 276
1139 1232
1140 52
1140 503
1140 1342
1140 1981
1140 3922
1140 1182
1141 53
1141 64
1141 1583
1141 3091
1141 3986
1142 53
1142 64
1142 3542
1142 259
1143 53
1143 62
1143 64
1143 260
1143 1375
1143 5265
1143 5351
1144 688
1144 53
1144 64
1144 3856
1145 4958
1145 2495
1145 53
1145 64
1145 1324
1145 2823
1145 666
1145 557
1146 1036
1146 1036
1146 2496
1146 2668
1146 1456
1146 4679
1146 2336
1146 2111
1146 2852
1146 53
1146 64
1146 644
1146 3004
1147 1344
1147 1852
1147 4544
1147 54
1148 54
1148 4285
1148 173
1148 1832
1149 5772
1149 53
1149 64
1149 3055
1150 53
1150 64
1150 2209
1150 917
1151 54
1151 1583
1151 1019
1151 1019
1152 54
1152 1583
1152 4152
1153 54
1153 936
1153 936
1153 3232
1153 4357
1153 1920
1153 2161
1153 5855
1153 2157
1153 1831
1153 145
1153 1286
1153 1985
1153 2166
1153 2305
1153 2540
1153 2638
1153 2793
1154 53
1154 57
1154 64
1154 1870
1154 2255
1154 4731
1155 254
1155 2020
1155 1924
1155 53
1155 64
1156 54
1156 71
1156 822
1156 822
1156 2434
1156 2495
1156 2874
1157 556
1157 597
1157 738
1157 898
1157 958
1157 968
1157 997
1157 1009
1157 1012
1157 898
1157 958
1157 968
1157 997
1157 1009
1157 1012
1157 1353
1157 1672
1157 1763
1157 2256
1157 1000
1157 54
1157 951
1157 951
1158 1661
1158 841
1158 841
1158 2157
1158 54
1158 1142
1158 2495
1158 2297
1158 2177
1158 3101
1158 3148
1158 1019
1158 1019
1158 995
1158 1821
1159 54
1159 240
1159 319
1159 5369
1160 54
1160 2323
1160 4059
1160 3729
1161 54
1161 2874
1161 5404
1161 1740
1162 140
1162 141
1162 54
1162 601
1162 824
1162 824
1162 1433
1163 54
1163 1763
1163 1866
1163 2469
1163 1342
1163 3922
1163 53
1163 64
1164 134
1164 783
1164 783
1164 54
1164 125
1164 69
1164 1410
1164 1870
1164 1092
1164 1116
1164 2336
1164 2336
1164 546
1164 3740
1165 54
1165 1539
1165 161
1165 697
1165 1661
1165 250
1165 847
1165 847
1165 1852
1165 604
1165 606
1165 2322
1165 2833
1165 3678
1165 3256
1166 531
1166 1433
1166 1433
1166 1093
1166 1730
1166 54
1166 1084
1167 240
1167 241
1167 2831
1167 460
1167 55
1168 290
1168 165
1168 55
1168 165
1168 2262
1169 55
1169 274
1169 2710
1169 2889
1170 2225
1170 2470
1170 1820
1170 5493
1170 5936
1170 4093
1170 6033
1170 2652
1170 56
1170 2803
1170 4943
1170 2355
1170 5466
1170 4032
1170 2188
1170 3488
1170 280
1170 292
1170 2830
1170 2894
1171 138
1171 2799
1171 56
1171 400
1172 56
1172 756
1172 756
1172 1119
1172 56
1173 65
1173 835
1173 835
1173 2908
1173 3301
1173 56
1173 56
1173 3780
1173 1563
1173 3739
1173 2037
1173 4265
1173 3011
1173 3012
1173 3294
1173 625
1173 3184
1173 2544
1173 735
1173 3624
1173 2543
1173 4346
1173 4347
1174 3133
1174 3312
1174 56
1174 3779
1174 3711
1174 4292
1174 4361
1175 3313
1175 56
1175 3725
1175 2716
1175 4241
1175 4411
1175 731
1176 1954
1176 1919
1176 2992
1176 56
1176 3291
1176 3575
1176 4273
1176 3427
1176 3426
1176 4228
1176 2938
1176 4211
1176 4327
1176 4277
1176 4347
1177 2996
1177 1802
1177 3195
1177 56
1177 265
1177 4442
1177 4149
1177 3024
1177 3025
1177 3086
1177 4301
1177 4426
1177 4308
1177 4378
1177 3577
1178 272
1178 3314
1178 2992
1178 56
1178 4078
1178 3888
1179 186
1179 194
1179 3400
1179 3067
1179 56
1179 3746
1179 3769
1179 3450
1179 3753
1179 4037
1179 2155
1179 6092
1180 2725
1180 2180
1180 2427
1180 3300
1180 56
1180 278
1180 311
1180 2941
1180 4031
1180 3577
1180 3649
1181 56
1181 3469
1181 3649
1181 3756
1181 3293
1181 994
1181 994
1181 4401
1181 4037
1181 3176
1181 735
1182 301
1182 2725
1182 65
1182 2154
1182 3180
1182 3309
1182 2664
1182 3040
1182 56
1182 2419
1182 3792
1182 2492
1182 3571
1182 84
1182 2072
1182 4163
1182 4259
1182 4043
1182 3009
1182 4240
1182 1387
1182 3649
1182 4306
1182 3282
1182 1296
1182 4307
1182 2547
1182 4378
1182 4422
1182 4396
1182 2155
1182 3907
1182 4231
1182 1565
1182 4297
1182 3808
1182 98
1182 3463
1182 3266
1182 625
1182 4466
1182 4291
1182 3734
1182 1298
1182 860
1182 860
1182 1990
1182 1376
1182 3981
1182 684
1182 1312
1182 2392
1182 245
1183 2315
1183 56
1183 4037
1183 4389
1183 3266
1183 3463
1183 3083
1183 1493
1184 254
1184 1084
1184 194
1184 56
1185 1325
1185 56
1185 2394
1185 2919
1185 1500
1185 2709
1186 1853
1186 2012
1186 1168
1186 56
1186 460
1187 2778
1187 4640
1187 57
1187 2816
1188 2927
1188 57
1188 2322
1188 4946
1188 2322
1189 56
1189 2236
1189 826
1189 826
1190 1333
1190 58
1190 503
1190 908
1190 908
1190 4830
1191 56
1191 1036
1191 1036
1191 2496
1191 1437
1192 58
1192 1905
1192 909
1192 909
1192 3587
1192 5098
1193 59
1193 74
1193 75
1193 174
1193 1562
1194 2241
1194 2578
1194 2320
1194 3703
1194 5175
1194 75
1194 59
1195 60
1195 430
1195 2962
1195 3001
1196 60
1196 430
1196 882
1196 882
1196 2962
1197 2348
1197 61
1197 2007
1197 2936
1198 587
1198 1186
1198 2070
1198 2734
1198 352
1198 61
1198 1945
1198 2736
1198 3537
1199 5839
1199 62
1199 2049
1199 3052
1199 3762
1200 1923
1200 1142
1200 2322
1200 62
1200 264
1200 2256
1200 2323
1200 3434
1200 5909
1201 2090
1201 1680
1201 61
1201 932
1201 932
1201 2984
1201 516
1202 3297
1202 1787
1202 2161
1202 62
1202 2469
1202 3412
1202 4356
1202 936
1202 936
1203 2157
1203 2161
1203 1924
1203 1071
1203 1384
1203 1384
1203 263
1203 62
1203 2612
1203 597
1204 62
1204 140
1204 141
1204 262
1204 925
1204 925
1204 1384
1204 1870
1205 62
1205 1111
1205 1467
1205 1131
1205 5785
1206 1410
1206 1410
1206 62
1206 2325
1206 143
1207 62
1207 414
1207 4702
1207 2434
1208 317
1208 62
1208 1028
1208 1028
1208 4618
1209 1480
1209 63
1209 70
1209 3985
1210 1709
1210 2552
1210 65
1210 1393
1210 2083
1210 3134
1210 4545
1211 1748
1211 65
1211 2018
1211 3404
1212 3015
1212 65
1212 95
1212 3188
1212 3782
1212 2723
1212 3574
1212 3505
1212 3768
1212 3722
1212 4019
1212 5802
1212 4316
1212 4461
1213 65
1213 835
1213 2542
1213 1952
1213 2768
1213 3310
1213 3779
1214 65
1214 2664
1214 3398
1214 3768
1214 2355
1214 3463
1214 4197
1215 65
1215 3319
1215 2593
1215 3683
1215 2022
1215 2933
1215 4474
1215 4129
1215 2235
1215 3020
1215 684
1216 2294
1216 65
1216 2057
1216 2886
1216 733
1216 4301
1216 2544
1216 1292
1216 3083
1216 1312
1217 148
1217 65
1217 2154
1217 2484
1217 2542
1217 3685
1217 3903
1217 2218
1217 2937
1217 2935
1217 2458
1217 2934
1217 3251
1218 65
1218 95
1218 784
1218 843
1218 784
1218 843
1218 3397
1218 733
1218 4194
1219 65
1219 832
1219 832
1219 3180
1219 2787
1219 3317
1219 3155
1219 3323
1219 3725
1219 2593
1219 3660
1219 1655
1219 3571
1219 2170
1219 564
1219 3683
1219 2555
1219 625
1219 1493
1219 3083
1219 4432
1219 4475
1219 3463
1219 4450
1220 65
1220 835
1220 835
1220 3455
1220 3291
1220 4237
1220 4316
1220 4204
1220 1371
1220 3463
1220 3488
1221 65
1221 2018
1221 2251
1221 1943
1221 3301
1221 2427
1221 3195
1221 3780
1221 3890
1221 3505
1221 3886
1221 2767
1221 3750
1221 3012
1221 4358
1221 4454
1222 65
1222 2154
1222 3203
1222 3324
1222 3723
1222 3504
1222 1412
1222 2716
1222 4223
1222 5802
1222 4236
1222 4036
1222 2738
1222 4347
1223 65
1223 3574
1223 3377
1223 278
1223 3886
1223 4053
1223 564
1224 65
1224 1164
1224 2664
1224 3065
1224 3392
1224 3398
1224 3401
1224 3923
1224 3959
1224 3852
1224 3852
1224 4014
1224 3876
1224 2614
1224 2954
1224 1868
1224 3683
1224 3976
1224 84
1224 3465
1224 625
1224 3769
1224 4031
1224 3451
1224 4161
1224 4266
1224 3011
1224 3325
1224 4148
1224 3649
1224 4303
1224 4378
1224 3754
1224 4421
1224 3294
1224 4418
1224 4419
1224 1865
1224 4364
1224 3739
1224 4420
1224 2935
1224 4447
1224 3464
1224 1493
1224 3266
1224 1493
1224 3468
1224 3083
1224 2728
1224 4152
1224 3977
1225 1595
1225 65
1225 2154
1225 2908
1225 3640
1225 1615
1225 3272
1225 3882
1225 4305
1225 4401
1225 4414
1225 4331
1225 4432
1225 3083
1225 2356
1225 3738
1226 65
1226 1098
1226 3316
1226 857
1226 857
1226 1881
1226 4256
1226 4163
1226 3012
1226 3009
1226 3011
1226 4316
1226 4307
1226 1855
1226 4361
1226 2937
1226 98
1226 4103
1226 4103
1226 3734
1226 3624
1226 4190
1226 733
1226 3667
1227 606
1227 1408
1227 65
1227 196
1227 3180
1227 272
1227 2484
1227 457
1227 2587
1227 3194
1227 3508
1227 3466
1227 3775
1227 3769
1227 2037
1227 3012
1227 4158
1227 3009
1227 4149
1227 4148
1227 3282
1227 3025
1227 4474
1227 4000
1227 4304
1227 4401
1227 4361
1227 735
1227 730
1227 3463
1227 3266
1227 3266
1227 625
1227 4277
1227 1298
1227 447
1227 1326
1227 1584
1228 65
1228 3192
1228 3300
1228 2411
1228 3126
1228 3775
1228 4148
1229 1221
1229 456
1229 1647
1229 2456
1229 399
1229 66
1230 66
1230 138
1230 1535
1230 3548
1231 66
1231 124
1231 456
1231 138
1232 66
1232 2456
1232 3792
1232 456
1233 2725
1233 266
1233 270
1233 456
1233 2017
1233 3791
1233 2722
1233 1647
1233 3793
1233 400
1233 2486
1233 4593
1233 1084
1233 66
1233 674
1234 127
1234 186
1234 399
1234 404
1234 448
1234 829
1234 842
1234 829
1234 842
1234 4488
1234 2963
1234 138
1234 194
1234 1187
1234 2456
1234 2724
1234 2888
1234 3016
1234 2470
1234 4550
1234 66
1234 2590
1235 66
1235 360
1235 1239
1235 1240
1236 2204
1236 1193
1236 1886
1236 5735
1236 5210
1236 5280
1236 2440
1236 1852
1236 2760
1236 386
1236 2051
1236 2517
1236 145
1236 1286
1236 1985
1236 2166
1236 2305
1236 2540
1236 2638
1236 2793
1236 1528
1236 876
1236 876
1236 1480
1236 3415
1236 2688
1236 1473
1236 4489
1236 796
1236 796
1236 192
1236 945
1236 945
1236 771
1236 771
1236 301
1236 1050
1236 772
1236 772
1236 590
1236 1189
1236 733
1236 140
1236 141
1236 2184
1236 5473
1236 3695
1236 3514
1236 3304
1236 71
1236 95
1236 1164
1236 172
1236 4513
1236 2536
1236 1430
1236 2705
1236 3485
1236 635
1236 4530
1236 425
1236 140
1236 141
1236 307
1236 1184
1236 4670
1236 271
1236 4167
1236 2542
1236 177
1236 1400
1236 1408
1236 2307
1236 3542
1236 5660
1236 968
1236 968
1236 4137
1236 208
1236 1224
1236 140
1236 141
1236 1873
1236 5842
1236 3203
1236 4016
1236 4096
1236 4806
1236 2607
1236 3258
1236 3261
1236 3528
1236 5875
1236 3878
1236 5956
1236 3190
1236 1204
1236 2628
1236 2556
1236 201
1236 4996
1236 4156
1236 4234
1236 525
1236 809
1236 1661
1236 1628
1236 2840
1236 67
1236 3648
1236 1884
1236 4917
1236 3618
1236 3530
1236 3979
1236 2478
1236 3972
1236 4015
1236 2933
1237 470
1237 479
1237 2026
1237 67
1238 1548
1238 3093
1238 69
1238 1923
1238 598
1238 1920
1238 3385
1238 1921
1238 2032
1238 3846
1238 545
1238 1547
1238 2487
1238 574
1238 3836
1238 5501
1238 674
1238 1399
1238 1642
1238 2585
1238 67
1238 2437
1238 2755
1239 66
1239 504
1239 1504
1239 2094
1240 394
1240 66
1240 504
1240 3700
1241 176
1241 66
1241 270
1241 3791
1241 3794
1242 1349
1242 2740
1242 66
1242 789
1242 789
1243 2312
1243 2438
1243 1630
1243 3498
1243 2019
1243 66
1243 266
1243 489
1243 3341
1244 356
1244 1076
1244 138
1244 504
1244 677
1244 2723
1244 6010
1244 66
1244 2017
1244 2725
1244 705
1245 505
1245 66
1245 360
1245 1573
1246 587
1246 722
1246 910
1246 910
1246 67
1246 1214
1246 2008
1247 2456
1247 3440
1247 66
1247 2940
1248 667
1248 3137
1248 66
1248 360
1248 4428
1248 4125
1249 1092
1249 66
1249 1679
1249 1836
1249 3105
1250 270
1250 456
1250 66
1250 267
1250 360
1251 66
1251 1131
1251 1187
1251 4401
1251 3304
1252 1329
1252 5017
1252 3833
1252 66
1252 456
1252 2017
1252 4064
1252 1535
1252 3337
1252 400
1253 66
1253 353
1253 2147
1253 5334
1254 171
1254 66
1254 3756
1254 4532
1255 66
1255 270
1255 1045
1255 1045
1256 66
1256 270
1256 399
1256 456
1256 504
1257 138
1257 176
1257 267
1257 400
1257 2017
1257 3549
1257 270
1257 66
1257 266
1257 489
1257 2456
1257 3792
1258 5632
1258 66
1258 504
1259 788
1259 788
1259 3234
1259 66
1259 3817
1260 66
1260 1379
1260 2843
1260 344
1261 3155
1261 68
1261 1714
1261 1036
1261 1036
1261 2496
1262 684
1262 2198
1262 2597
1262 66
1262 360
1263 127
1263 171
1263 327
1263 462
1263 692
1263 1221
1263 2153
1263 194
1263 404
1263 448
1263 842
1263 842
1263 186
1263 4660
1263 66
1263 267
1263 489
1264 2017
1264 360
1264 66
1264 270
1265 66
1265 456
1265 504
1265 2112
1265 360
1265 2456
1265 1188
1265 4064
1266 66
1266 270
1266 456
1266 2017
1266 788
1266 790
1266 5598
1267 66
1267 186
1267 504
1267 536
1267 2333
1268 2507
1268 2755
1268 1542
1268 68
1268 4319
1268 582
1269 3393
1269 3324
1269 3321
1269 2593
1269 2746
1269 1957
1269 3792
1269 3784
1269 773
1269 773
1269 2215
1269 4019
1269 1856
1269 2218
1269 66
1269 360
1269 3837
1269 3758
1269 4064
1269 1886
1269 631
1269 2159
1269 4293
1269 3325
1269 2029
1269 4422
1269 3957
1269 1177
1269 2436
1269 3624
1270 763
1270 763
1270 66
1270 1012
1270 1012
1270 1535
1270 4549
1270 1338
1271 3907
1271 68
1271 2935
1271 5943
1271 4204
1271 96
1271 2685
1271 4205
1271 4297
1271 3866
1271 2739
1271 3798
1271 1371
1271 2606
1271 1565
1271 1419
1271 4291
1271 4398
1271 4300
1271 861
1271 861
1271 245
1271 2489
1272 2489
1272 68
1272 1037
1272 1037
1272 3636
1272 4166
1273 270
1273 66
1273 3791
1273 399
1274 66
1274 266
1274 270
1274 360
1275 66
1275 176
1275 360
1275 399
1276 66
1276 952
1276 952
1276 138
1276 504
1276 505
1277 2339
1277 1244
1277 171
1277 66
1278 1247
1278 2722
1278 2769
1278 68
1279 400
1279 505
1279 66
1279 360
1280 66
1280 400
1280 489
1280 504
1280 2333
1280 171
1281 2161
1281 68
1281 2524
1281 551
1281 2351
1281 4278
1282 68
1282 1608
1282 2238
1282 1500
1283 4701
1283 1187
1283 66
1283 1645
1283 4064
1283 3513
1283 3638
1284 2147
1284 2198
1284 68
1284 411
1284 2524
1285 66
1285 176
1285 396
1285 398
1285 400
1285 489
1285 1645
1285 2940
1285 4766
1285 270
1285 2456
1285 3015
1286 66
1286 266
1286 270
1286 360
1286 399
1286 504
1286 788
1286 788
1286 2112
1286 2251
1286 2456
1286 5182
1287 66
1287 2333
1287 5824
1287 138
1288 66
1288 171
1288 360
1288 2456
1289 2110
1289 1691
1289 334
1289 2347
1289 2458
1289 470
1289 66
1289 3343
1289 697
1289 2067
1289 697
1289 3794
1289 331
1289 5791
1290 66
1290 270
1290 2457
1290 5291
1291 66
1291 266
1291 790
1291 790
1292 66
1292 790
1292 790
1292 788
1292 788
1293 66
1293 790
1293 790
1293 3793
1293 3791
1294 66
1294 176
1294 267
1294 360
1294 2076
1295 66
1295 489
1295 1892
1295 1954
1296 66
1296 270
1296 2456
1296 138
1296 4064
1297 1647
1297 267
1297 2017
1297 66
1297 1645
1298 992
1298 992
1298 990
1298 990
1298 66
1298 1332
1298 504
1299 4901
1299 66
1299 138
1299 456
1299 504
1300 66
1300 489
1300 1891
1300 335
1301 66
1301 360
1301 568
1301 788
1301 788
1301 2017
1302 66
1302 127
1302 224
1302 270
1302 395
1302 748
1302 790
1302 748
1302 790
1302 1825
1302 2725
1302 5318
1303 66
1303 138
1303 2017
1304 66
1304 171
1304 359
1304 462
1304 504
1305 66
1305 360
1305 399
1305 2456
1305 2017
1306 400
1306 489
1306 66
1306 4804
1307 360
1307 66
1307 504
1307 1129
1308 401
1308 400
1308 2112
1308 66
1308 751
1308 751
1308 360
1308 489
1308 267
1308 398
1308 1354
1309 66
1309 267
1309 610
1309 1130
1309 1129
1309 456
1309 176
1309 1535
1309 266
1310 400
1310 66
1310 400
1310 504
1310 1535
1310 171
1310 3510
1311 66
1311 2180
1311 2725
1311 270
1312 66
1312 270
1312 360
1312 456
1312 1092
1312 4598
1313 66
1313 171
1313 1853
1313 3028
1314 66
1314 2456
1314 2180
1314 2725
1315 71
1315 2157
1315 2161
1315 2322
1315 2612
1315 2889
1315 3212
1315 3284
1315 3519
1315 3521
1315 3616
1316 74
1316 75
1316 185
1316 71
1317 71
1317 1500
1317 1500
1317 2537
1317 2709
1317 3291
1317 557
1318 1148
1318 72
1318 1679
1318 1836
1319 73
1319 1436
1319 1820
1319 3020
1319 3020
1320 73
1320 2685
1320 3209
1320 882
1321 3233
1321 73
1321 2953
1321 301
1321 1283
1322 821
1322 821
1322 268
1322 2670
1322 73
1322 4659
1322 3265
1323 2739
1323 5943
1323 75
1323 74
1324 4297
1324 2818
1324 5857
1324 74
1324 68
1324 2489
1324 4392
1325 74
1325 1419
1325 2739
1325 5794
1326 74
1326 174
1326 2489
1326 4453
1327 74
1327 186
1327 2017
1327 751
1328 74
1328 174
1328 2818
1328 4392
1329 74
1329 174
1329 482
1329 3411
1329 3435
1329 650
1329 4299
1329 1968
1330 74
1330 863
1330 863
1330 4178
1331 815
1331 815
1331 1193
1331 74
1331 75
1332 808
1332 808
1332 844
1332 844
1332 74
1333 74
1333 96
1333 857
1333 857
1334 74
1334 75
1334 4392
1334 6097
1335 74
1335 75
1335 174
1335 551
1335 3001
1335 4392
1335 73
1336 638
1336 1159
1336 1045
1336 1045
1336 74
1336 2818
1336 1562
1336 4177
1336 1262
1337 75
1337 1265
1337 74
1337 2021
1338 74
1338 174
1338 1679
1338 1679
1338 1679
1338 1679
1338 1679
1338 1679
1338 1679
1338 1679
1338 1836
1338 1836
1338 1836
1338 1836
1338 1836
1338 1836
1338 1836
1338 1836
1338 2275
1339 74
1339 75
1339 174
1339 185
1339 571
1340 3297
1340 74
1340 75
1340 1127
1341 74
1341 1258
1341 4787
1341 4792
1342 1779
1342 5104
1342 75
1342 2739
1343 185
1343 430
1343 1273
1343 75
1344 1165
1344 75
1344 1012
1344 1012
1344 2524
1345 482
1345 551
1345 2739
1345 75
1345 4042
1345 1054
1345 2903
1346 75
1346 2438
1346 3842
1346 1095
1346 5913
1347 1184
1347 5177
1347 75
1347 140
1347 141
1347 2378
1348 75
1348 3540
1348 3882
1348 2684
1348 4233
1348 4300
1349 2073
1349 3619
1349 3621
1349 76
1350 936
1350 936
1350 2160
1350 3414
1350 76
1350 4445
1351 76
1351 203
1351 2333
1351 3166
1352 2664
1352 76
1352 931
1352 931
1352 3004
1353 2202
1353 76
1353 2828
1353 2916
1353 1351
1354 77
1354 770
1354 929
1354 770
1354 929
1354 77
1354 306
1354 3750
1355 78
1355 990
1355 990
1356 79
1356 1796
1356 2946
1356 4096
1356 6035
1357 4959
1357 79
1357 1664
1357 1926
1357 1955
1357 2481
1358 383
1358 2365
1358 191
1358 2365
1358 79
1358 940
1358 940
1358 1126
1358 1954
1358 2577
1358 1309
1358 88
1358 1802
1358 5938
1359 79
1359 1989
1359 2272
1359 2485
1359 3566
1360 79
1360 464
1360 2419
1360 464
1360 138
1360 1197
1360 138
1360 138
1360 569
1360 2112
1360 2195
1360 717
1360 2116
1360 1045
1360 1045
1360 3760
1360 1340
1360 4388
1361 2257
1361 80
1361 4510
1361 710
1362 1036
1362 1036
1362 2496
1362 80
1362 240
1363 1675
1363 80
1363 1972
1363 2247
1363 1973
1364 94
1364 180
1364 1366
1364 80
1364 3204
1365 80
1365 566
1365 1070
1365 5076
1366 80
1366 1043
1366 1043
1366 1436
1367 532
1367 450
1367 80
1367 566
1367 2657
1368 80
1368 1092
1368 800
1368 800
1369 80
1369 3463
1369 4173
1369 1035
1369 1035
1370 80
1370 618
1370 4510
1370 2031
1371 1036
1371 1036
1371 2496
1371 81
1372 771
1372 771
1372 1098
1372 81
1372 3802
1373 640
1373 5641
1373 3432
1373 3688
1373 1639
1373 81
1373 2073
1373 2165
1374 2005
1374 832
1374 832
1374 3491
1374 3495
1374 4087
1374 81
1374 582
1374 4129
1374 2392
1375 2908
1375 3309
1375 344
1375 773
1375 773
1375 2349
1375 4077
1375 2170
1375 81
1375 2750
1375 1637
1375 3463
1375 3266
1375 4277
1376 1952
1376 3574
1376 2518
1376 2966
1376 625
1376 4078
1376 4154
1376 81
1376 4461
1376 3424
1376 3055
1376 2415
1376 269
1376 733
1376 2728
1376 4282
1376 4247
1377 3685
1377 2614
1377 2165
1377 2880
1377 81
1377 3227
1377 4304
1378 81
1378 2659
1378 2680
1379 945
1379 945
1379 81
1379 3766
1380 4838
1380 1932
1380 82
1380 4034
1380 1663
1381 4898
1381 95
1381 195
1381 314
1381 2428
1381 83
1381 4896
1381 2284
1382 1620
1382 124
1382 1472
1382 84
1382 135
1382 1816
1382 4561
1383 84
1383 304
1383 2536
1383 1793
1383 3362
1384 622
1384 4109
1384 3066
1384 84
1385 1644
1385 3400
1385 3923
1385 2767
1385 3882
1385 4293
1385 3086
1385 3670
1385 84
1385 1419
1386 2424
1386 956
1386 1045
1386 956
1386 1045
1386 1149
1386 1672
1386 5215
1386 4001
1386 2611
1386 597
1386 84
1386 1054
1387 84
1387 241
1387 1810
1387 2880
1388 195
1388 2641
1388 1523
1388 84
1388 735
1388 2544
1388 3734
1388 1122
1388 1376
1388 3266
1388 4283
1389 935
1389 935
1389 5305
1389 1852
1389 3562
1389 6139
1389 1757
1389 84
1389 2507
1390 2251
1390 2136
1390 2777
1390 1906
1390 771
1390 771
1390 5118
1390 5485
1390 3377
1390 2419
1390 3146
1390 1436
1390 1831
1390 2857
1390 3997
1390 2177
1390 2274
1390 3128
1390 3119
1390 2027
1390 4384
1390 3555
1390 2516
1390 2829
1390 3458
1390 84
1390 2147
1390 4300
1390 2685
1390 4205
1391 833
1391 833
1391 1200
1391 4776
1391 1189
1391 1197
1391 1550
1391 1953
1391 2542
1391 2883
1391 3024
1391 4434
1391 84
1391 1565
1391 3808
1391 4204
1391 4297
1391 3866
1391 4331
1391 3977
1391 4063
1392 4385
1392 1523
1392 84
1392 3427
1392 3184
1392 2935
1392 2641
1392 4311
1392 2544
1392 3921
1392 3866
1392 2606
1392 2489
1392 2685
1392 4205
1392 1292
1392 1419
1392 4300
1392 3966
1393 832
1393 832
1393 2058
1393 2193
1393 3746
1393 1881
1393 4087
1393 5283
1393 2318
1393 2390
1393 84
1393 2458
1393 1292
1393 731
1393 582
1393 733
1393 98
1393 3083
1393 3266
1393 4277
1393 2358
1394 1955
1394 2181
1394 1952
1394 442
1394 3326
1394 771
1394 771
1394 2058
1394 857
1394 857
1394 3597
1394 3167
1394 3751
1394 1614
1394 1615
1394 3880
1394 2997
1394 3450
1394 3882
1394 2037
1394 4255
1394 4207
1394 4237
1394 3766
1394 4192
1394 625
1394 3426
1394 1523
1394 2415
1394 84
1394 2641
1394 3921
1394 1292
1394 733
1394 3083
1394 3957
1394 4017
1394 4282
1394 3978
1394 3654
1394 1584
1395 84
1395 2415
1395 4291
1395 3015
1396 2908
1396 3119
1396 773
1396 773
1396 3128
1396 3750
1396 2072
1396 3126
1396 619
1396 2037
1396 3575
1396 4043
1396 4302
1396 4301
1396 4303
1396 4378
1396 3896
1396 4111
1396 625
1396 733
1396 4460
1396 84
1396 1523
1396 2415
1396 4311
1396 1936
1396 2544
1396 735
1396 1292
1396 4129
1396 3467
1396 4224
1396 3734
1396 3675
1397 3772
1397 446
1397 1523
1397 2415
1397 84
1397 2458
1397 2544
1397 582
1397 2685
1397 3149
1397 4205
1397 735
1397 1292
1397 4384
1397 3470
1397 3083
1397 4465
1397 4466
1397 625
1397 4398
1397 3292
1397 3734
1397 3190
1397 2982
1397 4280
1397 4281
1397 4347
1398 84
1398 3083
1398 3463
1398 2021
1398 3013
1398 5523
1399 3574
1399 2411
1399 3568
1399 3685
1399 3779
1399 3751
1399 125
1399 2007
1399 2152
1399 2761
1399 3769
1399 2880
1399 3093
1399 3711
1399 4267
1399 3079
1399 4273
1399 3754
1399 4292
1399 3055
1399 2994
1399 84
1399 2415
1399 524
1399 2935
1399 2544
1399 735
1399 1493
1399 4076
1399 3463
1399 4348
1399 4124
1400 1523
1400 2994
1400 84
1400 4231
1400 6026
1400 3808
1400 447
1400 4290
1400 1197
1401 1045
1401 1045
1401 2251
1401 2428
1401 1919
1401 2768
1401 788
1401 788
1401 3309
1401 3522
1401 2664
1401 2193
1401 3291
1401 3272
1401 3771
1401 2716
1401 1563
1401 2972
1401 619
1401 3451
1401 4265
1401 2037
1401 3009
1401 4241
1401 4306
1401 4273
1401 4303
1401 4302
1401 1021
1401 1021
1401 1005
1401 1005
1401 958
1401 966
1401 958
1401 966
1401 994
1401 994
1401 3294
1401 3772
1401 4455
1401 3426
1401 84
1401 3252
1401 425
1401 4330
1401 3176
1401 269
1401 1371
1401 4300
1401 3020
1401 2165
1401 3427
1401 4460
1401 2543
1401 5523
1402 84
1402 583
1402 2065
1402 2170
1402 4103
1403 84
1403 4134
1403 5155
1403 1831
1403 5397
1403 817
1403 817
1404 1670
1404 441
1404 440
1404 1470
1404 945
1404 945
1404 84
1405 692
1405 2251
1405 1943
1405 2883
1405 3133
1405 2768
1405 2724
1405 2882
1405 3398
1405 3142
1405 3640
1405 290
1405 3725
1405 3495
1405 2886
1405 4117
1405 84
1405 3753
1405 4418
1405 4386
1405 4421
1405 4405
1405 2458
1405 3176
1405 2982
1405 1990
1406 2768
1406 3133
1406 3404
1406 1164
1406 3279
1406 3680
1406 3377
1406 3505
1406 3455
1406 1655
1406 3571
1406 1868
1406 3683
1406 3291
1406 84
1406 2072
1406 2170
1406 2997
1406 625
1406 3739
1406 4207
1406 4218
1406 3011
1406 2547
1406 4460
1406 3739
1406 3055
1406 4389
1406 904
1406 904
1406 4231
1406 3176
1406 4115
1406 4114
1406 1342
1406 4384
1406 2982
1406 860
1406 860
1406 1540
1406 1326
1406 3449
1406 559
1406 3013
1406 2738
1406 4348
1407 692
1407 1940
1407 3392
1407 2966
1407 3784
1407 3795
1407 3797
1407 3571
1407 1655
1407 3773
1407 564
1407 3683
1407 84
1407 4434
1407 4331
1407 4331
1407 4115
1407 4475
1407 1419
1407 559
1407 4282
1407 2819
1407 4346
1407 2543
1407 4190
1408 3133
1408 3465
1408 1615
1408 84
1408 3711
1408 3108
1408 3754
1408 2685
1408 4205
1408 1565
1408 4115
1408 905
1408 905
1408 3273
1408 4479
1408 1990
1408 4346
1409 2914
1409 3195
1409 1868
1409 3751
1409 3466
1409 84
1409 4236
1409 3649
1409 4036
1409 4420
1409 4413
1409 3340
1409 3482
1409 3266
1409 4466
1410 4548
1410 727
1410 3022
1410 1919
1410 3309
1410 3780
1410 3890
1410 84
1411 3133
1411 2768
1411 1210
1411 2427
1411 3681
1411 1865
1411 3291
1411 84
1411 754
1411 754
1411 4310
1411 4036
1412 3312
1412 3387
1412 857
1412 857
1412 1655
1412 3127
1412 3020
1412 3358
1412 84
1412 4019
1412 2743
1412 4013
1412 2716
1412 1639
1412 4255
1412 3984
1412 4036
1412 2994
1412 1293
1412 2544
1412 1493
1413 1156
1413 95
1413 1952
1413 3301
1413 3067
1413 3876
1413 2165
1413 3466
1413 84
1413 4163
1413 4159
1413 3555
1413 3282
1413 4471
1413 4455
1413 2544
1413 625
1413 4277
1414 3721
1414 84
1414 3664
1414 3575
1414 4442
1414 4396
1414 4128
1415 1953
1415 740
1415 597
1415 3321
1415 3319
1415 3680
1415 3504
1415 2593
1415 3660
1415 773
1415 773
1415 3358
1415 84
1415 1615
1415 3888
1415 2972
1415 626
1415 3770
1415 4161
1415 3325
1415 1296
1415 1005
1415 1005
1415 966
1415 966
1415 269
1415 735
1416 3931
1416 3315
1416 1098
1416 368
1416 3514
1416 3960
1416 1655
1416 3771
1416 3128
1416 84
1416 564
1416 3683
1416 1639
1416 4255
1416 4194
1416 4301
1416 4378
1416 4209
1416 4187
1416 3426
1416 2415
1416 1523
1416 2641
1416 4361
1416 2938
1416 4331
1416 1910
1416 2544
1416 1292
1416 2165
1416 1419
1416 2214
1416 3427
1416 3463
1416 4327
1416 625
1416 4017
1416 4460
1416 3738
1416 3654
1416 733
1416 4282
1416 2807
1416 684
1416 3304
1417 3723
1417 4083
1417 84
1417 2743
1417 3880
1417 4358
1417 2516
1417 3266
1417 3654
1417 4347
1418 84
1418 771
1418 771
1418 772
1418 2517
1419 2977
1419 84
1419 564
1419 4208
1419 1021
1419 1021
1419 1292
1419 2544
1419 2358
1420 216
1420 84
1420 4117
1420 2885
1420 2807
1421 3959
1421 3997
1421 3960
1421 84
1421 1655
1421 2954
1421 564
1421 4031
1421 5633
1421 3775
1421 3542
1421 4262
1421 1387
1421 1296
1421 2927
1421 2555
1421 4364
1421 4270
1421 733
1421 4460
1421 4321
1421 2297
1421 4384
1421 3055
1421 1523
1421 2415
1421 4389
1421 4231
1421 2934
1421 4330
1421 3176
1421 3808
1421 3083
1421 3463
1422 498
1422 3923
1422 3793
1422 3681
1422 84
1422 3167
1422 3358
1422 2274
1422 2953
1422 3465
1422 1615
1422 3020
1422 3751
1422 3128
1422 1614
1422 4078
1422 1615
1422 1638
1422 3837
1422 3450
1422 2880
1422 1842
1422 733
1422 2972
1422 3451
1422 4207
1422 3555
1422 3227
1422 4460
1422 4461
1422 1005
1422 1005
1422 4386
1422 4403
1422 1523
1422 2415
1422 3176
1422 4441
1422 1292
1422 2544
1423 964
1423 1021
1423 964
1423 1021
1423 223
1423 556
1423 585
1423 597
1423 950
1423 1045
1423 950
1423 1045
1423 1209
1423 84
1423 107
1423 442
1423 1091
1423 653
1423 936
1423 936
1424 3291
1424 1816
1424 1832
1424 4039
1424 84
1424 1470
1425 2537
1425 2635
1425 84
1425 1470
1425 1816
1426 84
1426 933
1426 933
1426 1470
1427 84
1427 439
1427 1452
1427 2274
1428 84
1428 438
1428 443
1428 2170
1428 5276
1428 3066
1429 84
1429 1614
1429 1615
1429 933
1429 933
1429 2537
1430 85
1430 86
1430 403
1430 751
1430 751
1431 85
1431 671
1431 671
1432 85
1432 86
1432 129
1432 3234
1432 5647
1432 3510
1432 3511
1432 5854
1433 85
1433 129
1433 748
1433 748
1433 3263
1433 138
1434 85
1434 751
1434 751
1434 1933
1435 121
1435 920
1435 920
1435 87
1436 87
1436 121
1436 920
1436 920
1437 87
1437 3710
1437 5491
1437 566
1437 3083
1437 4635
1438 569
1438 2635
1438 2996
1438 3680
1438 2318
1438 860
1438 860
1438 3993
1438 87
1438 1870
1438 3736
1438 1841
1438 4986
1438 4241
1438 3542
1438 3878
1438 5875
1438 3984
1438 4301
1438 4308
1438 4461
1438 4460
1438 2516
1438 4095
1438 5652
1438 3998
1438 4000
1438 3293
1438 4385
1438 3772
1438 3055
1438 2994
1438 3184
1438 4319
1438 4398
1438 2997
1438 3654
1439 3727
1439 87
1439 121
1439 920
1439 920
1439 121
1439 920
1439 920
1439 1189
1439 3870
1439 4226
1440 87
1440 121
1440 920
1440 920
1441 87
1441 121
1441 920
1441 920
1442 121
1442 920
1442 920
1442 87
1443 87
1443 121
1443 920
1443 920
1444 87
1444 121
1444 920
1444 920
1445 87
1445 121
1445 634
1445 920
1445 920
1446 121
1446 920
1446 920
1446 87
1447 87
1447 121
1447 920
1447 920
1448 87
1448 121
1448 920
1448 920
1449 87
1449 121
1449 920
1449 920
1450 87
1450 121
1450 920
1450 920
1451 87
1451 121
1451 920
1451 920
1452 87
1452 121
1452 920
1452 920
1452 2336
1452 2297
1453 171
1453 87
1453 4462
1453 2963
1454 88
1454 178
1454 191
1454 1217
1455 2701
1455 4015
1455 3621
1455 4281
1455 88
1455 864
1455 864
1455 1469
1455 3972
1456 88
1456 1133
1456 1389
1456 1852
1456 38
1457 815
1457 815
1457 88
1457 4824
1458 88
1458 815
1458 815
1458 3718
1459 3285
1459 2753
1459 88
1459 1169
1459 1704
1459 2943
1459 3860
1459 2943
1459 3645
1459 1920
1460 88
1460 653
1460 661
1460 191
1460 4544
1461 379
1461 815
1461 815
1461 1133
1461 3645
1461 88
1462 4477
1462 2577
1462 5635
1462 88
1463 88
1463 815
1463 815
1463 2605
1463 3041
1464 88
1464 1193
1464 1852
1464 2062
1465 331
1465 88
1465 310
1465 339
1465 2943
1465 3241
1465 3245
1465 338
1465 335
1466 135
1466 3664
1466 88
1466 815
1466 815
1466 1770
1467 88
1467 815
1467 815
1467 1127
1467 2023
1467 2478
1468 107
1468 1206
1468 1781
1468 88
1468 2364
1468 2365
1469 88
1469 240
1469 1035
1469 1035
1469 2056
1469 4118
1470 88
1470 377
1470 3041
1470 3619
1471 2399
1471 88
1471 4543
1471 310
1471 815
1471 815
1471 3241
1471 365
1471 5734
1471 5946
1471 1591
1472 1092
1472 1170
1472 362
1472 88
1472 4753
1472 2365
1473 252
1473 474
1473 650
1473 88
1473 364
1474 88
1474 2726
1474 3745
1474 2965
1475 88
1475 1620
1475 1504
1475 4250
1476 191
1476 88
1476 481
1476 2481
1476 5637
1476 5183
1477 1587
1477 2365
1477 379
1477 88
1478 1218
1478 88
1478 815
1478 815
1478 191
1478 973
1478 973
1478 3860
1479 3258
1479 3261
1479 3687
1479 88
1479 1445
1479 2202
1479 2943
1479 3135
1479 3685
1479 3718
1479 2628
1479 3774
1480 3505
1480 88
1480 1193
1480 3993
1480 3769
1480 2943
1480 3086
1480 4426
1480 2516
1480 4231
1480 3184
1480 904
1480 904
1480 3340
1480 4327
1480 4479
1480 146
1480 1597
1480 2698
1481 1218
1481 3171
1481 88
1481 534
1482 88
1482 815
1482 815
1482 1704
1483 815
1483 875
1483 815
1483 875
1483 3452
1483 4229
1483 88
1483 3452
1483 2239
1484 88
1484 191
1484 1620
1484 1620
1485 121
1485 920
1485 920
1485 1117
1485 310
1485 1500
1485 1500
1485 1679
1485 1679
1485 1679
1485 1679
1485 1836
1485 1836
1485 1836
1485 1836
1485 3241
1485 88
1485 1500
1485 1500
1485 1823
1485 1770
1485 1920
1486 88
1486 658
1486 1145
1486 1704
1486 2364
1486 1631
1487 88
1487 178
1487 310
1487 310
1487 3241
1487 3241
1488 815
1488 815
1488 88
1488 365
1488 2364
1488 815
1488 815
1489 191
1489 815
1489 815
1489 88
1489 1500
1489 2709
1490 88
1490 1191
1490 1218
1490 4757
1491 1707
1491 88
1491 304
1491 2633
1491 2943
1492 88
1492 304
1492 1852
1492 3004
1492 3860
1492 3728
1493 844
1493 844
1493 88
1493 1597
1494 88
1494 191
1494 364
1494 2365
1495 88
1495 815
1495 815
1495 1169
1495 1342
1495 2943
1495 3922
1495 828
1496 88
1496 1707
1496 3295
1496 3790
1496 1615
1496 2102
1497 89
1497 864
1497 864
1497 304
1497 1326
1497 973
1497 973
1498 672
1498 89
1498 1019
1498 1019
1499 89
1499 277
1499 447
1499 1304
1499 443
1499 1523
1499 1566
1499 1670
1500 89
1500 303
1500 1493
1500 442
1500 2722
1501 2183
1501 190
1501 1620
1501 89
1501 654
1501 2365
1501 2903
1501 4351
1502 933
1502 933
1502 89
1502 1566
1502 1706
1503 89
1503 277
1503 2192
1503 2852
1503 140
1503 141
1503 2571
1503 3231
1503 2760
1503 3824
1504 2943
1504 122
1504 1981
1504 90
1505 182
1505 90
1505 5534
1505 90
1505 580
1505 1152
1505 2452
1505 440
1506 1242
1506 1569
1506 90
1506 1251
1507 90
1507 1238
1507 4805
1507 3857
1508 91
1508 1036
1508 1036
1508 2496
1509 2152
1509 91
1509 1583
1509 1661
1510 1036
1510 1036
1510 2496
1510 91
1511 1036
1511 1036
1511 2496
1511 91
1512 91
1512 4146
1512 3027
1512 3058
1512 3623
1512 3629
1512 3070
1512 3072
1512 3071
1512 3619
1512 3037
1512 3627
1512 3628
1512 3893
1513 963
1513 963
1513 91
1513 2707
1514 105
1514 106
1514 4016
1514 91
1514 1921
1514 3860
1515 1760
1515 2526
1515 2398
1515 91
1515 1217
1515 1036
1515 1036
1515 2496
1515 397
1516 1036
1516 1036
1516 2496
1516 91
1516 696
1516 1313
1517 2667
1517 1316
1517 91
1517 4145
1517 4136
1517 6025
1518 1036
1518 1036
1518 2496
1518 91
1519 2598
1519 1097
1519 1423
1519 91
1519 1422
1519 3052
1520 91
1520 184
1520 2810
1520 1730
1520 3140
1520 3176
1521 91
1521 1679
1521 1679
1521 1836
1521 1836
1521 2275
1522 1449
1522 1041
1522 1041
1522 2024
1522 2833
1522 2833
1522 91
1522 1467
1522 4428
1523 241
1523 91
1523 834
1523 834
1524 91
1524 1045
1524 1045
1524 1844
1525 91
1525 1036
1525 1036
1525 2496
1526 482
1526 4649
1526 91
1526 5164
1526 2903
1526 5805
1527 91
1527 156
1527 155
1527 1802
1527 3243
1527 2514
1527 2889
1527 1364
1527 663
1527 3188
1528 91
1528 2428
1528 3188
1528 2542
1528 3203
1528 3321
1528 2664
1528 2193
1528 3313
1528 3750
1528 1638
1528 2716
1528 3881
1528 631
1528 3009
1528 4241
1528 3555
1528 1296
1528 4307
1528 3754
1528 4037
1528 3772
1528 3463
1528 3921
1528 3649
1528 3978
1528 2533
1528 3981
1528 4128
1528 4280
1529 91
1529 2585
1529 1641
1529 1344
1530 91
1530 1036
1530 1036
1530 2496
1531 91
1531 1036
1531 1036
1531 2496
1532 91
1532 1748
1532 183
1532 6016
1533 91
1533 1452
1533 187
1533 740
1533 924
1533 924
1533 832
1533 832
1534 92
1534 215
1534 356
1534 708
1534 709
1534 848
1534 885
1534 887
1534 976
1534 848
1534 885
1534 887
1534 976
1535 297
1535 93
1535 289
1535 295
1536 566
1536 93
1536 566
1537 991
1537 991
1537 2497
1537 3337
1537 434
1537 93
1538 93
1538 2333
1538 2339
1538 1244
1538 3756
1539 93
1539 331
1539 334
1539 339
1540 1177
1540 286
1540 2013
1540 93
1540 3488
1540 3489
1540 2940
1540 668
1540 2326
1540 3382
1540 713
1540 1752
1541 93
1541 289
1541 295
1541 371
1542 2722
1542 3176
1542 94
1542 180
1543 1239
1543 1240
1543 94
1543 180
1544 1326
1544 94
1544 180
1544 392
1545 591
1545 2395
1545 236
1545 392
1545 236
1545 94
1545 180
1546 94
1546 180
1546 1019
1546 1019
1547 94
1547 180
1547 94
1547 180
1548 94
1548 180
1548 94
1548 180
1549 1395
1549 6018
1549 1523
1549 583
1549 94
1549 180
1549 3855
1550 546
1550 1730
1550 1527
1550 94
1550 180
1550 94
1550 180
1550 855
1550 855
1550 3729
1550 4321
1550 4651
1550 1389
1550 1936
1550 4319
1550 817
1550 817
1550 2537
1550 3860
1550 4319
1551 94
1551 180
1551 94
1551 180
1552 2571
1552 1598
1552 1582
1552 94
1552 180
1553 94
1553 180
1553 420
1553 611
1553 616
1553 94
1553 180
1553 414
1553 631
1554 94
1554 180
1554 94
1554 180
1555 2102
1555 94
1555 180
1555 2147
1555 4427
1555 2046
1556 94
1556 94
1556 94
1556 180
1556 180
1556 180
1557 1441
1557 94
1557 180
1557 6055
1558 94
1558 180
1558 94
1558 180
1558 556
1559 94
1559 180
1559 94
1559 180
1560 94
1560 180
1560 4664
1560 94
1560 180
1561 94
1561 180
1561 3014
1561 3919
1562 447
1562 1032
1562 1032
1562 94
1562 180
1563 94
1563 180
1563 94
1563 180
1564 94
1564 180
1564 343
1564 1414
1565 3085
1565 94
1565 180
1565 4066
1566 414
1566 94
1566 180
1566 6090
1567 1904
1567 2641
1567 1904
1567 94
1567 180
1568 94
1568 180
1568 94
1568 180
1568 3004
1568 3306
1569 94
1569 94
1569 180
1569 180
1569 392
1570 901
1570 901
1570 94
1570 180
1570 3167
1571 1881
1571 94
1571 180
1571 420
1572 1697
1572 1751
1572 94
1572 180
1572 1326
1572 2372
1572 94
1572 180
1572 1697
1572 4466
1573 3364
1573 94
1573 180
1573 2023
1574 740
1574 924
1574 924
1574 94
1574 180
1574 414
1574 504
1574 94
1574 180
1574 2445
1574 4246
1574 4020
1575 1127
1575 1715
1575 2883
1575 94
1575 180
1575 1989
1576 94
1576 180
1576 3338
1576 566
1577 587
1577 866
1577 866
1577 5172
1577 372
1577 2154
1577 5351
1577 1326
1577 587
1577 467
1577 94
1577 180
1577 2857
1577 2202
1577 3619
1577 3186
1577 3849
1577 2585
1577 2585
1577 3153
1577 1052
1577 4470
1578 94
1578 180
1578 94
1578 180
1579 94
1579 180
1579 648
1579 875
1579 875
1579 2569
1580 94
1580 180
1580 3426
1580 5559
1581 94
1581 94
1581 94
1581 180
1581 180
1581 180
1582 281
1582 722
1582 1527
1582 94
1582 180
1583 94
1583 180
1583 904
1583 904
1584 2552
1584 94
1584 180
1585 704
1585 850
1585 850
1585 1075
1585 780
1585 94
1585 180
1586 94
1586 180
1586 1679
1586 1836
1587 94
1587 180
1587 1242
1587 2300
1587 2742
1588 94
1588 180
1588 392
1588 1197
1588 3195
1589 94
1589 180
1589 1920
1589 3542
1590 94
1590 180
1590 1045
1590 1045
1591 94
1591 180
1591 2510
1591 2770
1591 3298
1592 1238
1592 94
1592 180
1592 94
1592 180
1593 94
1593 180
1593 1260
1593 3358
1593 3473
1593 1299
1593 2980
1593 3773
1593 4460
1593 1637
1594 94
1594 180
1594 94
1594 180
1594 1238
1595 1256
1595 94
1595 180
1595 94
1595 180
1596 1556
1596 5047
1596 1494
1596 486
1596 2139
1596 94
1596 180
1596 3357
1597 94
1597 180
1597 1092
1597 1553
1598 94
1598 180
1598 94
1598 180
1599 1281
1599 812
1599 812
1599 94
1599 180
1600 122
1600 94
1600 180
1600 1569
1601 94
1601 180
1601 1036
1601 1036
1601 2496
1602 1745
1602 1620
1602 5153
1602 1745
1602 94
1602 180
1602 182
1602 682
1603 94
1603 180
1603 3066
1603 1870
1604 94
1604 180
1604 591
1604 1238
1604 1627
1605 94
1605 94
1605 180
1605 180
1606 94
1606 180
1606 778
1606 778
1607 335
1607 94
1607 180
1607 1180
1608 94
1608 180
1608 1456
1608 1467
1608 682
1608 1441
1609 94
1609 180
1609 392
1609 1456
1610 145
1610 1286
1610 1985
1610 2166
1610 2305
1610 2540
1610 2638
1610 2793
1610 1281
1610 1281
1610 95
1611 95
1611 2428
1611 1098
1611 2593
1611 4208
1612 740
1612 95
1612 2484
1612 2587
1612 2627
1612 3194
1612 771
1612 771
1612 3300
1612 2058
1612 3195
1612 3377
1612 2419
1612 2593
1612 3660
1612 2355
1612 3025
1612 3766
1612 2686
1613 2294
1613 186
1613 2112
1613 95
1614 2078
1614 2294
1614 2428
1614 95
1614 2587
1614 3194
1614 3320
1614 3441
1614 3310
1614 1853
1614 3989
1614 2165
1614 2731
1614 4224
1615 404
1615 95
1615 3404
1615 2953
1615 5283
1615 2355
1615 3670
1615 1717
1616 4775
1616 1517
1616 2154
1616 404
1616 3015
1616 95
1616 195
1616 2627
1616 1176
1616 1227
1616 2446
1616 2883
1616 3203
1616 1184
1616 2349
1616 2952
1616 2954
1616 1952
1616 1142
1616 788
1616 788
1616 3311
1616 497
1616 3237
1616 3685
1616 1841
1616 4209
1616 3739
1616 4456
1616 1565
1616 3184
1616 731
1616 2994
1616 5991
1616 98
1617 2725
1617 2154
1617 1943
1617 95
1617 2627
1617 2787
1617 3203
1617 2856
1617 3442
1617 1164
1617 3313
1617 3316
1617 1668
1617 3504
1617 3886
1618 692
1618 404
1618 95
1618 1210
1618 3300
1618 1098
1618 2193
1619 1354
1619 95
1619 3067
1619 966
1619 966
1620 95
1620 4055
1620 3127
1620 4316
1620 4293
1620 3086
1620 2547
1620 1021
1620 1021
1620 3151
1620 4115
1620 4475
1620 3463
1620 3957
1620 3966
1620 1201
1621 2484
1621 2627
1621 95
1621 3773
1621 625
1621 1638
1621 733
1621 665
1621 4043
1621 1296
1621 958
1621 958
1621 4037
1621 3304
1621 4348
1622 95
1622 2349
1622 2427
1622 283
1622 1853
1622 2395
1622 4032
1622 4031
1622 3047
1622 3984
1622 2029
1622 733
1622 4460
1622 4420
1622 904
1622 904
1622 3020
1622 4441
1622 3083
1623 95
1623 2627
1623 1098
1623 3314
1623 3495
1623 3430
1623 773
1623 773
1623 3691
1623 1203
1623 3837
1623 4316
1623 4302
1623 4307
1624 3326
1624 1563
1624 4159
1624 4401
1624 4434
1624 3083
1624 96
1624 98
1625 2593
1625 3660
1625 2489
1625 96
1625 4465
1625 4466
1626 1341
1626 96
1626 905
1626 904
1626 904
1627 3133
1627 2914
1627 3311
1627 2721
1627 96
1627 4384
1628 1865
1628 3739
1628 3866
1628 4204
1628 3798
1628 4297
1628 4447
1628 96
1628 2489
1628 4211
1628 2606
1628 4300
1628 913
1628 913
1628 4450
1629 1544
1629 1644
1629 1952
1629 2883
1629 2058
1629 1052
1629 3155
1629 3514
1629 3290
1629 3722
1629 4455
1629 2934
1629 3252
1629 96
1630 2057
1630 1162
1630 278
1630 3722
1630 773
1630 773
1630 3796
1630 3466
1630 4161
1630 1848
1630 96
1630 4475
1631 3442
1631 1203
1631 4077
1631 3837
1631 2880
1631 626
1631 280
1631 4237
1631 3012
1631 994
1631 994
1631 733
1631 3366
1631 3184
1631 3866
1631 96
1631 2165
1631 4300
1631 4152
1632 2894
1632 3837
1632 2880
1632 4161
1632 3293
1632 1855
1632 4036
1632 1523
1632 96
1632 4103
1632 2543
1633 238
1633 96
1633 735
1633 1419
1633 2606
1633 2997
1633 4124
1634 97
1634 663
1634 812
1634 812
1634 1324
1635 97
1635 97
1635 331
1635 4046
1635 4495
1635 538
1636 2150
1636 262
1636 5217
1636 2792
1636 1661
1636 97
1636 632
1636 663
1637 2259
1637 770
1637 770
1637 97
1638 97
1638 5645
1638 5711
1638 151
1638 663
1639 97
1639 663
1639 4498
1639 5978
1640 213
1640 546
1640 1276
1640 98
1641 2181
1641 771
1641 771
1641 3568
1641 497
1641 2395
1641 2447
1641 2204
1641 4421
1641 98
1642 1345
1642 3317
1642 1052
1642 2593
1642 3780
1642 3646
1642 3331
1642 4386
1642 241
1642 4389
1642 3463
1642 98
1642 5922
1642 4049
1642 5926
1643 3188
1643 3319
1643 3481
1643 1164
1643 3571
1643 3126
1643 2614
1643 3683
1643 3272
1643 2997
1643 3049
1643 4069
1643 4103
1643 3086
1643 2933
1643 966
1643 966
1643 1021
1643 4396
1643 1493
1643 98
1643 3654
1644 1799
1644 285
1644 4057
1644 4242
1644 4403
1644 582
1644 98
1644 1540
1644 4347
1645 3691
1645 1614
1645 3817
1645 2935
1645 2486
1645 4384
1645 3020
1645 2356
1645 98
1646 3574
1646 2058
1646 3750
1646 3665
1646 1493
1646 3083
1646 98
1646 860
1646 860
1647 3195
1647 3568
1647 3314
1647 3358
1647 4154
1647 4461
1647 4224
1647 3470
1647 98
1648 2470
1648 4436
1648 3066
1648 2544
1648 1493
1648 3463
1648 3266
1648 3083
1648 98
1648 4243
1648 1717
1648 4347
1648 4348
1649 2018
1649 3691
1649 4267
1649 3024
1649 3025
1649 1005
1649 1005
1649 4385
1649 4455
1649 1493
1649 3463
1649 3083
1649 98
1649 1157
1649 4124
1650 1386
1650 3393
1650 3310
1650 3722
1650 1563
1650 4256
1650 3009
1650 4310
1650 966
1650 966
1650 3772
1650 2641
1650 2544
1650 1292
1650 4384
1650 3463
1650 98
1650 559
1650 2543
1651 4434
1651 3251
1651 3866
1651 2935
1651 1637
1651 98
1651 4277
1651 2021
1651 4347
1652 2112
1652 2908
1652 3067
1652 2155
1652 2994
1652 3808
1652 3463
1652 98
1652 2543
1653 4891
1653 3358
1653 2880
1653 4266
1653 4236
1653 4303
1653 1296
1653 4460
1653 4461
1653 4460
1653 98
1653 1687
1653 2376
1653 3978
1653 3981
1653 4190
1654 2112
1654 2204
1654 609
1654 4240
1654 4358
1654 4422
1654 1292
1654 98
1654 3266
1655 3180
1655 3574
1655 290
1655 3571
1655 3683
1655 2743
1655 3227
1655 3984
1655 4273
1655 3020
1655 2544
1655 3083
1655 98
1655 2997
1655 4282
1655 4348
1656 216
1656 4308
1656 2486
1656 98
1656 3083
1656 4291
1656 2997
1657 2593
1657 2593
1657 3660
1657 3660
1657 2022
1657 1493
1657 3464
1657 98
1657 3266
1657 2543
1657 447
1657 4190
1658 2542
1658 2952
1658 278
1658 564
1658 2544
1658 625
1658 98
1659 1881
1659 2157
1659 3998
1659 3970
1659 2235
1659 2544
1659 140
1659 141
1659 98
1659 3463
1659 4367
1659 3386
1660 1953
1660 1162
1660 2994
1660 3266
1660 3467
1660 98
1660 2885
1660 2533
1661 1796
1661 597
1661 1802
1661 2058
1661 3567
1661 2419
1661 2165
1661 98
1661 4291
1661 4450
1661 2738
1662 2725
1662 835
1662 2787
1662 2627
1662 195
1662 1162
1662 4055
1662 2165
1662 3466
1662 1638
1662 2716
1662 3451
1662 2750
1662 4259
1662 1296
1662 4273
1662 1395
1662 582
1662 2544
1662 3464
1662 98
1662 3958
1662 2543
1662 4348
1663 2251
1663 832
1663 832
1663 2627
1663 1794
1663 2274
1663 3775
1663 4426
1663 4308
1663 2336
1663 4421
1663 3066
1663 98
1663 559
1664 2251
1664 3976
1664 3463
1664 3266
1664 3463
1664 98
1664 3083
1664 3467
1664 2861
1664 484
1665 3547
1665 2366
1665 3430
1665 3691
1665 4054
1665 3992
1665 2684
1665 1841
1665 4242
1665 3086
1665 4460
1665 4426
1665 1296
1665 3108
1665 4304
1665 966
1665 966
1665 1865
1665 4455
1665 3340
1665 2936
1665 269
1665 1371
1665 98
1665 2885
1665 2982
1665 859
1665 2533
1666 3323
1666 461
1666 497
1666 3997
1666 3773
1666 2750
1666 4043
1666 3055
1666 98
1666 3083
1666 2376
1666 2543
1666 859
1667 2427
1667 2395
1667 2492
1667 626
1667 3451
1667 3009
1667 4115
1667 735
1667 914
1667 914
1667 98
1667 1493
1667 3083
1667 3266
1667 1717
1667 2376
1668 3750
1668 3126
1668 3450
1668 3769
1668 2147
1668 2280
1668 2390
1668 4396
1668 2415
1668 2935
1668 3066
1668 4311
1668 2486
1668 2935
1668 2544
1668 1371
1668 1292
1668 730
1668 1419
1668 1493
1668 3463
1668 98
1668 447
1668 4196
1668 3624
1668 6089
1668 2543
1668 3978
1668 1122
1668 1376
1669 3400
1669 2523
1669 3976
1669 3128
1669 1614
1669 3817
1669 4154
1669 4256
1669 2037
1669 4163
1669 4103
1669 3011
1669 4149
1669 1296
1669 4307
1669 958
1669 1021
1669 958
1669 1021
1669 966
1669 966
1669 4418
1669 4364
1669 3055
1669 4361
1669 3463
1669 3083
1669 98
1669 4103
1669 4300
1669 861
1669 861
1670 4331
1670 98
1670 3463
1670 4451
1670 4452
1670 4346
1670 2819
1671 2725
1671 98
1671 3877
1671 625
1672 3739
1672 4455
1672 904
1672 904
1672 3020
1672 4330
1672 3658
1672 625
1672 2634
1672 3464
1672 3463
1672 98
1672 3427
1672 4327
1672 3654
1673 1493
1673 3083
1673 3463
1673 98
1674 2470
1674 2952
1674 2954
1674 2914
1674 265
1674 2395
1674 3126
1674 3657
1674 626
1674 3739
1674 4162
1674 3250
1674 731
1674 98
1675 2927
1675 2218
1675 4396
1675 2686
1675 4330
1675 1565
1675 582
1675 3176
1675 4446
1675 2685
1675 4205
1675 625
1675 3427
1675 98
1675 3083
1675 3266
1675 3957
1675 2997
1675 2356
1675 2392
1675 559
1675 4347
1675 4348
1676 1410
1676 2499
1676 98
1676 3266
1677 832
1677 832
1677 2587
1677 3194
1677 3495
1677 3597
1677 3430
1677 4078
1677 2215
1677 3817
1677 3888
1677 4154
1677 4158
1677 3772
1677 2641
1677 3173
1677 98
1677 3966
1677 439
1678 4335
1678 3250
1678 98
1678 3463
1678 1493
1678 3083
1678 3083
1678 439
1678 4247
1678 3675
1679 773
1679 773
1679 1005
1679 1005
1679 98
1679 3083
1679 3464
1680 2627
1680 3320
1680 3311
1680 3886
1680 3923
1680 1868
1680 2980
1680 3993
1680 4306
1680 4303
1680 4228
1680 98
1680 3958
1680 4076
1680 4244
1681 1679
1681 1836
1681 2309
1681 98
1682 587
1682 98
1682 2496
1682 3266
1683 1493
1683 4004
1683 98
1683 2971
1684 792
1684 792
1684 1760
1684 1762
1684 1839
1684 2134
1684 98
1685 98
1685 1086
1685 4391
1685 1721
1686 306
1686 1494
1686 98
1686 303
1687 2157
1687 1019
1687 1019
1687 98
1688 4863
1688 98
1688 1328
1688 1493
1688 1363
1689 1619
1689 2213
1689 3497
1689 3502
1689 98
1690 1493
1690 98
1690 1493
1690 1493
1691 1728
1691 720
1691 1036
1691 1036
1691 2496
1691 1402
1691 98
1692 105
1692 1764
1692 98
1692 1493
1692 2303
1693 3457
1693 517
1693 384
1693 5401
1693 2809
1693 98
1693 5270
1693 1998
1693 2004
1694 98
1694 2161
1694 2496
1694 2510
1694 2668
1694 3395
1695 2027
1695 272
1695 2477
1695 98
1695 1831
1695 2783
1695 3104
1695 1876
1695 1920
1695 2375
1695 5261
1695 1281
1695 1919
1695 3188
1695 5244
1695 728
1695 4220
1696 1436
1696 622
1696 98
1696 5070
1697 100
1697 99
1697 741
1697 2339
1698 100
1698 1036
1698 1036
1698 2496
1699 100
1699 1197
1699 833
1699 833
1700 100
1700 1340
1700 947
1700 947
1700 2630
1701 1036
1701 1036
1701 2496
1701 101
1702 1036
1702 1036
1702 2496
1702 101
1702 4726
1703 101
1703 2088
1703 101
1703 4726
1704 1035
1704 1035
1704 1341
1704 101
1705 101
1705 1036
1705 1036
1705 2496
1706 101
1706 1035
1706 1035
1706 1730
1706 2088
1707 101
1707 1036
1707 1036
1707 2088
1707 2496
1707 4762
1708 101
1708 2088
1708 1036
1708 1036
1708 2496
1709 101
1709 1036
1709 1036
1709 2496
1710 341
1710 101
1710 1483
1710 2088
1711 516
1711 3246
1711 2480
1711 1241
1711 44
1711 102
1712 102
1712 335
1712 338
1712 852
1712 852
1713 2161
1713 102
1713 3153
1713 2217
1713 195
1713 3402
1713 3326
1713 3318
1713 1924
1713 3827
1713 3717
1713 3825
1713 3665
1713 1615
1713 2520
1713 3427
1713 4327
1713 3463
1714 1679
1714 1836
1714 2459
1714 3909
1714 103
1715 3067
1715 1036
1715 1036
1715 2496
1715 1794
1715 1795
1715 103
1716 103
1716 3270
1716 868
1716 868
1717 2571
1717 103
1717 3526
1717 2929
1717 3285
1718 556
1718 2635
1718 968
1718 968
1718 1353
1718 597
1718 952
1718 952
1718 2642
1718 105
1718 106
1718 104
1718 2037
1719 985
1719 985
1719 104
1719 2297
1719 2537
1719 3750
1720 1069
1720 105
1720 1252
1720 1790
1720 104
1720 656
1721 131
1721 104
1721 107
1721 1037
1721 1037
1721 1340
1721 1331
1722 104
1722 2372
1722 3343
1722 4319
1723 104
1723 106
1723 437
1723 653
1723 656
1723 681
1723 1069
1723 1236
1723 1252
1723 2304
1724 190
1724 104
1724 650
1724 1069
1725 867
1725 867
1725 104
1725 653
1725 867
1725 867
1726 104
1726 106
1726 867
1726 867
1726 900
1726 900
1726 1764
1727 1521
1727 104
1727 106
1727 200
1727 315
1727 681
1727 4628
1727 693
1727 543
1727 2751
1728 422
1728 105
1728 1744
1728 655
1729 105
1729 1036
1729 1036
1729 2496
1730 1764
1730 867
1730 867
1730 867
1730 867
1730 4577
1730 105
1730 474
1731 105
1731 900
1731 900
1731 655
1731 653
1731 4350
1732 1679
1732 1679
1732 1836
1732 1836
1732 4724
1732 107
1733 287
1733 106
1733 3426
1734 1019
1734 1019
1734 106
1734 1764
1735 947
1735 947
1735 1098
1735 106
1735 2102
1735 5907
1736 106
1736 320
1736 890
1736 890
1737 2960
1737 681
1737 107
1737 615
1737 650
1737 2261
1737 3957
1738 928
1738 928
1738 106
1738 4223
1738 5676
1739 106
1739 655
1739 1764
1739 867
1739 653
1740 1036
1740 1036
1740 2496
1740 106
1741 2850
1741 107
1741 720
1741 3607
1742 1820
1742 1935
1742 107
1742 2407
1742 4355
1743 106
1743 131
1743 252
1743 655
1743 1764
1743 656
1744 106
1744 3562
1744 582
1744 446
1745 106
1745 867
1745 867
1745 2304
1746 106
1746 681
1746 1744
1746 1822
1747 106
1747 358
1747 1744
1747 2082
1748 106
1748 252
1748 655
1748 650
1749 107
1749 1790
1749 2303
1749 3541
1749 4170
1750 672
1750 1045
1750 1045
1750 107
1750 1929
1750 1236
1751 320
1751 1336
1751 107
1751 2313
1752 107
1752 653
1752 1620
1752 2304
1752 3541
1753 941
1753 941
1753 3235
1753 107
1753 3429
1753 1112
1753 5120
1754 657
1754 2960
1754 107
1754 2960
1755 107
1755 107
1755 690
1755 971
1755 971
1755 4964
1755 4355
1756 2304
1756 107
1756 252
1756 650
1756 656
1756 657
1756 2198
1756 2991
1757 107
1757 900
1757 900
1757 655
1757 2303
1757 131
1758 1436
1758 107
1758 1831
1758 2521
1758 2198
1758 121
1758 920
1758 920
1759 500
1759 812
1759 812
1759 107
1760 107
1760 650
1760 2960
1760 1744
1761 108
1761 423
1761 108
1761 1067
1762 1029
1762 1029
1762 952
1762 952
1762 1749
1762 108
1763 109
1763 4559
1763 372
1763 856
1763 4213
1764 1087
1764 1447
1764 1472
1764 3273
1764 1472
1764 110
1765 1064
1765 121
1765 920
1765 920
1765 1538
1765 1920
1765 110
1765 4367
1766 110
1766 121
1766 920
1766 920
1766 2156
1767 121
1767 920
1767 920
1767 110
1768 565
1768 818
1768 818
1768 110
1769 110
1769 387
1769 198
1769 2378
1769 4173
1770 1504
1770 1465
1770 2320
1770 3703
1770 3167
1770 111
1771 1004
1771 1004
1771 111
1771 368
1772 111
1772 975
1772 975
1772 3265
1773 111
1773 2833
1773 2234
1773 2701
1774 111
1774 1527
1774 803
1774 803
1774 812
1774 812
1774 2869
1774 1340
1774 863
1774 863
1774 1537
1775 4571
1775 1661
1775 1559
1775 1754
1775 2596
1775 387
1775 3102
1775 273
1775 1071
1775 1051
1775 5220
1775 3847
1775 3822
1775 3931
1775 140
1775 141
1775 3204
1775 3244
1775 945
1775 945
1775 3243
1775 2239
1775 3891
1775 1810
1775 1970
1775 3835
1775 5730
1775 388
1775 476
1775 2813
1775 440
1775 546
1775 1532
1775 1092
1775 4867
1775 477
1775 559
1775 2007
1775 3585
1775 4649
1775 2816
1775 4842
1775 2175
1775 2603
1775 812
1775 812
1775 4509
1775 111
1775 1167
1775 2869
1775 1537
1775 863
1775 863
1775 1512
1775 1527
1775 2380
1775 1340
1775 1547
1775 3896
1775 1748
1775 2214
1775 2462
1775 2785
1775 5138
1775 3656
1775 4045
1775 3919
1775 3919
1775 1038
1775 1038
1775 3867
1775 3940
1775 1111
1775 3204
1775 1615
1775 158
1775 3933
1775 1232
1775 939
1775 939
1775 124
1775 2027
1775 4430
1776 111
1776 540
1776 565
1776 3271
1777 540
1777 2290
1777 112
1777 389
1777 747
1778 505
1778 394
1778 687
1778 113
1778 223
1778 2153
1778 401
1779 114
1779 116
1779 471
1779 118
1779 119
1779 113
1779 115
1779 117
1779 120
1779 246
1779 247
1779 921
1779 921
1779 4500
1779 4527
1779 4625
1779 4829
1780 331
1780 247
1780 114
1780 113
1780 118
1780 119
1781 114
1781 116
1781 117
1781 118
1781 119
1781 120
1782 113
1782 748
1782 748
1782 3234
1782 3515
1782 119
1783 113
1783 4625
1783 116
1783 4829
1783 118
1784 171
1784 114
1784 114
1784 357
1784 1347
1784 115
1784 118
1784 1943
1784 1197
1784 3685
1784 735
1784 3649
1784 3734
1784 4346
1785 113
1785 118
1785 3547
1785 3892
1785 2165
1785 4479
1786 1131
1786 114
1786 116
1786 1348
1787 113
1787 115
1787 118
1787 246
1788 119
1788 114
1788 115
1789 3130
1789 1278
1789 246
1789 1197
1789 115
1790 290
1790 290
1790 115
1790 118
1790 120
1790 357
1791 118
1791 115
1791 119
1791 247
1792 115
1792 118
1792 330
1792 748
1792 748
1792 2092
1792 1940
1793 4496
1793 115
1793 4500
1793 464
1794 247
1794 4527
1794 116
1794 120
1794 118
1795 357
1795 751
1795 751
1795 116
1795 248
1795 119
1795 2179
1795 504
1795 3832
1796 118
1796 1359
1796 2671
1796 404
1797 223
1797 456
1797 2456
1797 120
1798 121
1798 920
1798 920
1798 634
1799 615
1799 121
1799 920
1799 920
1800 4690
1800 121
1800 920
1800 920
1801 121
1801 920
1801 920
1801 2127
1802 121
1802 920
1802 920
1802 51
1802 634
1803 634
1803 121
1803 920
1803 920
1804 121
1804 920
1804 920
1804 634
1804 2127
1805 121
1805 920
1805 920
1805 3749
1806 121
1806 920
1806 920
1806 372
1807 121
1807 920
1807 920
1807 3150
1808 121
1808 634
1808 920
1808 920
1809 2946
1809 121
1809 920
1809 920
1810 1522
1810 121
1810 920
1810 920
1811 121
1811 920
1811 920
1811 1117
1811 5806
1812 121
1812 920
1812 920
1812 1982
1813 121
1813 634
1813 920
1813 920
1814 1519
1814 121
1814 920
1814 920
1815 2297
1815 121
1815 920
1815 920
1816 2309
1816 121
1816 920
1816 920
1817 121
1817 634
1817 920
1817 920
1818 121
1818 920
1818 920
1818 1890
1819 165
1819 121
1819 920
1819 920
1820 121
1820 920
1820 920
1820 3150
1820 3851
1821 121
1821 920
1821 920
1821 1982
1822 1876
1822 121
1822 920
1822 920
1823 121
1823 634
1823 920
1823 920
1824 121
1824 920
1824 920
1824 2198
1825 5497
1825 121
1825 920
1825 920
1826 121
1826 920
1826 920
1826 4226
1827 121
1827 920
1827 920
1827 4072
1828 121
1828 920
1828 920
1828 590
1829 121
1829 920
1829 920
1830 121
1830 920
1830 920
1830 6114
1831 3426
1831 121
1831 920
1831 920
1832 121
1832 634
1832 920
1832 920
1833 122
1833 1569
1833 392
1833 2345
1833 1238
1834 4870
1834 121
1834 634
1834 920
1834 920
1835 2582
1835 121
1835 920
1835 920
1836 3150
1836 121
1836 920
1836 920
1837 121
1837 920
1837 920
1837 2127
1838 1117
1838 121
1838 920
1838 920
1839 121
1839 920
1839 920
1839 2127
1840 121
1840 920
1840 920
1840 3851
1841 121
1841 920
1841 920
1841 2162
1842 299
1842 121
1842 920
1842 920
1843 121
1843 634
1843 920
1843 920
1844 2458
1844 1812
1844 2647
1844 1134
1844 1745
1844 3295
1844 121
1844 920
1844 920
1844 4922
1845 1315
1845 121
1845 920
1845 920
1846 1990
1846 3410
1846 121
1846 920
1846 920
1847 2977
1847 121
1847 920
1847 920
1848 121
1848 920
1848 920
1848 634
1849 2127
1849 121
1849 920
1849 920
1850 459
1850 121
1850 920
1850 920
1851 121
1851 920
1851 920
1851 4911
1851 1693
1851 4991
1852 121
1852 920
1852 920
1852 506
1853 121
1853 920
1853 920
1853 4091
1854 121
1854 920
1854 920
1854 3851
1855 121
1855 634
1855 920
1855 920
1856 121
1856 920
1856 920
1856 634
1857 5075
1857 121
1857 920
1857 920
1857 87
1858 121
1858 920
1858 920
1858 2127
1859 121
1859 920
1859 920
1859 121
1859 920
1859 920
1860 121
1860 920
1860 920
1860 649
1861 3140
1861 121
1861 920
1861 920
1862 2607
1862 216
1862 2978
1862 121
1862 920
1862 920
1862 121
1862 920
1862 920
1863 1019
1863 1019
1863 121
1863 920
1863 920
1864 121
1864 920
1864 920
1864 3749
1865 121
1865 920
1865 920
1865 3150
1866 1583
1866 121
1866 920
1866 920
1867 121
1867 920
1867 920
1867 1691
1868 4008
1868 121
1868 920
1868 920
1868 2039
1869 121
1869 920
1869 920
1869 195
1870 121
1870 920
1870 920
1870 2036
1870 4110
1871 431
1871 1493
1871 121
1871 920
1871 920
1872 2327
1872 121
1872 920
1872 920
1873 121
1873 920
1873 920
1873 3150
1874 121
1874 634
1874 920
1874 920
1875 121
1875 920
1875 920
1875 1168
1876 1065
1876 121
1876 920
1876 920
1877 353
1877 121
1877 920
1877 920
1878 529
1878 121
1878 920
1878 920
1878 3150
1879 121
1879 634
1879 920
1879 920
1880 1189
1880 121
1880 920
1880 920
1881 1509
1881 121
1881 920
1881 920
1881 513
1882 1796
1882 121
1882 920
1882 920
1883 1926
1883 121
1883 920
1883 920
1883 2127
1884 121
1884 920
1884 920
1884 634
1885 3158
1885 1957
1885 121
1885 920
1885 920
1885 679
1886 121
1886 920
1886 920
1886 4226
1887 3804
1887 121
1887 920
1887 920
1888 121
1888 920
1888 920
1888 2122
1888 3851
1888 5219
1888 5572
1889 121
1889 920
1889 920
1889 1982
1890 121
1890 920
1890 920
1890 3851
1890 1982
1890 5214
1891 1117
1891 121
1891 920
1891 920
1892 121
1892 920
1892 920
1892 3004
1893 121
1893 920
1893 920
1893 3488
1894 5674
1894 121
1894 920
1894 920
1895 121
1895 920
1895 920
1895 482
1896 3655
1896 121
1896 920
1896 920
1897 121
1897 920
1897 920
1897 1982
1898 3489
1898 121
1898 920
1898 920
1899 821
1899 121
1899 920
1899 920
1900 121
1900 920
1900 920
1900 3150
1901 121
1901 920
1901 920
1901 3851
1902 121
1902 920
1902 920
1902 2309
1903 121
1903 920
1903 920
1903 3150
1904 121
1904 920
1904 920
1904 121
1904 920
1904 920
1905 121
1905 634
1905 920
1905 920
1906 2504
1906 121
1906 920
1906 920
1907 121
1907 920
1907 920
1907 1872
1908 789
1908 789
1908 121
1908 920
1908 920
1909 121
1909 634
1909 920
1909 920
1910 121
1910 920
1910 920
1910 3863
1910 1982
1911 1537
1911 121
1911 920
1911 920
1912 121
1912 920
1912 920
1912 121
1912 920
1912 920
1913 121
1913 920
1913 920
1913 121
1913 920
1913 920
1914 2640
1914 121
1914 920
1914 920
1914 945
1914 945
1914 1189
1914 1197
1914 3203
1914 2542
1914 3568
1914 6050
1914 1692
1915 121
1915 920
1915 920
1915 1918
1916 121
1916 920
1916 920
1916 868
1916 868
1917 1035
1917 1035
1917 121
1917 920
1917 920
1917 3851
1917 2052
1918 121
1918 920
1918 920
1918 1935
1919 121
1919 920
1919 920
1919 3150
1920 634
1920 121
1920 920
1920 920
1921 121
1921 920
1921 920
1921 1436
1922 634
1922 121
1922 920
1922 920
1923 121
1923 634
1923 920
1923 920
1924 1644
1924 2866
1924 5750
1924 121
1924 634
1924 920
1924 920
1925 5591
1925 5593
1925 5718
1925 5519
1925 121
1925 920
1925 920
1926 121
1926 920
1926 920
1926 3791
1926 3793
1926 2180
1926 1326
1927 2036
1927 121
1927 920
1927 920
1927 2297
1928 121
1928 920
1928 920
1928 4226
1929 1921
1929 121
1929 920
1929 920
1930 593
1930 121
1930 920
1930 920
1930 2028
1931 121
1931 920
1931 920
1931 121
1931 920
1931 920
1932 121
1932 920
1932 920
1932 3150
1933 121
1933 920
1933 920
1933 3556
1934 121
1934 920
1934 920
1934 1918
1935 121
1935 920
1935 920
1935 3150
1936 121
1936 634
1936 920
1936 920
1937 1549
1937 121
1937 920
1937 920
1938 121
1938 920
1938 920
1938 121
1938 920
1938 920
1939 1926
1939 121
1939 920
1939 920
1939 1981
1939 1918
1939 322
1939 121
1939 920
1939 920
1939 4333
1939 2083
1939 3325
1940 121
1940 920
1940 920
1940 508
1941 1326
1941 4281
1941 121
1941 920
1941 920
1942 2846
1942 121
1942 920
1942 920
1943 3848
1943 121
1943 920
1943 920
1944 121
1944 920
1944 920
1944 2978
1945 121
1945 634
1945 920
1945 920
1946 121
1946 920
1946 920
1946 121
1946 920
1946 920
1947 121
1947 634
1947 920
1947 920
1948 121
1948 920
1948 920
1948 3150
1949 121
1949 634
1949 920
1949 920
1950 1583
1950 121
1950 920
1950 920
1951 3851
1951 121
1951 920
1951 920
1952 121
1952 920
1952 920
1952 1586
1953 121
1953 920
1953 920
1953 2977
1953 121
1953 920
1953 920
1954 159
1954 1493
1954 121
1954 920
1954 920
1954 2100
1955 368
1955 4353
1955 121
1955 920
1955 920
1956 121
1956 920
1956 920
1956 4840
1957 121
1957 920
1957 920
1957 634
1958 1810
1958 121
1958 920
1958 920
1959 121
1959 920
1959 920
1959 2067
1960 121
1960 634
1960 920
1960 920
1961 540
1961 2290
1961 121
1961 920
1961 920
1962 634
1962 121
1962 920
1962 920
1963 121
1963 920
1963 920
1963 3150
1964 121
1964 920
1964 920
1964 3150
1965 121
1965 634
1965 920
1965 920
1966 121
1966 920
1966 920
1966 1235
1966 3458
1966 4131
1966 3910
1967 121
1967 920
1967 920
1967 705
1968 121
1968 920
1968 920
1968 3233
1969 2508
1969 121
1969 920
1969 920
1970 121
1970 634
1970 920
1970 920
1971 4060
1971 121
1971 920
1971 920
1972 121
1972 920
1972 920
1972 1908
1973 1035
1973 1035
1973 121
1973 920
1973 920
1974 121
1974 634
1974 920
1974 920
1975 2019
1975 121
1975 920
1975 920
1976 121
1976 920
1976 920
1976 3851
1977 121
1977 920
1977 920
1977 1982
1978 2028
1978 121
1978 920
1978 920
1978 2036
1979 121
1979 920
1979 920
1979 3851
1979 657
1980 662
1980 1129
1980 4801
1980 793
1980 863
1980 793
1980 863
1980 121
1980 920
1980 920
1981 121
1981 920
1981 920
1981 3150
1982 634
1982 121
1982 920
1982 920
1983 121
1983 920
1983 920
1983 3851
1984 121
1984 920
1984 920
1984 3013
1985 121
1985 634
1985 920
1985 920
1986 121
1986 920
1986 920
1986 1876
1987 121
1987 920
1987 920
1987 1583
1988 121
1988 634
1988 920
1988 920
1989 5038
1989 121
1989 920
1989 920
1990 1096
1990 1084
1990 1073
1990 275
1990 1782
1990 1184
1990 2301
1990 236
1990 121
1990 920
1990 920
1990 3500
1990 3928
1991 121
1991 920
1991 920
1991 2932
1992 121
1992 920
1992 920
1992 3620
1993 121
1993 920
1993 920
1993 1982
1994 121
1994 920
1994 920
1994 5117
1995 121
1995 920
1995 920
1995 3851
1996 121
1996 920
1996 920
1996 2157
1997 121
1997 634
1997 920
1997 920
1997 1289
1997 5749
1998 121
1998 634
1998 920
1998 920
1999 634
1999 1256
1999 121
1999 920
1999 920
2000 121
2000 920
2000 920
2000 3297
2001 864
2001 864
2001 121
2001 920
2001 920
2001 67
2002 121
2002 634
2002 920
2002 920
2002 3851
2003 121
2003 634
2003 920
2003 920
2003 3851
2004 121
2004 920
2004 920
2004 1661
2005 121
2005 920
2005 920
2005 3712
2005 2127
2005 1583
2006 121
2006 920
2006 920
2006 3799
2007 121
2007 920
2007 920
2007 1982
2008 121
2008 920
2008 920
2008 1583
2009 121
2009 920
2009 920
2009 3150
2010 121
2010 546
2010 920
2010 920
2011 5363
2011 121
2011 920
2011 920
2011 2594
2012 121
2012 920
2012 920
2012 3150
2013 121
2013 920
2013 920
2013 1053
2014 121
2014 920
2014 920
2014 2127
2015 121
2015 672
2015 920
2015 920
2015 528
2015 1679
2015 1836
2016 121
2016 920
2016 920
2016 2976
2017 121
2017 920
2017 920
2017 1564
2017 5845
2018 1661
2018 1146
2018 3835
2018 121
2018 920
2018 920
2019 254
2019 1084
2019 1978
2019 529
2019 2519
2019 2580
2019 2582
2019 121
2019 920
2019 920
2019 3004
2020 121
2020 920
2020 920
2020 2942
2020 3459
2021 634
2021 121
2021 920
2021 920
2022 121
2022 634
2022 920
2022 920
2022 1904
2023 121
2023 920
2023 920
2023 1982
2024 121
2024 920
2024 920
2024 1816
2024 1920
2024 2663
2025 2407
2025 2408
2025 121
2025 864
2025 920
2025 864
2025 920
2026 121
2026 920
2026 920
2026 5117
2027 121
2027 634
2027 920
2027 920
2028 121
2028 190
2028 864
2028 920
2028 864
2028 920
2029 121
2029 920
2029 920
2029 5310
2030 536
2030 121
2030 920
2030 920
2031 2127
2031 121
2031 920
2031 920
2032 1948
2032 121
2032 920
2032 920
2033 121
2033 920
2033 920
2033 3851
2034 121
2034 920
2034 920
2034 3851
2035 2977
2035 121
2035 920
2035 920
2036 121
2036 920
2036 920
2036 3459
2037 121
2037 920
2037 920
2037 1117
2038 121
2038 920
2038 920
2038 2125
2039 121
2039 920
2039 920
2039 1918
2040 606
2040 1389
2040 121
2040 920
2040 920
2040 2127
2041 121
2041 920
2041 920
2041 4163
2042 121
2042 920
2042 920
2042 1384
2042 2157
2042 3136
2043 1748
2043 121
2043 920
2043 920
2044 121
2044 920
2044 920
2044 1982
2045 1523
2045 121
2045 920
2045 920
2045 3167
2045 5893
2046 1603
2046 634
2046 121
2046 920
2046 920
2047 121
2047 121
2047 920
2047 920
2047 920
2047 920
2048 121
2048 920
2048 920
2048 3668
2048 3668
2049 121
2049 920
2049 920
2049 2127
2049 5759
2050 121
2050 920
2050 920
2050 121
2050 920
2050 920
2051 121
2051 920
2051 920
2051 2309
2052 121
2052 920
2052 920
2052 2354
2053 121
2053 634
2053 920
2053 920
2054 1957
2054 121
2054 920
2054 920
2055 121
2055 920
2055 920
2055 1982
2056 121
2056 920
2056 920
2056 3013
2057 121
2057 920
2057 920
2057 1071
2057 2157
2057 3073
2057 1037
2057 1037
2057 723
2058 1920
2058 3052
2058 2295
2058 121
2058 920
2058 920
2058 3222
2059 121
2059 920
2059 920
2059 1982
2060 121
2060 920
2060 920
2060 1982
2061 1918
2061 121
2061 121
2061 121
2061 634
2061 920
2061 920
2061 920
2061 920
2061 920
2061 920
2062 121
2062 920
2062 920
2062 5117
2063 121
2063 634
2063 920
2063 920
2064 121
2064 920
2064 920
2064 3851
2065 121
2065 920
2065 920
2065 5810
2066 1126
2066 121
2066 920
2066 920
2067 121
2067 920
2067 920
2067 1982
2068 121
2068 920
2068 920
2068 1092
2069 121
2069 920
2069 920
2069 121
2069 920
2069 920
2070 121
2070 920
2070 920
2070 2127
2071 121
2071 920
2071 920
2071 2429
2071 1493
2071 5320
2071 3470
2072 121
2072 920
2072 920
2072 121
2072 920
2072 920
2072 2775
2073 121
2073 920
2073 920
2073 121
2073 920
2073 920
2074 121
2074 121
2074 920
2074 920
2074 920
2074 920
2075 121
2075 920
2075 920
2075 1340
2076 121
2076 920
2076 920
2076 3150
2077 1493
2077 121
2077 920
2077 920
2078 121
2078 920
2078 920
2078 121
2078 920
2078 920
2079 2977
2079 121
2079 920
2079 920
2080 258
2080 2055
2080 2570
2080 4356
2080 121
2080 920
2080 920
2081 121
2081 920
2081 920
2081 404
2082 121
2082 920
2082 920
2082 5117
2082 4794
2083 121
2083 920
2083 920
2083 1982
2084 121
2084 920
2084 920
2084 1362
2085 2159
2085 121
2085 920
2085 920
2086 121
2086 920
2086 920
2086 121
2086 920
2086 920
2087 121
2087 634
2087 920
2087 920
2087 2809
2088 121
2088 920
2088 920
2088 2127
2089 121
2089 920
2089 920
2089 2336
2090 121
2090 920
2090 920
2090 121
2090 920
2090 920
2091 121
2091 920
2091 920
2091 1436
2092 392
2092 121
2092 920
2092 920
2092 2889
2092 2131
2092 1250
2092 2090
2093 121
2093 920
2093 920
2093 121
2093 920
2093 920
2094 121
2094 920
2094 920
2094 1982
2095 121
2095 920
2095 920
2095 121
2095 920
2095 920
2095 3851
2096 121
2096 581
2096 920
2096 920
2097 121
2097 920
2097 920
2097 121
2097 920
2097 920
2098 121
2098 920
2098 920
2098 1886
2099 121
2099 920
2099 920
2099 1982
2100 121
2100 920
2100 920
2100 121
2100 920
2100 920
2101 547
2101 121
2101 920
2101 920
2102 121
2102 920
2102 920
2102 121
2102 920
2102 920
2103 121
2103 920
2103 920
2103 3570
2104 121
2104 920
2104 920
2104 148
2105 121
2105 920
2105 1037
2105 920
2105 1037
2106 121
2106 920
2106 920
2106 1982
2107 121
2107 920
2107 920
2107 566
2108 121
2108 920
2108 920
2108 2222
2108 2567
2109 121
2109 920
2109 920
2109 121
2109 920
2109 920
2110 121
2110 920
2110 920
2110 121
2110 920
2110 920
2111 121
2111 920
2111 920
2111 4374
2112 121
2112 121
2112 920
2112 920
2112 920
2112 920
2113 121
2113 634
2113 920
2113 920
2113 4228
2113 1430
2113 1892
2113 4278
2114 606
2114 121
2114 920
2114 920
2115 357
2115 121
2115 164
2115 634
2115 920
2115 920
2115 483
2116 121
2116 920
2116 920
2116 2977
2117 121
2117 920
2117 920
2117 1935
2118 121
2118 920
2118 920
2118 2976
2119 1210
2119 121
2119 920
2119 920
2119 634
2120 121
2120 920
2120 920
2120 165
2121 121
2121 634
2121 920
2121 920
2122 1569
2122 121
2122 920
2122 920
2123 121
2123 240
2123 920
2123 920
2124 121
2124 920
2124 920
2124 522
2124 3063
2124 282
2124 3004
2124 5892
2125 121
2125 920
2125 920
2125 2039
2126 121
2126 121
2126 920
2126 920
2126 920
2126 920
2126 1982
2127 504
2127 121
2127 920
2127 920
2127 2456
2127 612
2127 788
2127 790
2127 788
2127 790
2127 456
2127 400
2128 121
2128 920
2128 920
2128 1326
2129 121
2129 920
2129 920
2129 1982
2130 121
2130 920
2130 920
2130 2309
2131 1504
2131 121
2131 920
2131 920
2132 121
2132 634
2132 920
2132 920
2133 1730
2133 121
2133 920
2133 920
2134 916
2134 916
2134 121
2134 920
2134 920
2134 1493
2135 121
2135 634
2135 920
2135 920
2136 634
2136 121
2136 920
2136 920
2137 121
2137 920
2137 920
2137 1117
2138 121
2138 281
2138 920
2138 920
2139 121
2139 920
2139 920
2139 3004
2140 121
2140 483
2140 920
2140 920
2140 121
2140 920
2140 920
2140 1090
2141 121
2141 920
2141 920
2141 121
2141 920
2141 920
2142 121
2142 634
2142 920
2142 920
2143 121
2143 121
2143 920
2143 920
2143 920
2143 920
2143 2127
2144 1705
2144 121
2144 920
2144 920
2144 2977
2145 121
2145 920
2145 920
2145 2297
2146 121
2146 920
2146 920
2146 1982
2147 121
2147 920
2147 920
2147 121
2147 920
2147 920
2148 606
2148 121
2148 920
2148 920
2149 505
2149 121
2149 920
2149 920
2150 606
2150 121
2150 920
2150 920
2151 121
2151 920
2151 920
2151 1982
2152 121
2152 920
2152 920
2152 2976
2153 121
2153 634
2153 920
2153 920
2153 2978
2154 121
2154 634
2154 920
2154 920
2155 121
2155 920
2155 920
2155 1982
2156 634
2156 121
2156 920
2156 920
2157 121
2157 674
2157 920
2157 920
2157 121
2157 920
2157 920
2157 2976
2158 121
2158 920
2158 920
2158 121
2158 920
2158 920
2158 2297
2159 121
2159 920
2159 920
2159 587
2159 634
2160 121
2160 920
2160 920
2160 3851
2160 3459
2160 5841
2161 121
2161 920
2161 920
2161 121
2161 920
2161 920
2162 121
2162 634
2162 920
2162 920
2163 121
2163 920
2163 920
2163 322
2164 121
2164 634
2164 920
2164 920
2165 121
2165 920
2165 920
2165 5117
2166 121
2166 920
2166 920
2166 1354
2166 121
2166 920
2166 920
2167 121
2167 920
2167 920
2167 1721
2167 3835
2168 121
2168 634
2168 920
2168 920
2169 121
2169 920
2169 920
2169 1184
2169 1538
2170 121
2170 634
2170 920
2170 920
2171 121
2171 634
2171 920
2171 920
2172 634
2172 121
2172 920
2172 920
2173 121
2173 240
2173 920
2173 920
2173 1345
2174 121
2174 920
2174 920
2174 1553
2175 121
2175 920
2175 920
2175 121
2175 920
2175 920
2176 121
2176 634
2176 920
2176 920
2177 121
2177 920
2177 920
2177 1071
2178 121
2178 920
2178 920
2178 1982
2179 121
2179 121
2179 920
2179 920
2179 920
2179 920
2180 121
2180 920
2180 920
2180 559
2180 701
2180 556
2180 5032
2180 2297
2181 121
2181 920
2181 920
2181 634
2182 121
2182 920
2182 920
2182 2976
2183 241
2183 121
2183 920
2183 920
2183 2045
2184 121
2184 634
2184 920
2184 920
2185 360
2185 121
2185 920
2185 920
2186 121
2186 920
2186 920
2186 1982
2187 121
2187 920
2187 920
2187 2766
2187 2765
2188 121
2188 920
2188 920
2188 1982
2189 121
2189 920
2189 920
2189 634
2190 121
2190 920
2190 920
2190 121
2190 920
2190 920
2191 121
2191 341
2191 920
2191 920
2192 121
2192 920
2192 920
2192 1982
2193 121
2193 634
2193 920
2193 920
2194 121
2194 634
2194 920
2194 920
2194 1957
2195 121
2195 920
2195 920
2195 1366
2195 1876
2195 2297
2195 1920
2195 4050
2196 121
2196 634
2196 920
2196 920
2197 121
2197 920
2197 920
2197 634
2197 803
2197 803
2197 140
2197 141
2198 121
2198 920
2198 920
2198 1982
2199 121
2199 920
2199 920
2199 4237
2199 89
2200 121
2200 920
2200 920
2200 1982
2201 838
2201 838
2201 121
2201 920
2201 920
2201 2139
2201 2496
2201 4437
2201 3426
2201 3427
2201 1035
2201 1035
2201 4034
2201 5523
2202 121
2202 920
2202 920
2202 2932
2203 121
2203 920
2203 920
2203 121
2203 920
2203 920
2204 121
2204 634
2204 920
2204 920
2205 121
2205 838
2205 920
2205 838
2205 920
2205 4226
2206 121
2206 634
2206 920
2206 920
2207 634
2207 121
2207 920
2207 920
2208 121
2208 920
2208 920
2208 1117
2209 121
2209 920
2209 920
2209 486
2209 1410
2209 2239
2209 4739
2209 634
2210 121
2210 920
2210 920
2210 2417
2211 121
2211 920
2211 920
2211 121
2211 920
2211 920
2212 121
2212 121
2212 920
2212 920
2212 920
2212 920
2213 121
2213 920
2213 920
2213 158
2214 121
2214 815
2214 920
2214 815
2214 920
2214 1073
2215 121
2215 920
2215 920
2215 1982
2216 121
2216 634
2216 920
2216 920
2216 2127
2217 121
2217 920
2217 920
2217 2006
2218 121
2218 634
2218 920
2218 920
2219 121
2219 920
2219 920
2219 1527
2220 121
2220 920
2220 920
2220 1999
2221 121
2221 920
2221 920
2221 121
2221 920
2221 920
2222 121
2222 634
2222 920
2222 920
2223 121
2223 920
2223 920
2223 1984
2224 121
2224 920
2224 920
2224 121
2224 920
2224 920
2224 121
2224 920
2224 920
2224 634
2225 121
2225 920
2225 920
2225 2919
2226 670
2226 121
2226 920
2226 920
2226 813
2226 813
2226 236
2226 1626
2226 2296
2226 2346
2227 121
2227 920
2227 920
2227 4547
2227 4684
2227 1532
2228 121
2228 920
2228 920
2228 2457
2229 121
2229 920
2229 920
2229 1693
2230 121
2230 920
2230 920
2230 121
2230 920
2230 920
2230 121
2230 920
2230 920
2231 121
2231 920
2231 920
2231 2272
2232 121
2232 634
2232 920
2232 920
2233 121
2233 920
2233 920
2233 121
2233 920
2233 920
2234 121
2234 920
2234 920
2234 121
2234 121
2234 920
2234 920
2234 920
2234 920
2235 121
2235 634
2235 920
2235 920
2235 4637
2236 121
2236 920
2236 920
2236 121
2236 920
2236 920
2237 477
2237 121
2237 920
2237 920
2238 121
2238 634
2238 920
2238 920
2239 121
2239 920
2239 920
2239 634
2240 2458
2240 123
2240 152
2240 381
2240 1577
2240 4788
2240 3066
2240 3813
2240 1364
2240 3814
2240 1654
2240 4645
2240 1179
2240 4059
2240 4508
2240 1872
2241 124
2241 2154
2241 2980
2241 4237
2241 3012
2241 3011
2241 3086
2241 4000
2242 1433
2242 441
2242 124
2242 1297
2242 446
2242 1810
2242 5157
2242 1171
2242 2284
2243 858
2243 858
2243 124
2243 1583
2244 4321
2244 1843
2244 2322
2244 124
2244 5508
2245 3678
2245 124
2245 2146
2245 3677
2246 442
2246 441
2246 615
2246 1470
2246 2038
2246 1045
2246 1045
2246 124
2246 696
2246 1313
2247 124
2247 146
2247 502
2247 812
2247 812
2247 1679
2247 1836
2247 3259
2248 283
2248 3779
2248 3793
2248 4376
2248 4422
2248 4418
2248 4421
2248 3197
2248 2121
2248 124
2248 893
2248 893
2248 4450
2248 484
2249 2297
2249 1795
2249 2517
2249 124
2249 4355
2250 124
2250 2339
2250 2698
2250 3587
2251 750
2251 750
2251 1259
2251 4883
2251 124
2252 124
2252 334
2252 2017
2252 456
2252 1188
2252 1691
2253 1843
2253 2251
2253 2251
2253 124
2253 3376
2254 124
2254 748
2254 748
2254 2866
2255 2161
2255 124
2255 140
2255 141
2256 907
2256 907
2256 2177
2256 124
2256 3302
2256 2536
2256 1904
2256 1904
2256 3618
2256 4933
2256 1689
2256 2922
2256 4207
2256 2657
2256 4359
2256 2421
2256 3751
2257 124
2257 2910
2257 1376
2257 2912
2258 124
2258 1384
2258 2884
2258 5795
2259 146
2259 124
2259 171
2259 1409
2260 124
2260 638
2260 639
2260 640
2260 1844
2261 396
2261 1379
2261 4852
2261 124
2261 2723
2261 4813
2261 3795
2261 3591
2261 4057
2261 2721
2261 2817
2261 4421
2261 1565
2261 1177
2262 134
2262 146
2262 124
2262 1843
2263 489
2263 337
2263 2095
2263 124
2263 3603
2264 238
2264 784
2264 784
2264 124
2265 124
2265 124
2265 1911
2265 664
2265 1932
2265 3451
2265 2225
2265 4292
2265 559
2265 1326
2265 3013
2265 1493
2265 3266
2265 3463
2265 3083
2265 3471
2265 4211
2265 3273
2265 4291
2265 4466
2266 4663
2266 739
2266 124
2266 1097
2266 2017
2266 2198
2266 2804
2266 516
2266 2865
2267 585
2267 1672
2267 125
2267 195
2267 1017
2268 125
2268 1045
2268 1045
2268 1754
2269 5313
2269 4740
2269 125
2270 125
2270 775
2270 775
2270 685
2271 852
2271 852
2271 126
2271 541
2272 333
2272 126
2272 337
2272 335
2272 338
2273 328
2273 450
2273 853
2273 853
2273 126
2274 2339
2274 126
2274 2091
2274 4841
2275 126
2275 504
2275 2017
2275 360
2275 2724
2275 4270
2276 126
2276 2339
2276 171
2276 267
2276 1647
2277 126
2277 874
2277 874
2277 1409
2277 676
2278 127
2278 194
2278 1045
2278 1045
2279 127
2279 270
2279 404
2279 2251
2279 2340
2279 2456
2279 3299
2279 3576
2279 3832
2279 4691
2280 127
2280 171
2280 223
2280 327
2281 489
2281 1221
2281 127
2281 3587
2281 146
2281 1843
2281 267
2282 127
2282 186
2282 2153
2282 677
2283 127
2283 194
2283 329
2283 339
2284 4755
2284 127
2284 1943
2284 1244
2284 171
2284 3576
2284 2811
2284 454
2284 2996
2284 2251
2285 2297
2285 504
2285 127
2285 184
2285 202
2285 462
2285 2322
2285 2612
2285 1851
2285 2502
2286 741
2286 2339
2286 2457
2286 127
2286 789
2286 789
2286 3384
2287 1221
2287 2333
2287 127
2287 327
2287 400
2287 489
2287 643
2287 1311
2287 2725
2288 2333
2288 127
2288 2178
2288 3724
2288 3756
2288 4448
2288 3670
2288 914
2288 914
2288 3020
2289 462
2289 127
2289 1311
2289 4578
2290 127
2290 2339
2290 4717
2290 2457
2290 3577
2291 127
2291 400
2291 748
2291 748
2291 1354
2292 1221
2292 127
2292 1535
2292 4832
2292 4701
2292 2457
2292 1487
2293 2521
2293 2806
2293 441
2293 585
2293 128
2293 674
2293 5819
2293 4476
2294 5099
2294 2103
2294 1766
2294 4210
2294 128
2295 864
2295 864
2295 1504
2295 1512
2295 1620
2295 128
2296 1731
2296 3140
2296 128
2296 1445
2296 1465
2296 1441
2296 2021
2296 2593
2296 3660
2297 130
2297 2704
2297 3851
2297 4558
2298 1619
2298 131
2298 650
2298 107
2299 3147
2299 131
2299 653
2299 3426
2299 3672
2300 1744
2300 864
2300 864
2300 131
2301 867
2301 867
2301 131
2301 474
2301 653
2302 132
2302 1744
2302 655
2302 2987
2302 2960
2303 133
2303 533
2303 936
2303 936
2303 1852
2304 133
2304 1044
2304 1044
2304 237
2304 1435
2305 1619
2305 133
2305 1619
2305 444
2306 133
2306 4549
2306 4617
2306 1685
2306 542
2306 2198
2306 2689
2306 3860
2306 4267
2307 1273
2307 1274
2307 1273
2307 1274
2307 1274
2307 1273
2307 1273
2307 135
2307 602
2307 1275
2307 4501
2307 135
2307 1263
2307 1264
2307 1273
2307 1273
2307 2469
2307 3596
2308 3100
2308 2198
2308 135
2308 4328
2309 3102
2309 3215
2309 135
2309 3013
2309 1357
2309 3215
2310 135
2310 602
2310 1263
2310 1268
2310 1275
2311 135
2311 1037
2311 1037
2311 1717
2312 135
2312 4694
2312 2150
2312 879
2312 879
2313 136
2313 313
2313 1102
2313 1798
2314 3244
2314 137
2314 1650
2314 3205
2315 1120
2315 1407
2315 2539
2315 138
2316 138
2316 3015
2316 5666
2316 5458
2316 504
2316 4380
2317 396
2317 400
2317 3346
2317 138
2318 138
2318 360
2318 3791
2318 3793
2319 267
2319 339
2319 138
2319 400
2319 331
2320 360
2320 2017
2320 138
2320 399
2321 1123
2321 138
2321 399
2321 789
2321 789
2322 2725
2322 1459
2322 1752
2322 266
2322 138
2322 628
2322 2860
2322 216
2323 138
2323 1876
2323 1920
2323 2764
2323 3548
2324 3283
2324 138
2324 812
2324 812
2324 1586
2324 3483
2324 3740
2325 138
2325 505
2325 842
2325 842
2326 138
2326 267
2326 400
2326 5672
2327 138
2327 266
2327 789
2327 789
2327 2180
2327 5685
2328 138
2328 399
2328 456
2328 2723
2329 811
2329 811
2329 1645
2329 1647
2329 2179
2329 991
2329 991
2329 1243
2329 1893
2329 456
2329 2456
2329 138
2329 504
2329 266
2329 360
2329 788
2329 788
2329 790
2329 790
2329 612
2329 400
2329 1535
2329 5686
2329 5687
2329 2940
2329 1752
2329 267
2329 3797
2329 4064
2329 4067
2330 360
2330 138
2330 456
2331 138
2331 186
2331 254
2331 328
2331 396
2331 1084
2331 2340
2331 194
2331 740
2331 1913
2331 5462
2331 504
2331 793
2331 3765
2332 138
2332 219
2332 504
2332 841
2332 841
2332 1195
2332 1195
2332 1818
2332 2322
2333 138
2333 504
2333 336
2333 4581
2334 138
2334 1921
2334 3943
2334 3943
2334 3945
2334 3946
2335 751
2335 751
2335 2112
2335 2180
2335 138
2336 357
2336 1124
2336 138
2336 223
2336 687
2337 267
2337 400
2337 2017
2337 138
2338 2333
2338 489
2338 360
2338 138
2339 1854
2339 2165
2339 3430
2339 1815
2339 139
2339 1141
2340 140
2340 141
2340 1148
2340 812
2340 812
2340 1831
2341 140
2341 143
2341 144
2341 141
2342 1904
2342 140
2342 141
2343 1527
2343 1019
2343 1019
2343 140
2343 141
2344 528
2344 140
2344 141
2344 144
2345 2467
2345 1649
2345 140
2345 141
2345 1596
2346 3522
2346 1149
2346 140
2346 141
2346 1157
2346 3685
2347 3696
2347 3698
2347 140
2347 141
2347 4007
2347 1889
2348 1596
2348 140
2348 141
2348 5051
2349 927
2349 927
2349 140
2349 141
2350 1612
2350 140
2350 141
2350 3628
2350 144
2350 4268
2351 140
2351 141
2351 1596
2351 4905
2351 5167
2352 140
2352 141
2352 1148
2352 5052
2353 1527
2353 140
2353 141
2353 1596
2354 143
2354 1148
2354 140
2354 141
2355 3822
2355 140
2355 141
2355 4268
2355 4261
2356 3140
2356 660
2356 140
2356 141
2357 868
2357 868
2357 1364
2357 3917
2357 5761
2357 4475
2357 140
2357 141
2357 837
2357 837
2358 868
2358 868
2358 1342
2358 3922
2358 140
2358 141
2358 3822
2359 2630
2359 3870
2359 140
2359 141
2360 838
2360 838
2360 1727
2360 2014
2360 140
2360 141
2361 1761
2361 2833
2361 140
2361 141
2361 4299
2362 604
2362 3469
2362 140
2362 141
2363 1889
2363 140
2363 141
2363 2167
2363 5167
2364 304
2364 4184
2364 140
2364 141
2365 915
2365 915
2365 140
2365 141
2365 1148
2365 2062
2366 1500
2366 2709
2366 2709
2366 2713
2366 1500
2366 140
2366 141
2367 140
2367 141
2367 143
2367 144
2368 140
2368 141
2368 318
2368 1340
2369 140
2369 141
2369 1389
2369 3969
2370 140
2370 141
2370 3994
2370 2125
2371 5259
2371 2597
2371 140
2371 141
2372 2220
2372 140
2372 141
2372 1527
2373 140
2373 141
2373 1339
2373 2848
2374 140
2374 141
2374 2306
2374 5399
2375 784
2375 784
2375 2633
2375 140
2375 141
2376 145
2376 1286
2376 1985
2376 2166
2376 2305
2376 2540
2376 2638
2376 2793
2376 140
2376 141
2377 1651
2377 4999
2377 140
2377 141
2377 2080
2378 674
2378 2537
2378 3750
2378 604
2378 142
2378 502
2378 3450
2378 1410
2378 5346
2379 429
2379 1500
2379 1500
2379 2709
2379 142
2380 140
2380 141
2380 5264
2380 2985
2381 140
2381 141
2381 163
2381 165
2381 542
2381 714
2381 1596
2382 516
2382 1288
2382 2860
2382 5697
2382 142
2382 4600
2382 427
2382 3567
2383 5002
2383 241
2383 142
2383 606
2383 606
2384 140
2384 141
2384 2171
2384 1904
2384 2177
2385 140
2385 141
2385 945
2385 945
2385 1324
2386 1496
2386 2157
2386 2612
2386 140
2386 141
2386 4004
2387 1107
2387 140
2387 140
2387 141
2387 141
2387 1107
2387 142
2387 4485
2387 3924
2388 142
2388 752
2388 752
2388 1588
2388 2867
2389 142
2389 615
2389 2301
2389 2382
2389 218
2389 3777
2390 945
2390 945
2390 3702
2390 140
2390 140
2390 141
2390 141
2391 140
2391 140
2391 141
2391 141
2392 945
2392 945
2392 142
2392 3704
2393 142
2393 1032
2393 1032
2393 1032
2393 1032
2393 5532
2394 140
2394 141
2394 530
2394 1334
2395 241
2395 140
2395 141
2395 1695
2396 145
2396 1286
2396 1985
2396 2166
2396 2305
2396 2540
2396 2638
2396 2793
2396 140
2396 141
2397 140
2397 141
2397 365
2397 2722
2397 2547
2398 140
2398 140
2398 141
2398 141
2399 140
2399 141
2399 140
2399 141
2400 140
2400 141
2400 2556
2400 3415
2401 945
2401 945
2401 2157
2401 4377
2401 604
2401 1051
2401 2612
2401 3822
2401 3822
2401 2378
2401 2857
2401 3822
2401 140
2401 141
2402 142
2402 607
2402 1721
2402 192
2403 630
2403 2438
2403 140
2403 141
2404 2645
2404 2130
2404 3140
2404 1331
2404 140
2404 141
2405 140
2405 140
2405 141
2405 141
2406 548
2406 140
2406 141
2406 5571
2407 140
2407 141
2407 2157
2407 4058
2407 4536
2408 528
2408 2365
2408 140
2408 141
2409 140
2409 140
2409 141
2409 141
2409 2046
2410 1004
2410 1004
2410 1632
2410 597
2410 1045
2410 1045
2410 1271
2410 2897
2410 140
2410 141
2411 143
2411 144
2411 945
2411 945
2411 4377
2412 143
2412 144
2412 5398
2412 5399
2413 140
2413 140
2413 141
2413 141
2414 2932
2414 143
2414 696
2414 1313
2414 144
2415 649
2415 3969
2415 140
2415 141
2415 710
2415 143
2415 389
2416 140
2416 141
2416 2157
2416 143
2417 143
2417 140
2417 144
2417 141
2418 144
2418 2834
2418 1148
2418 140
2418 141
2419 1500
2419 1500
2419 140
2419 141
2420 263
2420 672
2420 2157
2420 4058
2420 140
2420 140
2420 141
2420 141
2420 365
2420 3987
2420 4096
2420 1071
2421 140
2421 141
2421 143
2421 1148
2422 1972
2422 2081
2422 140
2422 140
2422 141
2422 141
2423 1504
2423 140
2423 141
2423 585
2424 528
2424 143
2424 140
2424 141
2424 2895
2424 2985
2424 5494
2424 140
2424 140
2424 141
2424 141
2424 2028
2424 3415
2425 3454
2425 140
2425 141
2425 3969
2426 1310
2426 720
2426 1231
2426 3773
2426 5103
2426 3962
2426 140
2426 141
2426 4139
2426 696
2426 1313
2427 143
2427 144
2427 1148
2427 1594
2428 143
2428 144
2428 140
2428 141
2428 945
2428 945
2428 945
2428 945
2428 943
2428 943
2428 1541
2428 4122
2429 143
2429 969
2429 969
2429 1095
2429 343
2429 1730
2430 3969
2430 140
2430 141
2430 1620
2431 533
2431 140
2431 141
2431 1107
2432 140
2432 141
2432 542
2432 680
2433 140
2433 141
2433 140
2433 141
2434 140
2434 140
2434 141
2434 141
2434 3968
2435 3091
2435 1385
2435 5445
2435 140
2435 141
2436 140
2436 140
2436 141
2436 141
2436 1148
2437 140
2437 140
2437 141
2437 141
2438 140
2438 140
2438 141
2438 141
2439 3777
2439 1931
2439 1932
2439 140
2439 141
2440 2485
2440 1450
2440 1340
2440 140
2440 141
2440 3969
2440 3098
2441 140
2441 140
2441 141
2441 141
2441 3536
2442 140
2442 141
2442 3969
2442 2202
2442 945
2442 945
2442 4377
2443 140
2443 140
2443 140
2443 141
2443 141
2443 141
2443 5688
2444 140
2444 141
2444 1045
2444 1045
2445 140
2445 141
2445 140
2445 141
2446 140
2446 140
2446 141
2446 141
2446 140
2446 141
2446 3786
2446 597
2446 4692
2446 595
2446 1754
2446 140
2446 141
2446 3861
2447 674
2447 3297
2447 301
2447 522
2447 5260
2447 140
2447 141
2447 4035
2447 145
2447 1286
2447 1523
2447 1985
2447 2166
2447 2305
2447 2540
2447 2638
2447 2793
2447 3828
2448 140
2448 140
2448 141
2448 141
2449 140
2449 141
2449 530
2449 2833
2449 1344
2449 3004
2449 140
2449 141
2449 2833
2450 1326
2450 596
2450 1326
2450 4614
2450 1326
2450 2352
2450 545
2450 1504
2450 2846
2450 140
2450 141
2450 3919
2450 3957
2451 140
2451 141
2451 3488
2451 140
2451 141
2452 140
2452 140
2452 141
2452 141
2453 140
2453 140
2453 141
2453 141
2454 140
2454 141
2454 140
2454 140
2454 141
2454 141
2455 140
2455 140
2455 141
2455 141
2456 140
2456 140
2456 141
2456 141
2456 3969
2457 1107
2457 140
2457 141
2457 5673
2458 140
2458 141
2458 703
2458 3932
2458 4138
2458 3631
2458 4366
2459 140
2459 141
2459 140
2459 141
2460 1500
2460 140
2460 141
2460 3104
2460 5927
2460 5866
2461 140
2461 140
2461 141
2461 141
2462 3405
2462 3326
2462 140
2462 141
2462 4004
2463 140
2463 140
2463 141
2463 141
2464 140
2464 141
2464 140
2464 140
2464 141
2464 141
2464 5259
2464 5867
2465 140
2465 140
2465 141
2465 141
2466 140
2466 140
2466 141
2466 141
2466 5867
2467 140
2467 140
2467 141
2467 141
2468 945
2468 945
2468 4377
2468 3104
2468 5649
2468 140
2468 141
2468 5594
2468 5643
2468 815
2468 815
2468 1265
2469 140
2469 140
2469 141
2469 141
2469 2734
2469 140
2469 140
2469 141
2469 141
2469 2348
2470 3589
2470 140
2470 141
2470 593
2471 140
2471 140
2471 141
2471 141
2471 5400
2471 5220
2472 823
2472 823
2472 140
2472 141
2473 140
2473 141
2473 2155
2473 1480
2473 3542
2474 2195
2474 140
2474 141
2474 140
2474 141
2474 5694
2474 140
2474 141
2474 3969
2474 2297
2474 2177
2474 3787
2475 580
2475 1205
2475 1739
2475 140
2475 141
2476 140
2476 140
2476 141
2476 141
2477 542
2477 140
2477 141
2477 817
2477 817
2478 943
2478 945
2478 943
2478 945
2478 140
2478 141
2478 1625
2478 2857
2479 500
2479 501
2479 140
2479 141
2480 2302
2480 4022
2480 232
2480 140
2480 141
2480 429
2480 3358
2480 2943
2481 140
2481 141
2481 1500
2481 1500
2482 140
2482 141
2482 1917
2482 1343
2482 6103
2483 140
2483 141
2483 140
2483 144
2483 141
2484 3101
2484 2150
2484 140
2484 141
2485 140
2485 141
2485 3104
2485 140
2485 141
2486 140
2486 141
2486 140
2486 141
2487 140
2487 141
2487 5261
2487 2834
2488 140
2488 141
2488 1092
2488 1579
2488 140
2488 141
2489 140
2489 141
2489 140
2489 141
2490 5112
2490 140
2490 141
2490 1107
2491 140
2491 141
2491 258
2491 2143
2492 140
2492 140
2492 141
2492 141
2493 140
2493 141
2493 2510
2493 2612
2494 140
2494 145
2494 141
2494 1286
2494 1985
2494 2166
2494 2305
2494 2540
2494 2638
2494 2793
2494 1281
2495 140
2495 141
2495 2306
2495 5261
2495 140
2495 141
2496 1239
2496 1240
2496 140
2496 141
2496 1239
2496 1240
2496 5353
2497 140
2497 140
2497 141
2497 141
2497 140
2497 141
2498 140
2498 140
2498 141
2498 141
2499 140
2499 140
2499 141
2499 141
2500 144
2500 5002
2500 5003
2500 5005
2501 140
2501 141
2501 1726
2501 21
2502 140
2502 141
2502 1148
2502 2145
2502 2417
2502 606
2503 837
2503 837
2503 533
2503 736
2503 1446
2503 4873
2503 2051
2503 1456
2503 1451
2503 945
2503 945
2503 2055
2503 140
2503 141
2503 1143
2503 5062
2503 5889
2503 821
2503 830
2503 821
2503 830
2503 4659
2503 4828
2503 3093
2503 4364
2503 4385
2503 4340
2503 3584
2503 6017
2503 1395
2503 524
2503 1748
2503 1046
2503 3637
2503 4810
2503 6109
2503 1274
2503 1206
2504 145
2504 1286
2504 1985
2504 2166
2504 2305
2504 2540
2504 2638
2504 2793
2505 145
2505 1286
2505 1985
2505 2166
2505 2305
2505 2540
2505 2638
2505 2793
2506 145
2506 1286
2506 1985
2506 2166
2506 2305
2506 2540
2506 2638
2506 2793
2507 145
2507 1286
2507 1985
2507 2166
2507 2305
2507 2540
2507 2793
2508 145
2508 1286
2508 1985
2508 2166
2508 2305
2508 2540
2509 145
2509 1281
2509 1286
2509 1985
2509 2166
2509 2305
2509 2540
2510 145
2510 1286
2510 1985
2510 2305
2510 2540
2510 2985
2511 145
2511 1286
2511 2305
2511 2540
2512 145
2512 1286
2512 1369
2512 3274
2513 145
2513 1286
2513 1985
2513 2166
2513 2305
2513 2540
2513 2638
2513 2793
2514 145
2514 1286
2514 1985
2514 2166
2514 2305
2514 2540
2514 2638
2514 2793
2515 145
2515 1286
2515 1985
2515 2166
2515 2305
2515 2540
2515 2638
2516 145
2516 1286
2516 1985
2516 2166
2516 2305
2516 2540
2517 145
2517 1286
2517 1985
2517 2166
2517 2305
2517 2540
2517 2638
2517 2793
2518 145
2518 1286
2518 1985
2518 2166
2518 2305
2518 2540
2518 2638
2518 2793
2519 1921
2519 145
2519 1286
2519 1985
2519 2166
2519 2305
2519 2540
2519 2638
2519 2793
2520 1558
2520 145
2520 1286
2520 1985
2520 2166
2520 2305
2520 2540
2520 2638
2520 2793
2521 145
2521 1286
2521 1985
2521 2166
2521 2305
2521 2540
2521 2638
2521 2793
2522 145
2522 1286
2522 1985
2522 2166
2522 2305
2522 2540
2522 2638
2522 2793
2523 145
2523 1286
2523 1985
2523 2166
2523 2305
2523 2540
2523 2638
2523 2793
2524 145
2524 1286
2524 1985
2524 2166
2524 2305
2524 2540
2524 2638
2524 2793
2525 145
2525 1286
2525 1985
2525 2166
2525 2305
2525 2540
2525 2638
2525 2793
2525 4186
2526 145
2526 1286
2526 1985
2526 2166
2526 2305
2526 2540
2526 2638
2526 2793
2527 145
2527 1286
2527 1985
2527 2166
2527 2305
2527 2540
2528 145
2528 1286
2528 1985
2528 2166
2528 2305
2528 2540
2529 1107
2529 145
2529 1286
2529 1985
2529 2166
2529 2305
2529 2540
2529 2638
2529 2793
2530 145
2530 1286
2530 1985
2530 2166
2530 2305
2530 2540
2531 145
2531 1286
2531 1985
2531 2166
2531 2305
2531 2540
2531 2638
2531 2793
2532 145
2532 1286
2532 1985
2532 2166
2532 2305
2532 2540
2533 145
2533 1286
2533 1985
2533 2166
2533 2305
2533 2540
2533 2638
2533 2793
2534 145
2534 1286
2534 1985
2534 2166
2534 2305
2534 2540
2534 2638
2534 2793
2534 209
2535 145
2535 1286
2535 1985
2535 2166
2535 2305
2535 2540
2536 145
2536 1286
2536 1985
2536 2166
2536 2305
2536 2540
2536 2638
2536 2793
2537 145
2537 1286
2537 1985
2537 2166
2537 2305
2537 2540
2538 145
2538 1286
2538 1985
2538 2166
2538 2305
2538 2540
2538 2638
2538 2793
2539 145
2539 1286
2539 1985
2539 2166
2539 2305
2539 2540
2539 2638
2539 2793
2540 145
2540 1286
2540 1985
2540 2166
2540 2305
2540 2540
2540 2638
2540 2793
2541 145
2541 1286
2541 1985
2541 2166
2541 2305
2541 2540
2541 2638
2541 2793
2541 502
2542 145
2542 1286
2542 1985
2542 2166
2542 2305
2542 2540
2542 2638
2542 2793
2543 145
2543 1286
2543 1985
2543 2166
2543 2305
2543 2540
2543 2638
2543 2793
2544 145
2544 1286
2544 1985
2544 2166
2544 2305
2544 2540
2544 2638
2544 2793
2545 2351
2545 145
2545 1286
2545 1985
2545 2166
2545 2305
2545 2540
2545 2638
2545 2793
2546 145
2546 1286
2546 1985
2546 2166
2546 2305
2546 2540
2546 2638
2546 2793
2547 145
2547 1286
2547 1985
2547 2166
2547 2305
2547 2540
2547 2638
2547 2793
2548 145
2548 1286
2548 1985
2548 2166
2549 145
2549 1286
2549 1985
2549 2166
2549 2305
2549 2540
2549 2638
2549 2793
2550 145
2550 1286
2550 1985
2550 2166
2550 2305
2550 2540
2550 2638
2550 2793
2551 145
2551 1286
2551 1985
2551 2166
2551 2305
2551 2540
2551 2638
2551 2793
2552 145
2552 1286
2552 1985
2552 2166
2552 2305
2552 2540
2552 2638
2552 2793
2553 145
2553 1286
2553 1985
2553 2166
2553 2305
2553 2540
2553 2638
2553 2793
2554 145
2554 1286
2554 1985
2554 2166
2554 2305
2554 2540
2554 2638
2554 2793
2555 145
2555 1286
2555 1642
2555 1985
2555 2166
2555 2305
2555 2540
2555 2638
2555 2793
2556 145
2556 1286
2556 1985
2556 2166
2556 2305
2556 2540
2556 2638
2556 2793
2557 145
2557 1286
2557 1985
2557 2166
2557 2305
2557 2540
2557 2638
2557 2793
2557 2701
2557 4015
2558 145
2558 1286
2558 1985
2558 2166
2558 2305
2558 2540
2558 2638
2558 2793
2559 145
2559 1286
2559 1985
2559 2166
2559 2305
2559 2540
2559 2638
2559 2793
2560 145
2560 1286
2560 1985
2560 2166
2560 2305
2560 2540
2560 2638
2560 2793
2561 145
2561 1286
2561 1985
2561 2166
2561 2305
2561 2540
2561 2638
2561 2793
2562 145
2562 1286
2562 1985
2562 2166
2562 2305
2562 2540
2562 2638
2562 2793
2563 145
2563 1286
2563 1985
2563 2166
2563 2305
2563 2540
2563 2638
2563 2793
2564 1263
2564 2228
2564 606
2564 3356
2564 1445
2564 1473
2564 2833
2564 4906
2564 1362
2564 3919
2564 145
2564 833
2564 833
2564 1197
2564 1286
2564 1985
2564 2166
2564 2305
2564 2540
2564 2628
2564 2638
2564 2793
2564 6056
2565 472
2565 145
2565 1286
2565 1985
2565 2166
2565 2305
2565 2540
2565 2638
2565 2793
2566 145
2566 1286
2566 1985
2566 2166
2566 2305
2566 2540
2566 2638
2566 2793
2567 145
2567 1286
2567 1985
2567 2166
2567 2305
2567 2540
2567 2638
2567 2793
2568 145
2568 1286
2568 1985
2568 2166
2568 2305
2568 2540
2568 2638
2568 2793
2569 145
2569 1286
2569 1985
2569 2166
2569 2305
2569 2540
2569 2638
2569 2793
2570 145
2570 1286
2570 1985
2570 2166
2570 2305
2570 2540
2570 2638
2570 2793
2571 145
2571 1286
2571 1985
2571 2166
2571 2305
2571 2540
2571 2638
2571 2793
2572 145
2572 1286
2572 1985
2572 2166
2572 2305
2572 2540
2572 2638
2572 2793
2573 145
2573 1286
2573 1985
2573 2166
2573 2305
2573 2540
2573 2638
2573 2793
2574 145
2574 1286
2574 1985
2574 2166
2574 2305
2574 2540
2574 2638
2574 2793
2575 145
2575 1286
2575 1985
2575 2166
2575 2305
2575 2540
2575 2638
2575 2793
2576 145
2576 1286
2576 1985
2576 2166
2576 2305
2576 2540
2576 2638
2576 2793
2577 145
2577 1286
2577 1985
2577 2166
2577 2305
2577 2540
2577 2638
2577 2793
2578 145
2578 1286
2578 1881
2578 1985
2578 2166
2578 2305
2578 2540
2578 2638
2578 2793
2579 145
2579 1286
2579 1985
2579 2166
2579 2305
2579 2540
2579 2638
2579 2793
2580 145
2580 1286
2580 1985
2580 2166
2580 2305
2580 2540
2580 2638
2580 2793
2581 4682
2581 145
2581 1286
2581 1985
2581 2166
2581 2305
2581 2540
2581 2638
2581 2793
2582 203
2582 145
2582 1286
2582 1985
2582 2166
2582 2305
2582 2540
2582 2638
2582 2793
2583 145
2583 1286
2583 1985
2583 2166
2583 2305
2583 2540
2583 2638
2583 2793
2584 145
2584 1286
2584 1985
2584 2166
2584 2305
2584 2540
2584 2638
2584 2793
2585 466
2585 145
2585 1286
2585 1985
2585 2166
2585 2305
2585 2540
2585 2638
2585 2793
2586 145
2586 1286
2586 1985
2586 2166
2586 2305
2586 2540
2586 2638
2586 2793
2587 145
2587 1286
2587 1985
2587 2166
2587 2305
2587 2540
2587 2638
2587 2793
2588 145
2588 1286
2588 1985
2588 2166
2588 2305
2588 2540
2588 2638
2588 2793
2589 145
2589 1286
2589 1985
2589 2166
2589 2305
2589 2540
2589 2638
2589 2793
2590 145
2590 1286
2590 1985
2590 2166
2590 2305
2590 2540
2590 2638
2590 2793
2591 145
2591 1286
2591 1985
2591 2166
2591 2305
2591 2540
2591 2638
2591 2793
2591 982
2591 982
2592 145
2592 1286
2592 1985
2592 2166
2592 2305
2592 2540
2592 2638
2592 2793
2593 145
2593 1286
2593 1985
2593 2166
2593 2305
2593 2540
2593 2638
2593 2793
2594 145
2594 1286
2594 1985
2594 2166
2594 2305
2594 2540
2594 2638
2594 2793
2595 145
2595 1286
2595 1985
2595 2166
2595 2305
2595 2540
2595 2638
2595 2793
2596 145
2596 1286
2596 1985
2596 2166
2596 2305
2596 2540
2596 2638
2596 2793
2597 145
2597 1286
2597 1985
2597 2166
2597 2305
2597 2540
2597 2638
2597 2793
2598 145
2598 1286
2598 1985
2598 2166
2598 2305
2598 2540
2598 2638
2598 2793
2599 145
2599 1286
2599 1985
2599 2166
2599 2305
2599 2540
2599 2638
2599 2793
2600 145
2600 1286
2600 1985
2600 2166
2600 2305
2600 2540
2600 2638
2600 2793
2601 145
2601 1286
2601 1985
2601 2166
2601 2305
2601 2540
2601 2638
2601 2793
2602 4895
2602 4899
2602 145
2602 1286
2603 145
2603 1286
2603 1985
2603 2166
2603 2305
2603 2540
2603 2638
2603 2793
2604 145
2604 1286
2604 1985
2604 2166
2604 2305
2604 2540
2604 2638
2604 2793
2605 145
2605 1286
2605 1985
2605 2166
2605 2305
2605 2540
2605 2638
2605 2793
2606 145
2606 1286
2606 1985
2606 2166
2606 2305
2606 2540
2606 2638
2606 2793
2607 145
2607 240
2607 1286
2607 1985
2607 2166
2607 2305
2607 2540
2607 2638
2607 2793
2608 145
2608 1286
2608 1985
2608 2166
2608 2305
2608 2540
2608 2638
2608 2793
2609 504
2609 2322
2609 2874
2609 145
2609 1286
2609 1985
2609 2166
2609 2305
2609 2540
2609 2638
2609 2793
2610 145
2610 1286
2610 1985
2610 2166
2610 2305
2610 2540
2610 2638
2610 2793
2611 145
2611 1286
2611 1985
2611 2166
2611 2305
2611 2540
2611 2638
2611 2793
2612 145
2612 1286
2612 1985
2612 2166
2612 2305
2612 2540
2612 2638
2612 2793
2612 1583
2613 145
2613 1286
2613 1985
2613 2166
2613 2305
2613 2540
2613 2638
2613 2793
2614 145
2614 1286
2614 1985
2614 2166
2614 2305
2614 2540
2614 2638
2614 2793
2615 145
2615 1286
2615 1985
2615 2166
2615 2305
2615 2540
2615 2638
2615 2793
2616 1724
2616 145
2616 1286
2616 1985
2616 2166
2616 2305
2616 2540
2616 2638
2616 2793
2617 145
2617 1286
2617 1324
2617 1985
2617 2166
2617 2305
2617 2540
2617 2638
2617 2793
2617 2507
2617 2507
2617 593
2617 1586
2617 606
2617 945
2617 945
2617 3822
2617 4377
2618 145
2618 1286
2618 1985
2618 2166
2618 2305
2618 2540
2618 2638
2618 2793
2618 1555
2619 145
2619 1286
2619 1985
2619 2166
2619 2305
2619 2540
2619 2638
2619 2793
2620 145
2620 145
2620 1286
2620 1286
2620 1985
2620 1985
2620 2166
2620 2166
2620 2305
2620 2305
2620 2540
2620 2540
2620 2638
2620 2638
2620 2793
2620 2793
2621 145
2621 1286
2621 1985
2621 2166
2621 2305
2621 2540
2621 2638
2621 2793
2622 145
2622 1286
2622 1985
2622 2166
2622 2305
2622 2540
2622 2638
2622 2793
2623 145
2623 1286
2623 1985
2623 2166
2623 2305
2623 2540
2623 2638
2623 2793
2624 145
2624 1286
2624 1985
2624 2166
2624 2305
2624 2540
2624 2638
2624 2793
2624 5272
2625 1389
2625 145
2625 1286
2625 1985
2625 2166
2625 2305
2625 2540
2625 2638
2625 2793
2626 145
2626 1286
2626 1985
2626 2166
2626 2305
2626 2540
2626 2638
2626 2793
2627 145
2627 1286
2627 1985
2627 2166
2627 2232
2627 2305
2627 2540
2627 2638
2627 2793
2627 2171
2628 145
2628 1286
2628 1985
2628 2166
2628 2305
2628 2540
2628 2638
2628 2793
2629 145
2629 1286
2629 1985
2629 2166
2629 2305
2629 2540
2629 2638
2629 2793
2630 145
2630 1286
2630 1985
2630 2166
2630 2305
2630 2540
2630 2638
2630 2793
2631 145
2631 1286
2631 1985
2631 2166
2631 2305
2631 2540
2631 2638
2631 2793
2632 145
2632 1286
2632 1985
2632 2166
2632 2305
2632 2540
2632 2638
2632 2793
2633 145
2633 1286
2633 1985
2633 2166
2633 2305
2633 2540
2633 2638
2633 2793
2634 145
2634 1286
2634 1985
2634 2166
2634 2305
2634 2540
2634 2638
2634 2793
2635 145
2635 1286
2635 1985
2635 2166
2635 2305
2635 2540
2635 2638
2635 2793
2636 145
2636 1286
2636 1985
2636 2166
2636 2305
2636 2540
2636 2638
2636 2793
2637 145
2637 1286
2637 1985
2637 2166
2637 2305
2637 2540
2637 2638
2637 2793
2638 145
2638 1286
2638 1985
2638 2166
2638 2305
2638 2540
2638 2638
2638 2793
2639 145
2639 1286
2639 1985
2639 2166
2639 2305
2639 2540
2639 2638
2639 2793
2639 145
2639 1286
2639 1985
2639 2166
2639 2305
2639 2540
2639 2638
2639 2793
2640 145
2640 1286
2640 1985
2640 2166
2640 2305
2640 2540
2640 2638
2640 2793
2641 145
2641 1286
2641 1985
2641 2166
2641 2305
2641 2540
2641 2638
2641 2793
2642 145
2642 1286
2642 1985
2642 2166
2642 2305
2642 2540
2642 2638
2642 2793
2642 4039
2643 145
2643 1286
2643 1985
2643 2166
2643 2305
2643 2540
2643 2638
2643 2793
2644 145
2644 1286
2644 1985
2644 2166
2644 2305
2644 2540
2644 2638
2644 2793
2644 1094
2645 145
2645 1286
2645 1985
2645 2166
2645 2305
2645 2540
2645 2638
2645 2793
2646 145
2646 1286
2646 1985
2646 2166
2646 2305
2646 2540
2646 2638
2646 2793
2647 145
2647 1286
2647 1985
2647 2166
2647 2305
2647 2540
2647 2638
2647 2793
2647 1341
2648 145
2648 1286
2648 1985
2648 2166
2648 2305
2648 2540
2648 2638
2648 2793
2649 145
2649 1286
2649 1985
2649 2166
2649 2305
2649 2540
2649 2638
2649 2793
2650 145
2650 1286
2650 1985
2650 2166
2650 2305
2650 2540
2650 2638
2650 2793
2651 145
2651 1286
2651 1985
2651 2166
2651 2305
2651 2540
2651 2638
2651 2793
2652 145
2652 1286
2652 1985
2652 2166
2652 2305
2652 2540
2652 2638
2652 2793
2653 145
2653 1286
2653 1985
2653 2166
2653 2305
2653 2540
2653 2638
2653 2793
2654 145
2654 1286
2654 1985
2654 2166
2654 2305
2654 2540
2654 2638
2654 2793
2655 145
2655 1286
2655 1985
2655 2166
2655 2305
2655 2540
2655 2638
2655 2793
2656 145
2656 1286
2656 1985
2656 2166
2656 2305
2656 2540
2656 2638
2656 2793
2657 145
2657 1286
2657 1985
2657 2166
2657 2305
2657 2540
2657 2638
2657 2793
2658 145
2658 1286
2658 1985
2658 2166
2658 2305
2658 2540
2658 2638
2658 2793
2659 145
2659 1286
2659 1985
2659 2166
2659 2305
2659 2540
2659 2638
2659 2793
2659 145
2659 1286
2659 1985
2659 2166
2659 2305
2659 2540
2659 2638
2659 2793
2660 145
2660 1286
2660 1985
2660 2166
2660 2305
2660 2540
2661 145
2661 1286
2661 1985
2661 2166
2661 2305
2661 2540
2661 2638
2661 2793
2662 1721
2662 145
2662 1286
2662 1985
2662 2166
2662 2305
2662 2540
2662 2638
2662 2793
2662 3748
2663 145
2663 1286
2663 1985
2663 2166
2663 2305
2663 2540
2663 2638
2663 2793
2664 145
2664 1286
2664 1985
2664 2166
2664 2305
2664 2540
2664 2638
2664 2793
2664 2028
2665 145
2665 1286
2665 1985
2665 2166
2665 2305
2665 2540
2665 2638
2665 2793
2666 145
2666 1286
2666 1985
2666 2166
2666 2305
2666 2540
2666 2638
2666 2793
2667 145
2667 1286
2667 1985
2667 2166
2667 2305
2667 2540
2667 2638
2667 2793
2668 145
2668 1286
2668 1985
2668 2166
2668 2305
2668 2540
2668 2638
2668 2793
2669 145
2669 1286
2669 1985
2669 2166
2669 2305
2669 2540
2669 2638
2669 2793
2670 145
2670 1286
2670 1985
2670 2166
2670 2305
2670 2540
2670 2638
2670 2793
2671 145
2671 1286
2671 1985
2671 2166
2671 2305
2671 2540
2671 2638
2671 2793
2672 145
2672 1286
2672 1985
2672 2166
2672 2305
2672 2540
2672 2638
2672 2793
2673 145
2673 1286
2673 1985
2673 2166
2673 2305
2673 2540
2673 2638
2673 2793
2674 145
2674 1286
2674 1985
2674 2166
2674 2305
2674 2540
2674 2638
2674 2793
2675 145
2675 1286
2675 1985
2675 2166
2675 2305
2675 2540
2675 2638
2675 2793
2676 145
2676 1286
2676 1985
2676 2166
2676 2305
2676 2540
2676 2638
2676 2793
2677 145
2677 1286
2677 1985
2677 2166
2677 2305
2677 2540
2677 2638
2677 2793
2678 145
2678 145
2678 145
2678 145
2678 1286
2678 1286
2678 1286
2678 1286
2678 1985
2678 1985
2678 1985
2678 1985
2678 2166
2678 2166
2678 2166
2678 2166
2678 2305
2678 2305
2678 2305
2678 2305
2678 2540
2678 2540
2678 2540
2678 2540
2678 2638
2678 2638
2678 2638
2678 2638
2678 2793
2678 2793
2678 2793
2678 2793
2679 145
2679 1286
2679 1985
2679 2166
2679 2305
2679 2540
2679 2638
2679 2793
2680 145
2680 1286
2680 1985
2680 2166
2680 2305
2680 2540
2680 2638
2680 2793
2681 145
2681 1286
2681 1985
2681 2166
2681 2305
2681 2540
2681 2638
2681 2793
2682 145
2682 1286
2682 1985
2682 2166
2682 2305
2682 2540
2682 2638
2682 2793
2682 1340
2683 145
2683 1286
2683 1985
2683 2166
2683 2305
2683 2540
2683 2638
2683 2793
2683 145
2683 1286
2683 1985
2683 2166
2683 2305
2683 2540
2683 2638
2683 2793
2684 145
2684 1286
2684 1985
2684 2166
2684 2305
2684 2540
2684 2638
2684 2793
2685 145
2685 1281
2685 1286
2685 1985
2685 2166
2685 2305
2685 2540
2685 2638
2685 2793
2686 145
2686 1286
2686 1985
2686 2166
2686 2305
2686 2540
2686 2638
2686 2793
2687 145
2687 145
2687 1286
2687 1286
2687 1985
2687 1985
2687 2166
2687 2166
2687 2305
2687 2305
2687 2540
2687 2540
2687 2638
2687 2638
2687 2793
2687 2793
2688 145
2688 1286
2688 1985
2688 2166
2688 2305
2688 2540
2688 2638
2688 2793
2689 145
2689 1286
2689 1985
2689 2166
2689 2305
2689 2540
2689 2638
2689 2793
2690 674
2690 2571
2690 2889
2690 145
2690 1286
2690 1985
2690 2166
2690 2305
2690 2540
2690 2638
2690 2793
2690 1924
2690 3410
2691 145
2691 1286
2691 1985
2691 2166
2691 2305
2691 2540
2691 2638
2691 2793
2692 145
2692 1286
2692 1985
2692 2166
2692 2305
2692 2540
2692 2638
2692 2793
2693 145
2693 1286
2693 1985
2693 2166
2693 2305
2693 2540
2693 2638
2693 2793
2694 145
2694 145
2694 1286
2694 1286
2694 1985
2694 1985
2694 2166
2694 2166
2694 2305
2694 2305
2694 2540
2694 2540
2694 2638
2694 2638
2694 2793
2694 2793
2695 145
2695 1286
2695 1985
2695 2166
2695 2305
2695 2540
2695 2638
2695 2793
2696 258
2696 145
2696 1286
2696 1985
2696 2166
2696 2305
2696 2540
2696 2638
2696 2793
2696 2985
2697 145
2697 1286
2697 1985
2697 2166
2697 2305
2697 2540
2697 2638
2697 2793
2698 145
2698 1286
2698 1985
2698 2166
2698 2305
2698 2540
2698 2638
2698 2793
2699 145
2699 1286
2699 1985
2699 2166
2699 2305
2699 2540
2699 2638
2699 2793
2699 606
2700 145
2700 1286
2700 1985
2700 2166
2700 2305
2700 2540
2700 2638
2700 2793
2701 145
2701 1286
2701 1985
2701 2166
2701 2305
2701 2540
2701 2638
2701 2793
2702 145
2702 1286
2702 1985
2702 2166
2702 2305
2702 2540
2702 2638
2702 2793
2703 145
2703 1286
2703 1985
2703 2166
2703 2305
2703 2540
2703 2638
2703 2793
2704 145
2704 1286
2704 1985
2704 2166
2704 2305
2704 2540
2704 2638
2704 2793
2705 145
2705 1286
2705 1985
2705 2166
2705 2305
2705 2540
2705 2638
2705 2793
2706 145
2706 1286
2706 1985
2706 2166
2706 2305
2706 2540
2706 2638
2706 2793
2707 145
2707 1286
2707 1985
2707 2166
2707 2305
2707 2540
2707 2638
2707 2793
2707 145
2707 1286
2707 1985
2707 2166
2707 2305
2707 2540
2707 2638
2707 2793
2708 145
2708 1286
2708 1985
2708 2166
2708 2305
2708 2540
2708 2638
2708 2793
2709 145
2709 1286
2709 1985
2709 2166
2709 2305
2709 2540
2709 2638
2709 2793
2710 145
2710 273
2710 1286
2710 1985
2710 2166
2710 2305
2710 2540
2710 2638
2710 2793
2710 1670
2710 2889
2711 145
2711 1286
2711 1985
2711 2166
2711 2305
2711 2540
2711 2638
2711 2793
2712 145
2712 1281
2712 1286
2712 1985
2712 2166
2712 2305
2712 2540
2712 2638
2712 2793
2713 145
2713 1286
2713 1985
2713 2166
2713 2305
2713 2540
2713 2638
2713 2793
2714 606
2714 145
2714 1286
2714 1985
2714 2166
2714 2305
2714 2540
2714 2638
2714 2793
2715 145
2715 1286
2715 1985
2715 2166
2715 2305
2715 2540
2715 2638
2715 2793
2716 145
2716 145
2716 145
2716 145
2716 1286
2716 1286
2716 1286
2716 1286
2716 1985
2716 1985
2716 1985
2716 1985
2716 2166
2716 2166
2716 2166
2716 2166
2716 2305
2716 2305
2716 2305
2716 2305
2716 2540
2716 2540
2716 2540
2716 2540
2716 2638
2716 2638
2716 2638
2716 2638
2716 2793
2716 2793
2716 2793
2716 2793
2716 1107
2717 145
2717 1286
2717 1985
2717 2166
2717 2305
2717 2540
2717 2638
2717 2793
2718 145
2718 1286
2718 1985
2718 2166
2718 2305
2718 2540
2719 145
2719 1286
2719 1985
2719 2166
2719 2305
2719 2540
2719 2638
2719 2793
2720 145
2720 1286
2720 1985
2720 2166
2720 2305
2720 2540
2720 2638
2720 2793
2721 145
2721 1286
2721 1985
2721 2166
2721 2305
2721 2540
2721 2638
2721 2793
2722 145
2722 1286
2722 1985
2722 2166
2722 2305
2722 2540
2722 2638
2722 2793
2723 145
2723 1286
2723 1985
2723 2166
2723 2305
2723 2540
2723 2638
2723 2793
2724 145
2724 1286
2724 1985
2724 2166
2724 2305
2724 2540
2724 2638
2724 2793
2724 3662
2724 3162
2724 4010
2725 145
2725 1286
2725 1985
2725 2166
2725 2305
2725 2540
2725 2638
2725 2793
2726 145
2726 1286
2726 1985
2726 2166
2726 2305
2726 2540
2726 2638
2726 2793
2727 145
2727 1286
2727 1985
2727 2166
2727 2305
2727 2540
2727 2638
2727 2793
2728 145
2728 1286
2728 1985
2728 2166
2728 2305
2728 2540
2728 2638
2728 2793
2729 145
2729 1286
2729 1985
2729 2166
2729 2305
2729 2540
2729 2638
2729 2793
2730 145
2730 1286
2730 1985
2730 2166
2730 2305
2730 2540
2730 2638
2730 2793
2731 145
2731 1286
2731 1985
2731 2166
2731 2305
2731 2540
2731 2638
2731 2793
2731 606
2732 145
2732 145
2732 1286
2732 1286
2732 1985
2732 1985
2732 2166
2732 2166
2732 2305
2732 2305
2732 2540
2732 2540
2732 2638
2732 2638
2732 2793
2732 2793
2733 145
2733 1286
2733 1985
2733 2166
2733 2305
2733 2540
2733 2638
2733 2793
2734 145
2734 1286
2734 1985
2734 2166
2734 2305
2734 2540
2734 2638
2734 2793
2735 145
2735 1286
2735 1985
2735 2166
2735 2305
2735 2540
2735 2638
2735 2793
2736 145
2736 1286
2736 1985
2736 2166
2736 2305
2736 2540
2736 2638
2736 2793
2737 1500
2737 1500
2737 145
2737 1286
2737 1985
2737 2166
2737 2305
2737 2540
2737 2638
2737 2793
2738 145
2738 1286
2738 1985
2738 2166
2738 2305
2738 2540
2738 2638
2738 2793
2738 1881
2739 145
2739 1286
2739 1985
2739 2166
2739 2305
2739 2540
2739 2638
2739 2793
2740 145
2740 1286
2740 1985
2740 2166
2740 2305
2740 2540
2740 2638
2740 2793
2741 145
2741 1286
2741 1985
2741 2166
2741 2305
2741 2540
2741 2638
2741 2793
2742 145
2742 1286
2742 1985
2742 2166
2742 2305
2742 2540
2742 2638
2742 2793
2743 1946
2743 145
2743 1286
2743 1985
2743 2166
2743 2305
2743 2540
2743 2638
2743 2793
2743 2854
2743 2378
2743 1325
2744 145
2744 1286
2744 1985
2744 2166
2744 2305
2744 2540
2744 2638
2744 2793
2745 145
2745 1286
2745 1985
2745 2166
2745 2305
2745 2540
2745 2638
2745 2793
2746 145
2746 1286
2746 1985
2746 2166
2746 2305
2746 2540
2746 2638
2746 2793
2747 145
2747 1286
2747 1985
2747 2166
2747 2305
2747 2540
2748 145
2748 1286
2748 1985
2748 2166
2748 2305
2748 2540
2748 2638
2748 2793
2749 145
2749 1286
2749 1985
2749 2166
2749 2305
2749 2540
2749 2638
2749 2793
2749 2529
2750 145
2750 1286
2750 1985
2750 2166
2750 2305
2750 2540
2751 609
2751 145
2751 1286
2751 1985
2751 2166
2751 2305
2751 2540
2751 2638
2751 2793
2752 145
2752 1286
2752 1985
2752 2166
2752 2305
2752 2540
2752 2638
2752 2793
2753 145
2753 1286
2753 1985
2753 2166
2753 2305
2753 2540
2753 2638
2753 2793
2753 4724
2754 145
2754 1286
2754 1985
2754 2166
2754 2305
2754 2540
2754 2638
2754 2793
2755 145
2755 1286
2755 1985
2755 2166
2755 2305
2755 2540
2756 145
2756 1286
2756 1985
2756 2166
2756 2305
2756 2540
2756 2638
2756 2793
2757 145
2757 1286
2757 1985
2757 2166
2757 2305
2757 2540
2757 2638
2757 2793
2758 145
2758 1286
2758 1985
2758 2166
2758 2305
2758 2540
2758 2638
2758 2793
2759 145
2759 1286
2759 1985
2759 2166
2759 2305
2759 2540
2759 2638
2759 2793
2760 145
2760 1286
2760 1985
2760 2166
2760 2305
2760 2540
2760 2638
2760 2793
2761 1954
2761 145
2761 145
2761 1286
2761 1985
2761 2166
2761 2305
2761 2540
2761 2638
2761 2793
2762 145
2762 1286
2762 1985
2762 2166
2762 2305
2762 2540
2762 2638
2762 2793
2763 145
2763 1286
2763 1985
2763 2166
2763 2305
2763 2540
2763 2638
2763 2793
2764 145
2764 1286
2764 1985
2764 2166
2764 2305
2764 2540
2764 2638
2764 2793
2764 2138
2765 145
2765 1286
2765 1985
2765 2166
2765 2305
2765 2540
2765 2638
2765 2793
2766 145
2766 1286
2766 1985
2766 2166
2766 2305
2766 2540
2766 2638
2766 2793
2767 145
2767 606
2767 1286
2767 1985
2767 2143
2767 2166
2767 2305
2767 2540
2767 2638
2767 2793
2768 145
2768 1286
2768 1985
2768 2166
2768 2305
2768 2540
2768 2638
2768 2793
2769 145
2769 1286
2769 1985
2769 2166
2769 2305
2769 2540
2769 2638
2769 2793
2770 145
2770 1286
2770 1985
2770 2166
2770 2305
2770 2540
2770 2638
2770 2793
2771 145
2771 1286
2771 1985
2771 2166
2771 2305
2771 2540
2771 2638
2771 2793
2772 145
2772 1286
2772 1985
2772 2166
2772 2305
2772 2540
2772 2638
2772 2793
2773 145
2773 1286
2773 1985
2773 2166
2773 2305
2773 2540
2773 2638
2773 2793
2774 145
2774 1286
2774 1985
2774 2166
2774 2305
2774 2540
2774 2638
2774 2793
2775 145
2775 1286
2775 1985
2775 2166
2775 2305
2775 2540
2775 2638
2775 2793
2776 145
2776 1286
2776 1985
2776 2166
2776 2305
2776 2540
2776 2638
2776 2793
2777 145
2777 1286
2777 1985
2777 2166
2777 2305
2777 2540
2777 2638
2777 2793
2778 145
2778 1286
2778 1985
2778 2166
2778 2305
2778 2540
2778 2638
2778 2793
2779 145
2779 1286
2779 1985
2779 2166
2779 2305
2779 2540
2779 2638
2779 2793
2780 145
2780 1286
2780 1985
2780 2166
2780 2305
2780 2540
2780 2638
2780 2793
2781 145
2781 1286
2781 1985
2781 2166
2781 2305
2781 2540
2781 2638
2781 2793
2782 145
2782 1286
2782 1985
2782 2166
2782 2305
2782 2540
2782 2638
2782 2793
2783 145
2783 1286
2783 1985
2783 2166
2783 2305
2783 2540
2783 2638
2783 2793
2783 2599
2784 945
2784 945
2784 145
2784 1286
2784 1985
2784 2166
2784 2305
2784 2540
2784 2638
2784 2793
2784 145
2784 1286
2784 1985
2784 2166
2784 2305
2784 2540
2784 2638
2784 2793
2785 145
2785 1286
2785 1985
2785 2166
2785 2305
2785 2540
2785 2638
2785 2793
2786 145
2786 1286
2786 1985
2786 2166
2786 2305
2786 2540
2786 2638
2786 2793
2787 145
2787 1286
2787 1985
2787 2166
2787 2305
2787 2540
2787 2638
2787 2793
2788 145
2788 1286
2788 1985
2788 2166
2788 2305
2788 2540
2788 2638
2788 2793
2789 145
2789 1286
2789 1985
2789 2166
2789 2305
2789 2540
2789 2638
2789 2793
2789 504
2789 3549
2790 145
2790 1286
2790 1985
2790 2166
2790 2305
2790 2540
2790 2638
2790 2793
2791 145
2791 606
2791 1286
2791 1985
2791 2166
2791 2305
2791 2540
2791 2638
2791 2793
2792 145
2792 1286
2792 1985
2792 2166
2792 2305
2792 2540
2792 2638
2792 2793
2793 145
2793 1286
2793 1985
2793 2166
2793 2305
2793 2540
2793 2638
2793 2793
2794 145
2794 1286
2794 1985
2794 2166
2794 2305
2794 2540
2794 2638
2794 2793
2795 145
2795 1286
2795 1985
2795 2166
2795 2305
2795 2540
2795 2638
2795 2793
2796 145
2796 1286
2796 1985
2796 2166
2796 2305
2796 2540
2796 2638
2796 2793
2797 145
2797 1286
2797 1985
2797 2166
2797 2305
2797 2540
2797 2638
2797 2793
2798 145
2798 1286
2798 1985
2798 2166
2798 2305
2798 2540
2798 2638
2798 2793
2799 145
2799 1286
2799 1985
2799 2166
2799 2305
2799 2540
2799 2638
2799 2793
2800 145
2800 1286
2800 1985
2800 2166
2800 2305
2800 2540
2801 145
2801 1286
2801 1985
2801 2166
2801 2305
2801 2540
2801 2638
2801 2793
2802 945
2802 945
2802 145
2802 1286
2802 1985
2802 2166
2802 2305
2802 2540
2802 2638
2802 2793
2803 145
2803 1286
2803 1985
2803 2166
2803 2305
2803 2540
2803 2638
2803 2793
2804 145
2804 1286
2804 1985
2804 2166
2804 2305
2804 2540
2804 2638
2804 2793
2805 145
2805 1286
2805 1985
2805 2166
2805 2305
2805 2540
2805 2638
2805 2793
2806 145
2806 1286
2806 1985
2806 2166
2806 2305
2806 2540
2806 2638
2806 2793
2807 145
2807 1286
2807 1985
2807 2166
2807 2305
2807 2540
2807 2638
2807 2793
2807 1340
2808 145
2808 1286
2808 1985
2808 2166
2808 2305
2808 2540
2808 2638
2808 2793
2809 145
2809 1286
2809 1985
2809 2166
2809 2305
2809 2540
2809 2638
2809 2793
2809 653
2810 145
2810 1286
2810 1985
2810 2166
2810 2305
2810 2540
2810 2638
2810 2793
2811 145
2811 1286
2811 1985
2811 2166
2811 2305
2811 2540
2811 2638
2811 2793
2812 145
2812 1286
2812 1985
2812 2166
2812 2305
2812 2540
2812 2638
2812 2793
2813 145
2813 1286
2813 1985
2813 2166
2813 2305
2813 2540
2813 2638
2813 2793
2814 145
2814 1286
2814 1985
2814 2166
2814 2305
2814 2540
2814 2638
2814 2793
2815 145
2815 1286
2815 1985
2815 2166
2815 2305
2815 2540
2815 2638
2815 2793
2816 145
2816 1286
2816 1985
2816 2166
2816 2305
2816 2540
2816 2638
2816 2793
2817 145
2817 1286
2817 1985
2817 2166
2817 2305
2817 2540
2817 2638
2817 2793
2818 145
2818 1286
2818 1985
2818 2166
2818 2305
2818 2540
2818 2638
2818 2793
2819 145
2819 1286
2819 1985
2819 2166
2819 2305
2819 2540
2819 2638
2819 2793
2820 145
2820 1286
2820 1985
2820 2166
2820 2305
2820 2540
2820 2638
2820 2793
2821 145
2821 1286
2821 1985
2821 2166
2821 2305
2821 2540
2821 2638
2821 2793
2822 145
2822 1286
2822 1985
2822 2166
2822 2305
2822 2540
2822 2638
2822 2793
2823 145
2823 1286
2823 1985
2823 2166
2823 2305
2823 2540
2823 2638
2823 2793
2824 145
2824 1286
2824 1985
2824 2166
2824 2305
2824 2540
2824 2638
2824 2793
2825 145
2825 1286
2825 1985
2825 2166
2825 2305
2825 2540
2825 2638
2825 2793
2826 145
2826 1286
2826 1985
2826 2166
2826 2305
2826 2540
2826 2638
2826 2793
2826 542
2827 145
2827 1286
2827 1985
2827 2166
2827 2305
2827 2540
2827 2638
2827 2793
2827 145
2828 145
2828 1286
2828 1985
2828 2166
2829 145
2829 145
2829 1286
2829 1985
2829 2166
2829 2305
2829 2540
2829 2638
2829 2793
2830 145
2830 1286
2830 1985
2830 2166
2830 2305
2830 2540
2830 2638
2830 2793
2831 145
2831 1286
2831 1985
2831 2166
2831 2305
2831 2540
2831 2638
2831 2793
2832 145
2832 1286
2832 1985
2832 2166
2832 2305
2832 2540
2832 2638
2832 2793
2833 145
2833 1286
2833 1985
2833 2166
2833 2305
2833 2540
2833 2638
2833 2793
2834 145
2834 1286
2834 1985
2834 2166
2834 2305
2834 2540
2834 2638
2834 2793
2835 145
2835 1286
2835 1985
2835 2166
2835 2305
2835 2540
2835 2638
2835 2793
2836 145
2836 1286
2836 1985
2836 2166
2836 2305
2836 2540
2836 2638
2836 2793
2837 145
2837 1286
2837 1985
2837 2166
2837 2305
2837 2540
2837 2638
2837 2793
2838 145
2838 1286
2838 1985
2838 2166
2838 2305
2838 2540
2838 2638
2838 2793
2839 145
2839 145
2839 1286
2839 1286
2839 1985
2839 1985
2839 2166
2839 2166
2839 2305
2839 2305
2839 2540
2839 2540
2839 2638
2839 2638
2839 2793
2839 2793
2840 145
2840 1286
2840 1985
2840 2166
2840 2305
2840 2540
2840 2638
2840 2793
2841 145
2841 1286
2841 1985
2841 2166
2841 2305
2841 2540
2841 2638
2841 2793
2842 145
2842 1286
2842 1985
2842 2166
2842 2305
2842 2540
2842 2638
2842 2793
2843 145
2843 1286
2843 1985
2843 2166
2843 2305
2843 2540
2843 2638
2843 2793
2844 145
2844 1286
2844 1985
2844 2166
2844 2305
2844 2540
2844 2638
2844 2793
2845 145
2845 1286
2845 1985
2845 2166
2845 2305
2845 2540
2845 2638
2845 2793
2846 145
2846 1286
2846 1985
2846 2166
2846 2199
2846 2305
2846 2540
2846 2638
2846 2793
2847 145
2847 1286
2847 1985
2847 2166
2847 2305
2847 2540
2847 2638
2847 2793
2848 145
2848 192
2848 606
2848 945
2848 945
2848 945
2848 945
2848 1286
2848 1985
2848 2166
2848 2305
2848 2540
2848 2638
2848 2793
2849 145
2849 145
2849 1286
2849 1286
2849 1985
2849 1985
2849 2166
2849 2166
2849 2305
2849 2305
2849 2540
2849 2540
2849 2638
2849 2638
2849 2793
2849 2793
2850 145
2850 1286
2850 1985
2850 2166
2850 2305
2850 2540
2850 2638
2850 2793
2851 145
2851 1286
2851 1985
2851 2166
2851 2305
2851 2540
2851 2638
2851 2793
2852 145
2852 1286
2852 1985
2852 2166
2852 2305
2852 2540
2852 2638
2852 2793
2853 145
2853 1286
2853 1985
2853 2166
2853 2305
2853 2540
2853 2638
2853 2793
2854 145
2854 1286
2854 1985
2854 2166
2854 2305
2854 2540
2854 2638
2854 2793
2855 145
2855 1286
2855 1985
2855 2166
2855 2305
2855 2540
2855 2638
2855 2793
2856 145
2856 1286
2856 1985
2856 2166
2856 2305
2856 2540
2856 2638
2856 2793
2857 145
2857 1286
2857 1985
2857 2166
2857 2305
2857 2540
2857 2638
2857 2793
2858 145
2858 145
2858 1286
2858 1286
2858 1985
2858 1985
2858 2166
2858 2166
2858 2305
2858 2305
2858 2540
2858 2540
2858 2638
2858 2638
2858 2793
2858 2793
2858 3787
2859 145
2859 1286
2859 1985
2859 2166
2859 2305
2859 2540
2859 2638
2859 2793
2860 145
2860 1286
2860 1985
2860 2166
2860 2305
2860 2540
2860 2638
2860 2793
2861 145
2861 1286
2861 1985
2861 2166
2861 2305
2861 2540
2861 2638
2861 2793
2862 145
2862 1286
2862 1985
2862 2166
2862 2305
2862 2540
2862 2638
2862 2793
2863 145
2863 1286
2863 1985
2863 2166
2863 2305
2863 2540
2863 2638
2863 2793
2864 145
2864 1286
2864 1985
2864 2166
2864 2305
2864 2540
2864 2638
2864 2793
2865 145
2865 1286
2865 1985
2865 2166
2865 2305
2865 2540
2865 2638
2865 2793
2866 145
2866 1286
2866 1985
2866 2166
2866 2305
2866 2540
2866 2638
2866 2793
2867 145
2867 1286
2867 1985
2867 2166
2867 2305
2867 2540
2867 2638
2867 2793
2868 145
2868 1286
2868 1985
2868 2166
2868 2305
2868 2540
2868 2638
2868 2793
2869 145
2869 1286
2869 1344
2869 1985
2869 2166
2869 2305
2869 2540
2869 2638
2869 2793
2870 194
2870 2181
2870 3192
2870 2587
2870 3194
2870 3685
2870 3780
2870 2178
2870 146
2871 146
2871 1585
2871 3587
2871 3971
2871 6135
2872 852
2872 852
2872 3278
2872 146
2872 2616
2872 1188
2873 2862
2873 1148
2873 3312
2873 3314
2873 2123
2873 1470
2873 146
2873 2336
2873 2079
2874 146
2874 171
2874 536
2874 1844
2875 1679
2875 1679
2875 1836
2875 1836
2875 146
2876 2091
2876 1194
2876 4884
2876 1326
2876 146
2876 3265
2877 1586
2877 5029
2877 146
2877 1416
2877 939
2877 939
2877 1844
2877 4038
2877 3971
2877 604
2878 2333
2878 146
2878 171
2878 798
2878 798
2878 2094
2878 2387
2878 2457
2879 146
2879 1036
2879 1036
2879 2496
2880 146
2880 3072
2880 1586
2880 1399
2880 3297
2880 533
2880 1368
2880 1369
2880 1793
2880 1920
2880 3274
2880 3386
2880 2037
2881 146
2881 1187
2881 1189
2881 5334
2882 146
2882 599
2882 5313
2882 1827
2883 1104
2883 156
2883 1436
2883 146
2883 1092
2884 171
2884 335
2884 453
2884 2339
2884 146
2884 1184
2885 751
2885 751
2885 266
2885 146
2885 489
2886 147
2886 148
2886 2771
2886 3850
2887 1092
2887 1679
2887 1836
2887 147
2888 148
2888 3845
2888 3818
2888 2220
2888 3835
2888 1294
2888 3727
2889 976
2889 976
2889 148
2889 215
2890 3848
2890 2607
2890 148
2890 2348
2890 1151
2891 1109
2891 148
2891 2771
2891 1108
2891 3846
2892 1056
2892 1114
2892 2573
2892 148
2892 2719
2893 148
2893 1500
2893 1500
2893 2709
2893 2712
2894 1157
2894 148
2894 2185
2894 2348
2895 244
2895 148
2895 1976
2895 1976
2896 148
2896 622
2896 1472
2896 3265
2897 973
2897 973
2897 149
2897 388
2898 150
2898 2903
2898 190
2898 2297
2898 1587
2898 1019
2898 1019
2899 878
2899 878
2899 150
2899 549
2899 749
2899 749
2899 812
2899 812
2899 784
2899 784
2899 1500
2900 752
2900 752
2900 2339
2900 151
2900 448
2900 5430
2901 1514
2901 151
2901 1679
2901 1836
2902 151
2902 280
2902 1409
2902 1570
2903 152
2903 1657
2903 3288
2903 4869
2903 4638
2904 380
2904 1731
2904 3140
2904 152
2905 4945
2905 152
2905 2889
2905 1071
2905 1657
2905 2080
2905 1285
2905 863
2905 863
2906 862
2906 862
2906 213
2906 1792
2906 153
2906 1147
2907 153
2907 4303
2907 1583
2907 6044
2908 214
2908 153
2908 166
2908 1147
2909 154
2909 990
2909 990
2909 810
2909 2017
2910 868
2910 868
2910 1365
2910 155
2910 2033
2911 155
2911 1793
2911 2195
2911 5123
2912 156
2912 1756
2912 313
2912 1620
2913 860
2913 860
2913 1184
2913 156
2914 157
2914 697
2914 1330
2914 3308
2915 157
2915 1470
2915 2202
2915 1282
2916 158
2916 2322
2916 2202
2916 2636
2917 638
2917 1844
2917 158
2917 405
2917 2139
2918 158
2918 812
2918 812
2918 2090
2918 3312
2918 3319
2919 213
2919 160
2919 761
2919 761
2920 160
2920 948
2920 960
2920 948
2920 960
2920 1612
2921 161
2921 566
2921 1976
2921 1043
2922 162
2922 1532
2922 2996
2922 194
2922 1585
2922 2428
2922 3077
2922 664
2922 3066
2922 3808
2922 4157
2923 890
2923 890
2923 2548
2923 2989
2923 4088
2923 241
2923 161
2923 2731
2924 316
2924 250
2924 161
2924 2214
2924 2946
2925 250
2925 161
2925 540
2925 1974
2926 162
2926 2631
2926 647
2926 5423
2927 649
2927 162
2927 606
2927 2697
2928 162
2928 1035
2928 1035
2928 1538
2929 163
2929 985
2929 985
2929 3331
2930 163
2930 1148
2930 162
2930 716
2930 4728
2930 1057
2931 163
2931 166
2931 644
2931 163
2932 163
2932 1511
2932 2456
2932 3211
2933 2798
2933 3261
2933 163
2933 168
2934 163
2934 213
2934 213
2934 717
2935 546
2935 1512
2935 163
2935 750
2935 750
2936 5186
2936 163
2936 400
2936 241
2936 1535
2936 171
2936 1409
2936 701
2936 2339
2936 789
2936 789
2937 163
2937 714
2937 213
2937 1792
2938 213
2938 163
2938 166
2938 952
2938 952
2938 450
2938 556
2938 1045
2938 1045
2938 595
2938 1209
2938 963
2938 963
2939 2839
2939 165
2939 165
2939 2262
2940 165
2940 2262
2940 540
2940 2290
2941 720
2941 166
2941 169
2941 165
2942 165
2942 870
2942 870
2942 1147
2943 209
2943 1667
2943 165
2943 168
2944 1500
2944 1500
2944 1500
2944 1500
2944 2709
2944 1500
2944 1500
2944 165
2945 1919
2945 165
2945 4319
2945 3903
2946 957
2946 957
2946 241
2946 165
2947 165
2947 2469
2947 3093
2947 3986
2948 165
2948 4615
2948 1339
2948 1148
2949 1033
2949 1033
2949 1033
2949 1033
2949 165
2950 1944
2950 165
2950 1881
2950 2177
2950 2048
2950 3146
2951 165
2951 1506
2951 1148
2951 4145
2952 3835
2952 165
2952 5278
2952 211
2952 985
2952 985
2953 165
2953 210
2953 715
2953 1099
2954 166
2954 718
2954 171
2954 5312
2954 4688
2955 969
2955 969
2955 166
2955 168
2955 4198
2956 167
2956 450
2956 1045
2956 1045
2957 166
2957 501
2957 3418
2957 1935
2958 166
2958 669
2958 1667
2958 714
2959 166
2959 2429
2959 1227
2959 1320
2959 916
2959 916
2960 4229
2960 2114
2960 3235
2960 168
2961 166
2961 1546
2961 166
2961 1667
2962 1679
2962 1836
2962 1697
2962 277
2962 166
2962 1747
2962 3140
2962 223
2962 1045
2962 1045
2962 3191
2962 178
2962 4184
2962 3745
2962 2903
2962 5448
2963 168
2963 2322
2963 3745
2963 3987
2964 168
2964 210
2964 1099
2964 1285
2964 2408
2964 3729
2965 1221
2965 404
2965 3315
2965 1082
2965 3695
2965 3756
2965 4376
2965 4448
2965 168
2965 3424
2965 2543
2965 1584
2966 250
2966 1479
2966 566
2966 1806
2966 168
2966 1973
2967 1560
2967 168
2967 2546
2967 3200
2968 1708
2968 2675
2968 168
2968 1691
2968 2272
2968 3452
2968 3744
2968 3743
2968 1691
2969 168
2969 1476
2969 3311
2969 3739
2969 2516
2970 170
2970 4984
2970 3457
2970 3221
2971 171
2971 127
2971 3577
2971 4409
2972 3756
2972 3934
2972 41
2972 171
2973 1036
2973 1036
2973 2496
2973 4319
2973 737
2973 3601
2973 4320
2973 171
2974 171
2974 456
2974 990
2974 4064
2975 2339
2975 2451
2975 2457
2975 5208
2975 171
2975 3756
2976 2333
2976 2963
2976 2339
2976 171
2977 331
2977 334
2977 331
2977 171
2978 3793
2978 171
2978 337
2978 2339
2979 2339
2979 171
2979 4418
2979 3286
2979 4071
2979 3840
2980 489
2980 2333
2980 2339
2980 1189
2980 171
2980 1221
2981 741
2981 2339
2981 2963
2981 171
2982 171
2982 2339
2982 4462
2982 3384
2983 3728
2983 4401
2983 171
2983 399
2984 1243
2984 2333
2984 2963
2984 171
2984 354
2984 1921
2985 1409
2985 171
2985 2339
2985 3756
2985 1244
2985 1244
2986 2333
2986 1758
2986 171
2986 2457
2987 171
2987 4219
2987 4444
2987 1019
2987 1019
2988 2457
2988 3756
2988 1221
2988 171
2989 1244
2989 2339
2989 171
2989 2457
2989 4462
2990 2339
2990 4599
2990 171
2990 2333
2991 171
2991 1243
2991 1409
2991 1409
2991 2353
2992 2333
2992 354
2992 789
2992 789
2992 171
2993 789
2993 789
2993 327
2993 171
2993 327
2994 171
2994 354
2994 2339
2994 1409
2994 4462
2994 354
2995 171
2995 838
2995 838
2995 2866
2995 1852
2995 3725
2996 462
2996 2657
2996 644
2996 2963
2996 171
2996 4039
2996 1661
2997 2333
2997 1221
2997 1244
2997 171
2997 2339
2997 1026
2998 171
2998 462
2998 536
2998 741
2999 741
2999 1036
2999 1036
2999 2496
2999 171
2999 3756
2999 3715
3000 2963
3000 1221
3000 171
3000 4462
3001 171
3001 2333
3001 536
3001 2339
3002 171
3002 1758
3002 3287
3002 2098
3002 3498
3002 2339
3002 826
3002 826
3002 455
3002 3576
3002 811
3003 171
3003 1221
3003 2339
3003 2457
3004 2457
3004 171
3004 2333
3004 3269
3004 270
3004 2017
3005 2333
3005 171
3005 676
3005 270
3006 171
3006 751
3006 751
3006 85
3006 129
3007 1131
3007 171
3007 354
3007 462
3007 1119
3007 826
3007 826
3007 249
3007 1523
3008 171
3008 1221
3008 2333
3008 1243
3008 1243
3009 171
3009 992
3009 992
3009 2449
3010 223
3010 1186
3010 171
3010 1439
3011 1184
3011 171
3011 1189
3011 2798
3012 2963
3012 171
3012 2457
3012 1221
3013 171
3013 2339
3013 2457
3013 335
3014 171
3014 1940
3014 4071
3014 3287
3014 4462
3014 4404
3014 1081
3015 171
3015 1311
3015 1221
3015 2457
3015 1340
3016 2339
3016 171
3016 267
3016 489
3016 270
3016 1244
3016 2457
3017 2339
3017 171
3017 2339
3017 2963
3018 171
3018 1221
3018 462
3018 1244
3018 1244
3019 171
3019 223
3019 225
3019 227
3019 992
3019 992
3019 1221
3019 327
3019 1131
3020 489
3020 400
3020 270
3020 4819
3020 171
3020 1439
3021 171
3021 2153
3021 2693
3021 2996
3021 1668
3021 3796
3021 3784
3021 4236
3021 4448
3021 3934
3021 4331
3021 4450
3022 171
3022 2914
3022 3784
3022 2894
3022 280
3022 4418
3023 171
3023 1409
3023 1244
3023 2811
3023 2333
3024 171
3024 171
3024 842
3024 842
3024 3597
3025 171
3025 924
3025 924
3025 1844
3025 1843
3025 194
3025 471
3025 4448
3026 171
3026 171
3026 171
3026 171
3027 999
3027 999
3027 172
3027 997
3027 997
3028 2883
3028 2620
3028 173
3028 1615
3028 2972
3029 173
3029 2536
3029 3751
3029 2221
3030 174
3030 2228
3030 2232
3030 5137
3031 2524
3031 174
3031 1419
3031 2606
3032 174
3032 185
3032 599
3032 3080
3033 268
3033 174
3033 3626
3033 661
3033 5447
3034 450
3034 1410
3034 2499
3034 2823
3034 175
3035 1019
3035 1019
3035 2198
3035 5894
3035 175
3035 2666
3036 1401
3036 175
3036 3370
3036 3930
3036 3524
3037 1920
3037 175
3037 4340
3037 2507
3038 175
3038 3822
3038 4212
3038 6021
3039 1500
3039 2714
3039 175
3039 1447
3039 2709
3040 175
3040 975
3040 975
3040 1620
3041 175
3041 1192
3041 2943
3041 2943
3041 2943
3041 1932
3041 175
3041 815
3041 815
3041 515
3041 815
3041 815
3041 2329
3041 2357
3042 175
3042 1036
3042 1036
3042 2496
3043 175
3043 1154
3043 1717
3043 2630
3044 175
3044 4655
3044 3587
3044 502
3045 175
3045 229
3045 2918
3045 4731
3045 1092
3045 2329
3045 3296
3045 1361
3045 2764
3045 2023
3045 3878
3046 175
3046 2045
3046 319
3046 3221
3047 606
3047 969
3047 969
3047 1095
3047 542
3047 542
3047 175
3047 1269
3047 2442
3048 2666
3048 175
3048 879
3048 879
3048 5502
3049 1036
3049 1036
3049 2496
3049 175
3050 1036
3050 1036
3050 2496
3050 175
3051 587
3051 1035
3051 1035
3051 1920
3051 175
3051 1876
3051 916
3051 916
3052 1924
3052 3136
3052 2836
3052 869
3052 869
3052 2761
3052 3094
3052 176
3052 957
3052 957
3052 3189
3052 5032
3052 952
3052 952
3052 2484
3052 2612
3052 3187
3052 314
3052 3091
3052 939
3052 939
3053 177
3053 2756
3053 1436
3053 4388
3053 192
3054 178
3054 1671
3054 306
3054 310
3054 3241
3054 1587
3054 1309
3055 178
3055 1001
3055 1001
3055 3415
3056 178
3056 1217
3056 1587
3056 3718
3056 3860
3057 178
3057 191
3057 3648
3057 2165
3057 834
3057 1046
3057 834
3057 1046
3057 1499
3058 178
3058 1218
3058 864
3058 864
3059 1671
3059 178
3059 1597
3060 530
3060 178
3060 815
3060 815
3061 178
3061 2441
3061 4229
3061 3357
3061 1094
3061 4290
3062 178
3062 92
3062 1193
3062 4515
3063 815
3063 815
3063 443
3063 2468
3063 178
3063 945
3063 945
3063 4377
3064 179
3064 364
3064 1593
3064 2364
3064 1654
3065 181
3065 277
3065 443
3065 585
3065 1235
3065 1697
3065 8
3066 181
3066 254
3066 2719
3066 1228
3066 1084
3066 2499
3067 4163
3067 183
3067 4159
3067 4161
3068 2701
3068 184
3068 3632
3068 1045
3068 1045
3068 3621
3069 184
3069 1036
3069 1036
3069 2496
3070 414
3070 659
3070 183
3070 412
3070 416
3071 184
3071 1804
3071 2297
3071 812
3071 812
3072 184
3072 2628
3072 1470
3072 1816
3072 2521
3073 566
3073 184
3073 1500
3073 1500
3074 184
3074 1036
3074 1036
3074 2496
3075 184
3075 1036
3075 1036
3075 2496
3075 1107
3076 183
3076 1341
3076 2018
3076 2181
3076 3326
3076 4376
3077 1710
3077 2606
3077 5373
3077 1562
3077 185
3077 346
3078 185
3078 2739
3078 2450
3078 2685
3078 4205
3078 4297
3078 4204
3078 4300
3078 3977
3079 185
3079 1455
3079 1045
3079 1045
3080 241
3080 1954
3080 185
3080 2157
3080 2364
3081 185
3081 1470
3081 1462
3081 2301
3081 2489
3081 1810
3081 734
3081 439
3081 1694
3081 2147
3082 186
3082 2470
3082 2349
3082 2395
3082 2954
3083 186
3083 1841
3083 3410
3083 4310
3084 246
3084 186
3084 2339
3084 789
3084 789
3085 186
3085 194
3085 451
3085 751
3085 751
3085 404
3085 662
3085 5599
3086 186
3086 502
3086 556
3086 817
3086 817
3086 1920
3086 2537
3086 3297
3086 3386
3086 3986
3087 186
3087 2153
3087 692
3087 1943
3087 3015
3088 186
3088 2663
3088 2424
3088 2221
3088 4356
3089 591
3089 1180
3089 2662
3089 2660
3089 1259
3089 3265
3089 555
3089 1045
3089 1045
3089 186
3089 1167
3089 1865
3089 194
3089 1253
3089 1680
3090 186
3090 1052
3090 1412
3090 617
3091 569
3091 2294
3091 186
3091 829
3091 829
3091 3015
3091 1919
3091 2787
3091 2908
3091 2883
3091 3203
3091 3481
3091 2366
3092 186
3092 2723
3092 2058
3092 3540
3092 265
3092 3722
3093 186
3093 194
3093 2966
3093 344
3094 186
3094 1943
3094 842
3094 842
3094 2882
3094 1615
3094 1937
3094 1615
3094 2750
3094 4163
3094 3756
3094 4461
3094 4418
3094 2641
3094 3083
3094 3266
3094 4283
3095 186
3095 3597
3095 3272
3095 4149
3096 504
3096 692
3096 186
3096 829
3096 829
3096 2112
3096 2018
3096 2428
3096 3192
3096 2723
3096 2180
3096 3522
3097 187
3097 186
3097 194
3097 842
3097 842
3097 1952
3097 625
3097 4149
3097 3173
3098 186
3098 4240
3098 3649
3098 3753
3098 4208
3099 740
3099 186
3099 3540
3099 3155
3099 3316
3099 3325
3099 4452
3099 3463
3100 186
3100 3795
3100 3657
3100 3982
3100 3577
3100 4386
3100 4331
3100 6047
3100 6089
3101 924
3101 924
3101 186
3101 835
3101 2787
3101 3203
3101 3784
3101 1227
3101 4376
3101 4361
3101 3921
3102 187
3102 3133
3102 3522
3102 4103
3102 3282
3102 4306
3102 3157
3103 187
3103 272
3103 1919
3103 3326
3103 3574
3103 2274
3103 733
3103 3989
3103 3083
3104 187
3104 2484
3104 3069
3104 2419
3104 3771
3105 187
3105 829
3105 829
3105 3400
3105 2716
3106 187
3106 1941
3106 3691
3106 4077
3106 3817
3106 3555
3106 4361
3106 4434
3106 2358
3106 3675
3107 697
3107 189
3107 941
3107 941
3107 5042
3108 378
3108 901
3108 901
3108 3109
3108 189
3108 1463
3108 481
3109 1045
3109 1045
3109 1737
3109 2364
3109 2365
3109 189
3109 1170
3109 1217
3109 5614
3109 188
3109 963
3109 963
3109 1013
3109 1013
3109 178
3109 4209
3109 1218
3110 189
3110 550
3110 526
3110 2720
3111 1954
3111 189
3111 593
3111 1504
3111 1619
3111 2846
3112 2182
3112 745
3112 188
3112 3643
3112 1228
3112 4517
3112 5359
3113 188
3113 378
3113 603
3113 2974
3114 188
3114 941
3114 941
3114 1114
3114 2719
3114 4669
3115 188
3115 5322
3115 1673
3115 2364
3115 3877
3115 2015
3115 5049
3116 1265
3116 3901
3116 190
3116 3006
3116 3013
3117 188
3117 906
3117 906
3117 1112
3117 2719
3118 188
3118 940
3118 941
3118 940
3118 941
3119 188
3119 941
3119 941
3119 941
3119 941
3120 188
3120 2633
3120 88
3121 190
3121 582
3121 1392
3121 3973
3121 4150
3122 1381
3122 188
3122 1056
3122 3132
3122 1380
3122 4746
3123 1646
3123 1914
3123 4353
3123 190
3123 2697
3124 494
3124 864
3124 864
3124 190
3125 1445
3125 1456
3125 2157
3125 190
3126 190
3126 864
3126 864
3126 1620
3127 190
3127 1707
3127 864
3127 864
3128 1228
3128 190
3128 589
3128 1451
3128 1467
3128 1697
3128 193
3129 190
3129 500
3129 864
3129 864
3129 1326
3129 1326
3129 1620
3129 1707
3129 1745
3129 1812
3129 1134
3129 1615
3130 2022
3130 190
3130 3499
3130 2297
3131 190
3131 864
3131 864
3131 1326
3132 190
3132 457
3132 1493
3132 433
3132 864
3132 864
3132 3083
3133 190
3133 1745
3133 1812
3133 1134
3133 1745
3134 190
3134 556
3134 1113
3134 2372
3134 1133
3134 2322
3134 1715
3135 815
3135 815
3135 191
3135 3454
3136 217
3136 1410
3136 815
3136 815
3136 191
3137 191
3137 1217
3137 3041
3138 191
3138 815
3138 815
3138 1920
3139 815
3139 815
3139 191
3139 815
3139 815
3140 3262
3140 191
3140 815
3140 815
3140 1170
3140 364
3141 191
3141 1342
3141 3922
3141 88
3142 191
3142 1221
3142 1645
3142 2333
3142 1587
3143 1326
3143 191
3143 1881
3143 236
3144 191
3144 1217
3144 1704
3144 1410
3144 486
3145 191
3145 1073
3145 1133
3145 1753
3146 191
3146 1218
3146 2364
3146 2365
3146 304
3147 874
3147 874
3147 1457
3147 2365
3147 191
3148 2069
3148 2364
3148 1217
3148 2365
3148 306
3148 191
3148 1169
3149 191
3149 2026
3149 815
3149 815
3149 1482
3150 191
3150 365
3150 1700
3150 1386
3150 2177
3151 191
3151 364
3151 2333
3151 1221
3151 2963
3151 815
3151 815
3152 192
3152 192
3152 1197
3152 833
3152 833
3153 2916
3153 192
3153 530
3153 1834
3154 2161
3154 589
3154 1281
3154 192
3154 192
3155 192
3155 258
3155 606
3155 2143
3156 192
3156 3311
3156 2640
3156 3754
3157 192
3157 607
3157 1389
3157 630
3158 945
3158 945
3158 4377
3158 192
3158 945
3158 945
3159 2903
3159 192
3159 1389
3159 1679
3159 1836
3159 864
3159 864
3159 1812
3160 192
3160 1598
3160 2571
3160 1900
3160 1340
3160 1553
3160 630
3161 193
3161 1288
3161 2074
3161 1627
3161 1104
3161 2625
3162 193
3162 511
3162 2248
3163 2272
3163 1189
3163 4772
3163 193
3163 3184
3163 3130
3163 1195
3163 3066
3164 193
3164 620
3164 1786
3164 4123
3164 4239
3164 1844
3165 193
3165 2504
3165 1954
3165 3139
3165 3454
3165 2536
3166 194
3166 991
3166 991
3166 2179
3167 945
3167 945
3167 4377
3167 696
3167 1313
3167 1410
3167 945
3167 945
3167 1197
3167 194
3167 502
3167 711
3167 945
3167 945
3167 945
3167 945
3167 4377
3167 1470
3167 3209
3167 1045
3167 1045
3168 1941
3168 194
3168 2725
3168 1881
3169 2294
3169 194
3169 2996
3169 2992
3170 194
3170 842
3170 842
3170 2022
3170 1177
3170 1584
3171 194
3171 829
3171 829
3171 1919
3171 2587
3171 3194
3171 3124
3171 2997
3171 2938
3171 3173
3171 3184
3172 812
3172 812
3172 194
3172 3300
3172 2882
3172 4187
3172 3427
3173 194
3173 829
3173 829
3173 2154
3173 216
3173 3290
3173 3291
3173 564
3173 4236
3174 829
3174 829
3174 194
3174 1354
3174 1795
3174 3312
3174 3337
3174 2966
3174 3495
3175 194
3175 1210
3175 3504
3175 1668
3175 2544
3175 3083
3176 194
3176 3180
3176 2914
3176 4117
3176 4115
3176 3149
3176 859
3177 194
3177 3522
3177 3793
3177 4019
3177 3756
3177 4316
3177 3649
3177 4294
3177 3293
3177 3577
3177 3875
3177 4460
3177 3015
3177 4347
3178 194
3178 842
3178 842
3178 1795
3178 3387
3178 1881
3179 1955
3179 569
3179 194
3179 1943
3179 1162
3179 2882
3179 3311
3179 3387
3179 3681
3179 3167
3179 4154
3179 4237
3179 3980
3179 3739
3179 1523
3179 2415
3179 2544
3179 3966
3180 2153
3180 194
3180 3124
3180 4242
3180 4293
3180 958
3180 958
3180 446
3180 1201
3181 504
3181 194
3181 2251
3181 1354
3181 1644
3181 2587
3181 3194
3181 2723
3181 2180
3181 3514
3181 3793
3181 3876
3181 1645
3182 194
3182 1478
3182 2193
3182 773
3182 773
3182 2953
3182 1021
3182 1021
3182 5544
3182 3015
3183 5119
3183 244
3183 195
3183 2724
3183 3997
3183 2716
3183 4270
3184 195
3184 1019
3184 1045
3184 1019
3184 1045
3184 1000
3185 2949
3185 2742
3185 195
3185 4472
3185 2948
3186 1378
3186 1189
3186 195
3186 2322
3186 635
3186 1820
3186 822
3186 822
3187 195
3187 1777
3187 606
3187 1107
3188 195
3188 1679
3188 1836
3188 6008
3189 508
3189 447
3189 195
3189 3592
3190 630
3190 1092
3190 195
3190 2261
3190 466
3190 1045
3190 1045
3191 195
3191 3626
3191 5878
3191 587
3191 1793
3191 5704
3191 3980
3191 4202
3191 4345
3191 5478
3192 2270
3192 3703
3192 195
3192 1484
3192 1749
3193 195
3193 3208
3193 2079
3193 3952
3194 1953
3194 195
3194 1919
3194 2542
3194 2883
3194 3203
3194 1210
3194 3568
3194 3997
3194 3773
3194 4378
3194 731
3195 3180
3195 195
3195 311
3195 2614
3195 3876
3195 2980
3195 3775
3195 4266
3195 2037
3195 4310
3195 4237
3195 3907
3195 4204
3195 3610
3195 4446
3196 195
3196 3203
3196 1478
3196 2997
3196 3358
3196 4266
3196 2022
3196 3020
3196 3449
3197 195
3197 3155
3197 3308
3197 3667
3197 4307
3197 4361
3197 2235
3197 4451
3197 3978
3198 272
3198 195
3198 3279
3198 3441
3198 2411
3198 3313
3198 2366
3198 3886
3198 4442
3198 3463
3198 1687
3198 3083
3199 2996
3199 195
3199 1802
3199 3782
3199 2557
3199 3397
3199 1937
3199 3882
3199 2750
3199 4293
3200 2251
3200 195
3200 1802
3200 3481
3200 3313
3200 216
3200 2366
3201 1953
3201 195
3201 1919
3201 2180
3201 3319
3201 1052
3201 1478
3201 3768
3201 3751
3201 4159
3201 4310
3201 2155
3201 2685
3201 4205
3201 3083
3201 3266
3201 4367
3202 195
3202 2428
3202 3316
3202 3721
3202 5719
3202 1868
3202 2147
3202 3888
3202 1842
3202 2685
3202 4205
3202 860
3202 860
3203 1386
3203 195
3203 3393
3203 3574
3203 3481
3203 3597
3203 4471
3203 3535
3203 3266
3203 245
3203 4281
3203 4347
3204 1352
3204 1383
3204 2018
3204 3180
3204 195
3204 752
3204 752
3204 3574
3204 311
3204 4078
3204 3657
3204 1563
3204 2225
3204 4316
3204 3555
3204 3980
3204 4460
3204 4461
3204 2927
3204 966
3204 966
3204 958
3204 958
3204 1005
3204 1005
3204 4456
3204 2544
3204 1611
3204 1292
3204 3266
3204 3715
3204 4190
3204 3338
3204 684
3204 3013
3205 195
3205 3188
3205 3203
3205 772
3205 772
3205 773
3205 773
3205 3773
3205 1563
3205 4315
3205 2543
3206 195
3206 788
3206 788
3206 2057
3206 261
3206 4237
3206 4471
3206 2614
3206 4364
3207 195
3207 3825
3207 3469
3207 3880
3207 1855
3207 4270
3207 2935
3207 3066
3207 2934
3207 4348
3208 195
3208 3316
3208 2750
3208 3464
3208 1298
3209 2176
3209 195
3209 1919
3209 1802
3209 1292
3210 195
3210 771
3210 771
3210 2058
3210 2333
3210 3505
3211 196
3211 1044
3211 1044
3211 4579
3211 231
3212 197
3212 1818
3212 3147
3212 1436
3213 712
3213 1660
3213 198
3213 3261
3213 1097
3213 1199
3213 219
3214 4685
3214 4686
3214 3483
3214 1048
3214 1048
3214 202
3214 4952
3214 1801
3214 1578
3214 1571
3214 352
3214 2210
3214 2078
3214 2184
3214 198
3214 3153
3214 3034
3214 1380
3214 4549
3214 854
3214 854
3214 425
3214 4907
3214 4941
3214 5195
3214 2103
3214 2367
3214 1410
3214 4908
3214 3313
3214 3568
3214 3311
3214 3314
3214 3430
3214 2614
3214 3993
3214 3769
3214 3449
3215 199
3215 218
3215 547
3215 218
3215 1219
3215 1876
3215 2590
3215 2480
3216 199
3216 601
3216 824
3216 824
3217 3066
3217 2245
3217 1125
3217 1126
3217 2903
3217 4563
3217 199
3217 524
3218 199
3218 3231
3218 446
3218 524
3218 1395
3218 2935
3218 2997
3218 1540
3219 5124
3219 199
3219 1800
3219 4583
3219 1127
3219 1340
3220 1488
3220 199
3220 2469
3220 2663
3221 200
3221 881
3221 881
3221 695
3221 5071
3221 2478
3221 3779
3221 1126
3221 1655
3221 1892
3221 3127
3221 3020
3221 619
3221 2684
3221 1842
3221 4194
3221 3739
3221 4018
3221 2022
3221 1021
3221 3294
3221 2029
3221 2935
3221 2458
3221 3066
3221 3252
3221 4311
3221 904
3221 904
3221 2934
3221 3340
3221 2937
3221 1936
3221 2938
3221 3251
3221 2936
3221 3173
3221 4331
3221 1292
3221 3184
3221 3250
3221 582
3221 3176
3221 4440
3221 3149
3221 905
3221 905
3221 3463
3221 3471
3221 3083
3221 3083
3221 3734
3221 361
3221 3743
3222 201
3222 2161
3222 3614
3222 3838
3223 201
3223 216
3223 265
3223 366
3224 201
3224 794
3224 794
3224 1175
3225 288
3225 216
3225 201
3225 1571
3225 202
3226 283
3226 208
3226 216
3226 1318
3226 201
3226 204
3226 288
3226 3119
3226 3279
3226 3924
3226 3925
3226 3926
3226 5869
3226 3610
3226 3351
3226 4281
3227 504
3227 202
3227 1777
3227 1774
3227 1870
3228 2889
3228 202
3228 3476
3228 1036
3228 1036
3228 2496
3229 202
3229 2665
3229 2479
3229 3951
3229 4347
3230 282
3230 522
3230 2125
3230 202
3230 504
3230 3218
3230 1189
3231 308
3231 1206
3231 1769
3231 202
3232 1957
3232 5488
3232 576
3232 1617
3232 3342
3232 2183
3232 203
3232 2454
3232 3500
3233 203
3233 208
3233 522
3233 1631
3233 3888
3234 203
3234 945
3234 945
3234 1389
3234 1560
3234 1990
3235 204
3235 208
3235 290
3235 460
3235 2518
3236 1276
3236 204
3236 290
3236 3565
3237 290
3237 391
3237 205
3237 931
3237 931
3237 2621
3238 940
3238 940
3238 206
3238 383
3239 717
3239 206
3239 237
3239 1435
3239 1511
3240 1106
3240 206
3240 274
3240 2836
3241 210
3241 1099
3241 206
3241 2829
3242 2568
3242 207
3242 863
3242 863
3242 382
3243 4969
3243 4214
3243 209
3243 546
3244 208
3244 672
3244 936
3244 936
3245 2709
3245 1500
3245 1500
3245 209
3246 209
3246 389
3246 742
3246 864
3246 864
3246 1725
3247 209
3247 301
3247 282
3247 3004
3248 637
3248 640
3248 1158
3248 4761
3248 208
3248 641
3248 638
3248 2826
3249 208
3249 1184
3249 3183
3249 1553
3250 208
3250 208
3250 4075
3250 1673
3250 431
3251 208
3251 391
3251 931
3251 931
3251 3494
3251 3558
3252 1679
3252 1836
3252 208
3252 296
3252 391
3252 578
3252 931
3252 931
3252 1679
3252 1836
3253 208
3253 3067
3253 3316
3253 3495
3253 3504
3253 3724
3253 2159
3253 3982
3253 4301
3253 4378
3253 4386
3253 1339
3253 4231
3253 3184
3253 1523
3253 4116
3253 2685
3253 4205
3253 60
3253 733
3253 2165
3253 3083
3253 4103
3253 625
3253 4452
3253 4450
3253 4460
3253 4017
3253 860
3253 860
3253 4282
3253 4247
3254 237
3254 1435
3254 2017
3254 2726
3254 210
3254 1099
3255 1953
3255 1919
3255 2035
3255 216
3255 210
3255 1099
3255 361
3256 210
3256 1099
3256 1411
3256 1110
3257 210
3257 1079
3257 1099
3257 2524
3257 2922
3258 210
3258 721
3258 1099
3258 1221
3259 3592
3259 5585
3259 210
3259 674
3259 1099
3259 3004
3260 210
3260 1099
3260 1035
3260 1035
3261 255
3261 210
3261 1099
3261 910
3261 910
3262 210
3262 425
3262 1099
3262 3140
3262 425
3263 1132
3263 1079
3263 210
3263 1099
3263 1227
3263 2569
3263 3204
3264 212
3264 815
3264 815
3264 1170
3264 1852
3265 750
3265 750
3265 1019
3265 1019
3265 2612
3265 3518
3265 213
3265 1792
3266 3140
3266 3140
3266 251
3266 213
3267 213
3267 1792
3267 3916
3267 4321
3268 213
3268 1792
3268 760
3268 760
3269 213
3269 1920
3269 405
3269 1036
3269 1036
3269 2496
3270 213
3270 1792
3270 957
3270 1025
3270 957
3270 1025
3271 213
3271 343
3271 854
3271 854
3272 215
3272 976
3272 976
3272 978
3272 978
3272 974
3272 974
3272 2668
3273 215
3273 847
3273 848
3273 847
3273 848
3274 215
3274 707
3274 847
3274 847
3275 704
3275 215
3275 847
3275 848
3275 977
3275 847
3275 848
3275 977
3275 4487
3276 1228
3276 216
3276 848
3276 941
3276 848
3276 941
3276 2084
3276 2719
3276 940
3276 940
3276 215
3276 974
3276 974
3277 704
3277 1076
3277 215
3277 1074
3278 3290
3278 216
3278 3495
3278 2593
3278 3660
3279 3311
3279 3237
3279 216
3279 344
3279 4288
3279 2037
3279 3575
3279 4255
3279 4440
3279 4166
3279 2165
3279 3658
3279 2831
3279 1717
3279 361
3279 479
3279 4347
3280 1943
3280 1476
3280 216
3280 5636
3280 3976
3280 2170
3280 2716
3280 4441
3280 3977
3281 3481
3281 216
3281 3721
3281 3466
3282 692
3282 835
3282 835
3282 1644
3282 3077
3282 216
3282 3778
3282 3508
3282 1655
3282 2614
3282 3665
3282 3358
3282 4293
3282 4460
3282 3293
3282 3252
3282 3470
3282 4211
3282 1493
3282 3083
3282 2436
3282 4375
3282 4283
3283 216
3283 3504
3283 3597
3283 1857
3283 3122
3283 3011
3283 3998
3283 4000
3283 2544
3283 4243
3283 3386
3284 2883
3284 3441
3284 2193
3284 2746
3284 216
3285 2693
3285 216
3285 2941
3285 3086
3286 1943
3286 3015
3286 216
3286 3724
3286 4031
3286 2170
3286 2318
3286 3469
3287 2326
3287 216
3287 752
3287 752
3288 216
3288 1151
3288 752
3288 752
3289 216
3289 1504
3289 1643
3289 1197
3290 216
3290 531
3290 2484
3290 2952
3290 2057
3290 3568
3290 283
3290 278
3290 2395
3290 265
3290 3886
3290 3665
3290 4000
3290 4304
3290 3176
3290 4465
3290 559
3291 217
3291 950
3291 950
3291 957
3291 959
3291 957
3291 959
3292 4900
3292 606
3292 218
3292 606
3292 606
3292 1121
3293 219
3293 1964
3293 4011
3293 5650
3293 5906
3294 219
3294 4008
3294 219
3294 5539
3295 916
3295 916
3295 219
3295 2628
3296 219
3296 2479
3296 3646
3296 5539
3297 219
3297 5539
3297 219
3297 1195
3298 219
3298 812
3298 812
3298 5289
3299 945
3299 945
3299 2865
3299 2868
3299 219
3299 5120
3300 265
3300 219
3300 2827
3300 3461
3300 3680
3300 3685
3300 5623
3301 219
3301 812
3301 1045
3301 812
3301 1045
3301 1410
3302 1523
3302 219
3302 5539
3302 3152
3303 1195
3303 219
3303 1964
3303 1562
3304 412
3304 866
3304 866
3304 3454
3304 220
3305 221
3305 1161
3305 1210
3305 1223
3305 1257
3306 221
3306 241
3306 858
3306 858
3307 222
3307 224
3307 228
3307 810
3307 810
3308 222
3308 810
3308 992
3308 810
3308 992
3308 4535
3309 222
3309 224
3309 223
3309 228
3310 394
3310 223
3310 395
3310 687
3311 3529
3311 223
3311 990
3311 992
3311 990
3311 992
3312 223
3312 395
3312 990
3312 990
3312 394
3312 1825
3312 6012
3313 224
3313 223
3313 228
3313 394
3313 395
3313 4656
3314 224
3314 223
3314 395
3314 810
3314 810
3315 1935
3315 223
3315 3165
3315 811
3315 5014
3316 224
3316 2179
3316 2183
3316 2233
3316 3071
3316 609
3316 5137
3317 223
3317 1342
3317 3922
3317 334
3318 223
3318 992
3318 992
3318 1181
3319 394
3319 2017
3319 223
3319 395
3319 2723
3320 224
3320 222
3320 991
3320 991
3320 395
3320 456
3320 223
3320 990
3320 990
3320 2333
3321 992
3321 992
3321 4493
3321 402
3321 223
3322 223
3322 227
3322 991
3322 991
3323 223
3323 225
3323 227
3323 990
3323 992
3323 990
3323 992
3323 2430
3324 223
3324 810
3324 990
3324 992
3324 810
3324 990
3324 992
3324 4522
3324 228
3324 4535
3325 223
3325 759
3325 759
3325 462
3326 223
3326 992
3326 992
3326 2171
3327 223
3327 3603
3327 992
3327 992
3328 223
3328 354
3328 227
3328 240
3328 1035
3328 1035
3329 1186
3329 223
3329 1952
3329 2883
3329 2723
3329 2180
3329 2724
3329 788
3329 788
3329 1535
3329 3155
3329 3784
3329 3792
3329 3795
3329 4087
3329 4448
3329 4422
3329 4421
3330 223
3330 3522
3330 1891
3330 3649
3331 223
3331 434
3331 687
3331 810
3331 810
3331 4656
3331 225
3332 223
3332 228
3332 810
3332 810
3333 1235
3333 1470
3333 615
3333 2198
3333 1452
3333 2911
3333 226
3334 1146
3334 226
3334 672
3334 1478
3335 226
3335 4725
3335 909
3335 909
3335 1225
3335 1317
3335 1964
3335 3183
3336 227
3336 810
3336 810
3336 2430
3336 2179
3337 227
3337 992
3337 992
3337 1913
3337 2867
3338 270
3338 4578
3338 227
3338 2017
3338 2179
3338 1470
3339 4703
3339 990
3339 990
3339 227
3339 1186
3340 1221
3340 227
3340 1913
3340 811
3340 811
3341 227
3341 806
3341 806
3341 2202
3342 990
3342 990
3342 227
3342 5168
3342 424
3342 5484
3343 906
3343 906
3343 1229
3343 2214
3343 431
3343 1475
3343 373
3343 1397
3343 1490
3343 1490
3343 1491
3343 1524
3343 1663
3343 367
3343 229
3343 2462
3343 2927
3343 1084
3344 4628
3344 593
3344 912
3344 1189
3344 2322
3344 4666
3344 229
3344 3153
3345 229
3345 4524
3345 4016
3345 2322
3345 5787
3345 1714
3346 230
3346 1225
3346 1554
3346 2073
3347 2593
3347 1680
3347 1680
3347 1680
3347 847
3347 847
3347 230
3347 1527
3347 1896
3347 1413
3347 5390
3347 233
3347 4725
3347 5450
3348 233
3348 1046
3348 1046
3348 1896
3348 2436
3348 3676
3348 1546
3348 1051
3349 4723
3349 235
3349 1921
3349 407
3349 606
3350 3332
3350 236
3350 1368
3350 1369
3350 3274
3350 3595
3350 1363
3350 3411
3351 1697
3351 2370
3351 236
3351 2368
3352 236
3352 236
3352 3059
3352 1432
3353 1238
3353 1251
3353 1256
3353 1569
3353 236
3354 236
3354 275
3354 1697
3354 2337
3354 4749
3355 438
3355 2170
3355 236
3355 2278
3355 236
3355 1970
3355 1235
3355 2201
3355 2200
3356 2660
3356 2662
3356 236
3356 2372
3357 277
3357 1467
3357 236
3357 277
3358 236
3358 2383
3358 1910
3358 2641
3358 1802
3359 236
3359 236
3359 236
3359 236
3359 1530
3359 3267
3360 236
3360 1468
3360 1856
3360 2030
3361 237
3361 1435
3361 3550
3361 3729
3362 1092
3362 1806
3362 3570
3362 237
3362 1435
3362 1434
3363 1434
3363 237
3363 322
3363 1435
3364 1434
3364 237
3364 1435
3364 1691
3365 2869
3365 1487
3365 238
3365 2539
3366 238
3366 1652
3366 1782
3366 4225
3367 238
3367 1125
3367 1236
3367 3363
3367 3872
3367 900
3368 238
3368 500
3368 3371
3368 3412
3368 2322
3368 2378
3369 239
3369 1923
3369 4957
3369 1920
3370 1663
3370 2574
3370 2603
3370 2575
3370 1366
3370 4059
3370 3621
3370 3839
3370 240
3370 4369
3371 1436
3371 1679
3371 1679
3371 1836
3371 1836
3371 3027
3371 3469
3371 3105
3371 240
3372 240
3372 440
3372 583
3372 1126
3373 240
3373 3450
3373 3994
3373 1045
3373 1045
3374 240
3374 1037
3374 1037
3374 1344
3375 1056
3375 240
3375 597
3375 1019
3375 1019
3376 878
3376 878
3376 2499
3376 240
3376 2437
3376 3083
3377 1436
3377 1904
3377 1904
3377 241
3377 3729
3378 1748
3378 2919
3378 2920
3378 240
3379 1808
3379 240
3379 1500
3379 1500
3379 2714
3380 1679
3380 1836
3380 3225
3380 241
3381 598
3381 1045
3381 1045
3381 2222
3381 241
3381 597
3382 240
3382 1036
3382 1036
3382 2496
3382 4390
3383 2903
3383 241
3383 1672
3383 1920
3384 841
3384 841
3384 241
3384 2232
3384 2228
3385 241
3385 240
3385 1081
3385 1667
3385 1341
3386 958
3386 958
3386 241
3386 2831
3387 740
3387 2154
3387 3222
3387 3275
3387 2411
3387 1881
3387 1563
3387 3227
3387 4233
3387 4202
3387 3024
3387 4471
3387 4474
3387 3055
3387 241
3388 3168
3388 241
3388 2831
3388 3412
3388 1148
3389 241
3389 1528
3389 4707
3389 1003
3390 240
3390 1344
3390 3834
3390 285
3390 4057
3390 4148
3390 4436
3390 4396
3390 4243
3390 4348
3391 1410
3391 1410
3391 240
3391 486
3391 1507
3391 2220
3391 2499
3391 2635
3391 3530
3392 241
3392 1036
3392 1036
3392 2496
3393 1036
3393 1036
3393 1109
3393 2496
3393 240
3394 1036
3394 1036
3394 2496
3394 241
3394 1691
3395 1679
3395 1836
3395 2459
3395 2855
3395 558
3395 241
3396 241
3396 1036
3396 1036
3396 2496
3397 1039
3397 1039
3397 240
3397 1345
3398 241
3398 5933
3398 2023
3398 2323
3399 241
3399 1045
3399 1045
3399 3986
3400 241
3400 1289
3400 1514
3400 1748
3400 1965
3400 2135
3401 1036
3401 1036
3401 2496
3401 241
3402 981
3402 981
3402 2527
3402 241
3402 477
3403 1748
3403 854
3403 854
3403 241
3403 2228
3403 2183
3403 4839
3404 241
3404 995
3404 1014
3404 995
3404 1014
3404 1341
3405 241
3405 952
3405 952
3405 3179
3405 3354
3405 3814
3406 241
3406 2100
3406 310
3406 2100
3406 3241
3406 2633
3407 1036
3407 1036
3407 2496
3407 241
3408 241
3408 1679
3408 1836
3408 1679
3408 1679
3408 1836
3408 1836
3408 1036
3408 1036
3408 2496
3409 241
3409 1343
3409 2507
3409 3605
3409 4435
3409 4467
3410 241
3410 750
3410 750
3410 2929
3411 859
3411 859
3411 241
3411 1802
3411 1220
3412 241
3412 815
3412 815
3412 364
3413 302
3413 302
3413 241
3413 388
3414 864
3414 864
3414 1277
3414 1504
3414 241
3415 503
3415 242
3415 2816
3415 1125
3416 242
3416 797
3416 797
3416 796
3416 796
3416 2483
3417 242
3417 796
3417 796
3417 3022
3418 1447
3418 1260
3418 1452
3418 1470
3418 242
3418 797
3418 797
3418 1459
3419 242
3419 797
3419 798
3419 797
3419 798
3420 797
3420 797
3420 242
3420 798
3420 798
3421 242
3421 557
3421 1097
3421 1757
3422 241
3422 1755
3422 1036
3422 1036
3422 2496
3423 242
3423 243
3423 797
3423 800
3423 797
3423 800
3424 1811
3424 2026
3424 241
3424 2911
3424 1466
3425 494
3425 243
3425 1291
3425 2012
3425 460
3425 2419
3425 857
3425 857
3425 1269
3426 243
3426 267
3426 2052
3426 4671
3426 5563
3427 606
3427 1276
3427 1759
3427 5173
3427 243
3427 4632
3427 4650
3428 241
3428 274
3428 837
3428 837
3429 241
3429 3717
3429 3622
3429 4355
3430 945
3430 945
3430 4377
3430 241
3431 241
3431 1613
3431 2511
3431 3289
3432 486
3432 1410
3432 241
3432 2683
3433 241
3433 1971
3433 1164
3433 2193
3433 283
3433 497
3433 2035
3433 3142
3433 664
3433 1911
3433 3514
3433 2203
3433 1197
3433 3129
3433 3376
3433 3685
3433 1560
3433 363
3433 1187
3433 2419
3433 2953
3433 2318
3433 3775
3433 2609
3433 2609
3433 2609
3433 2609
3433 631
3433 2958
3433 3047
3433 5263
3433 2037
3433 2355
3433 4256
3433 4267
3433 4172
3433 4259
3433 3024
3433 3025
3433 4471
3433 4037
3433 4112
3433 3426
3433 4133
3433 3427
3433 4389
3433 3020
3433 4224
3433 4166
3433 735
3433 4300
3433 905
3433 905
3433 730
3433 4384
3433 625
3433 3958
3433 4277
3433 2982
3433 3654
3433 3743
3434 1976
3434 244
3434 460
3434 3229
3434 1730
3435 2120
3435 253
3435 2436
3435 2728
3435 2533
3435 733
3435 245
3435 3013
3435 3977
3435 1326
3435 4281
3435 4346
3436 4063
3436 2021
3436 3338
3436 245
3437 3441
3437 1911
3437 2966
3437 4087
3437 1937
3437 1227
3437 4208
3437 3772
3437 4292
3437 4361
3437 3921
3437 1292
3437 2544
3437 4450
3437 4327
3437 2021
3437 245
3437 361
3437 484
3437 1584
3438 245
3438 935
3438 935
3438 2521
3439 246
3439 1004
3439 1004
3439 1578
3439 2194
3439 858
3439 858
3440 250
3440 857
3440 857
3440 519
3441 650
3441 437
3441 1764
3441 1790
3441 2987
3441 252
3442 988
3442 988
3442 252
3442 474
3443 252
3443 650
3443 1089
3443 1764
3443 2960
3444 656
3444 252
3444 437
3444 1169
3444 1744
3444 1790
3445 1236
3445 252
3445 1184
3445 2130
3445 650
3446 650
3446 653
3446 656
3446 252
3447 656
3447 2960
3447 252
3447 1744
3448 252
3448 1745
3448 1620
3448 864
3448 864
3448 3790
3448 5043
3449 786
3449 786
3449 253
3449 2416
3450 253
3450 1036
3450 1036
3450 2496
3451 4321
3451 254
3451 3101
3451 4016
3452 254
3452 947
3452 947
3452 1500
3452 2709
3452 1979
3452 254
3453 254
3453 540
3453 4228
3453 5928
3454 2120
3454 2211
3454 4028
3454 4029
3454 254
3455 254
3455 1177
3455 1668
3455 3015
3455 4765
3455 6130
3456 1881
3456 1087
3456 3673
3456 254
3456 4119
3456 826
3456 826
3456 5659
3456 1855
3457 797
3457 797
3457 1759
3457 3002
3457 5041
3457 3327
3457 254
3457 1367
3457 2764
3457 3436
3457 3709
3457 3411
3457 3435
3457 3437
3457 1568
3457 2812
3457 1364
3457 2646
3457 703
3457 706
3457 2598
3457 1677
3457 1084
3457 1979
3457 3202
3457 4169
3457 5980
3458 868
3458 868
3458 254
3458 3039
3458 2662
3459 1036
3459 1036
3459 2496
3459 254
3459 812
3459 812
3460 556
3460 254
3460 1500
3460 2709
3460 1500
3460 1500
3460 1500
3460 1500
3460 1500
3460 1045
3460 1045
3461 254
3461 1084
3461 1087
3461 1784
3461 5041
3462 254
3462 512
3462 1084
3462 1784
3463 254
3463 1084
3463 1408
3463 1324
3463 2360
3463 3851
3464 254
3464 1384
3464 2510
3464 906
3464 906
3465 254
3465 1341
3465 2077
3465 463
3465 713
3466 256
3466 1734
3466 994
3466 4385
3467 256
3467 899
3467 899
3467 815
3467 815
3468 1036
3468 1036
3468 257
3468 1812
3468 2139
3469 2010
3469 3042
3469 2143
3469 258
3469 1628
3469 1107
3470 2593
3470 3220
3470 607
3470 1679
3470 1836
3470 1679
3470 1836
3470 3226
3470 258
3470 2984
3471 258
3471 258
3471 2895
3471 1928
3471 1107
3471 1107
3472 1740
3472 258
3472 528
3472 2144
3472 542
3473 259
3473 1036
3473 1036
3473 2496
3474 1045
3474 1045
3474 1463
3474 259
3475 2255
3475 260
3475 1925
3475 1924
3476 260
3476 5119
3476 502
3476 2155
3476 969
3476 969
3476 432
3476 2256
3477 261
3477 3824
3477 5896
3478 261
3478 1004
3478 1004
3478 2162
3479 262
3479 1796
3479 1642
3479 5416
3480 262
3480 263
3480 869
3480 869
3480 1071
3480 1384
3480 1787
3480 2118
3480 2157
3480 2161
3480 2510
3481 666
3481 917
3481 917
3481 4546
3481 262
3481 2361
3481 3521
3481 5909
3481 5974
3481 5265
3481 4222
3481 4268
3481 2378
3481 4367
3482 1527
3482 2569
3482 262
3482 2464
3483 263
3483 5567
3483 3520
3483 2157
3484 821
3484 821
3484 2177
3484 830
3484 602
3484 262
3485 262
3485 1037
3485 1037
3485 2701
3486 263
3486 672
3486 750
3486 750
3487 293
3487 1870
3487 262
3487 2571
3487 1679
3487 1836
3487 1380
3487 835
3487 835
3487 2725
3487 2428
3487 2787
3487 2664
3487 1476
3487 3314
3487 1570
3487 4256
3487 4158
3487 4237
3487 4149
3487 4302
3487 3427
3487 3173
3487 4063
3487 1312
3487 1376
3487 3978
3487 4280
3488 2816
3488 5789
3488 263
3488 1583
3488 2157
3488 5714
3489 263
3489 672
3489 4620
3489 3985
3489 3812
3490 593
3490 263
3490 672
3490 2455
3490 1036
3490 1036
3490 2496
3490 3265
3490 482
3490 1019
3490 1019
3490 25
3491 1250
3491 263
3491 672
3491 1696
3492 2057
3492 3491
3492 2593
3492 263
3492 2966
3492 2886
3492 4078
3492 3049
3492 4267
3492 3664
3492 4255
3492 3024
3492 4461
3492 3025
3492 4000
3492 4474
3492 904
3492 904
3492 4447
3492 735
3492 3266
3492 4190
3492 3524
3492 2543
3493 263
3493 3136
3493 1256
3493 2807
3493 4391
3494 1427
3494 263
3494 2815
3494 1963
3494 2809
3494 2171
3494 2681
3494 364
3494 2775
3494 4367
3495 1035
3495 1035
3495 1713
3495 263
3495 1215
3495 415
3496 672
3496 263
3496 869
3496 869
3496 1328
3497 263
3497 672
3497 1218
3497 2588
3498 345
3498 263
3498 672
3498 2157
3498 2161
3499 264
3499 2323
3499 3095
3499 2220
3499 2469
3499 2476
3500 264
3500 1925
3500 2323
3500 2495
3501 2138
3501 264
3501 878
3501 878
3502 388
3502 264
3502 1437
3502 1037
3502 1037
3502 1340
3502 3204
3502 3205
3502 1071
3502 2157
3502 1507
3502 4355
3503 264
3503 1609
3503 984
3503 984
3503 4915
3504 1553
3504 264
3504 3077
3504 3782
3504 3318
3504 3984
3504 4228
3504 3877
3505 1646
3505 2614
3505 4026
3505 265
3506 265
3506 1970
3506 2239
3506 4027
3507 265
3507 286
3507 1935
3507 1145
3508 3640
3508 3237
3508 265
3508 2447
3508 2641
3509 2908
3509 265
3509 3667
3509 2716
3509 3251
3509 3808
3509 3463
3509 3877
3509 4283
3510 1476
3510 265
3510 278
3510 2318
3510 280
3511 1943
3511 265
3511 4057
3511 754
3512 2952
3512 1476
3512 265
3512 3793
3513 842
3513 842
3513 265
3513 3819
3513 2593
3513 3660
3514 3568
3514 1799
3514 265
3514 3455
3514 1412
3514 4036
3514 4419
3515 265
3515 3820
3515 3124
3515 3960
3515 1655
3515 3571
3515 280
3515 3325
3515 1717
3516 1156
3516 2587
3516 3194
3516 3310
3516 265
3516 3455
3516 4083
3516 4078
3516 4117
3517 3782
3517 772
3517 772
3517 3313
3517 265
3517 3691
3517 3167
3517 3750
3517 4084
3517 4037
3517 4413
3517 4129
3517 2486
3517 3252
3517 4327
3517 3463
3517 2436
3517 1201
3517 6089
3517 2543
3517 4128
3517 3386
3518 2908
3518 1952
3518 3574
3518 265
3518 3505
3518 4432
3519 265
3519 3621
3519 3631
3519 3839
3520 1955
3520 2786
3520 265
3520 1097
3520 3923
3520 2614
3521 1476
3521 265
3521 3780
3521 3890
3521 3504
3521 3667
3521 2980
3522 1805
3522 2045
3522 265
3522 1679
3522 1836
3522 1679
3522 1836
3522 1679
3522 1679
3522 1824
3522 1835
3522 1836
3522 1836
3522 2459
3522 1808
3523 266
3523 399
3523 456
3523 3791
3523 3940
3523 4064
3524 266
3524 4418
3524 4421
3524 504
3525 2866
3525 667
3525 1857
3525 266
3525 1855
3526 992
3526 992
3526 266
3526 2179
3527 266
3527 267
3527 456
3527 4064
3528 774
3528 774
3528 266
3528 1116
3529 266
3529 2017
3529 3549
3529 5685
3530 266
3530 504
3530 788
3530 788
3530 1535
3531 266
3531 5687
3531 2094
3531 3490
3532 266
3532 360
3532 2724
3532 788
3532 788
3532 790
3533 883
3533 883
3533 339
3533 568
3533 266
3533 1156
3533 829
3533 829
3533 2112
3533 1943
3533 2428
3533 2456
3533 2914
3533 357
3533 3815
3533 3815
3533 586
3533 2180
3533 788
3533 788
3533 2723
3533 2251
3533 1162
3533 2498
3533 426
3533 3792
3533 3796
3533 3794
3533 3681
3533 3015
3533 4019
3533 3122
3533 3934
3533 3577
3533 3015
3533 5573
3534 2284
3534 456
3534 266
3534 399
3534 400
3534 498
3535 2017
3535 266
3535 399
3535 400
3536 270
3536 267
3536 789
3536 789
3537 267
3537 360
3537 489
3537 2017
3537 3341
3537 2112
3538 3576
3538 267
3538 1131
3538 2456
3539 267
3539 400
3539 2180
3539 2723
3539 3791
3539 3793
3540 267
3540 456
3540 2017
3540 2456
3540 504
3541 1575
3541 267
3541 1311
3541 1221
3542 267
3542 359
3542 793
3542 793
3543 3214
3543 267
3543 2456
3543 1409
3543 2963
3544 267
3544 400
3544 788
3544 790
3544 788
3544 790
3545 456
3545 489
3545 2112
3545 267
3546 1221
3546 2693
3546 2339
3546 267
3546 2180
3546 2724
3546 3681
3546 4403
3546 4375
3547 2339
3547 267
3547 400
3547 489
3547 789
3547 789
3548 267
3548 270
3548 360
3548 610
3548 612
3548 4444
3549 268
3549 2090
3549 1451
3549 3000
3550 268
3550 1935
3550 5181
3550 5518
3551 268
3551 1831
3551 2198
3551 4507
3552 630
3552 1340
3552 1612
3552 2301
3552 2382
3552 2438
3552 3097
3552 268
3552 2312
3552 2907
3552 615
3552 1027
3552 2981
3552 1626
3552 4406
3552 4410
3553 2114
3553 4229
3553 658
3553 268
3554 268
3554 1831
3554 1196
3554 1698
3554 5155
3555 798
3555 798
3555 2212
3555 2515
3555 268
3555 2958
3555 611
3556 4773
3556 1833
3556 1831
3556 1834
3556 3309
3556 3626
3556 3314
3556 633
3556 268
3556 3505
3556 5636
3556 3430
3556 3717
3556 3731
3556 5349
3556 2908
3556 1749
3556 1612
3556 3393
3556 3773
3556 3837
3556 2520
3556 4096
3556 3127
3556 1401
3556 2684
3556 619
3556 3664
3556 4004
3556 4237
3556 2612
3556 1328
3556 4367
3556 3980
3556 4233
3556 3984
3556 4302
3556 2029
3556 3521
3556 524
3556 1298
3556 672
3557 268
3557 1831
3557 2007
3557 2891
3558 268
3558 833
3558 833
3558 1197
3559 268
3559 2117
3559 2616
3559 3278
3560 1920
3560 268
3560 1876
3560 2297
3560 2369
3561 1036
3561 1036
3561 2496
3561 268
3561 2419
3561 2916
3562 1876
3562 1742
3562 1876
3562 268
3563 1408
3563 268
3563 1091
3563 764
3563 764
3563 1410
3563 768
3563 768
3563 1833
3563 3644
3563 1834
3563 1906
3564 268
3564 4273
3564 4279
3564 4845
3564 3845
3564 3978
3565 501
3565 5031
3565 517
3565 518
3565 1237
3565 268
3565 2420
3565 880
3565 880
3565 477
3566 268
3566 1940
3566 1943
3566 2996
3566 2419
3566 4172
3566 3011
3566 3227
3567 482
3567 4790
3567 924
3567 924
3567 3775
3567 3646
3567 3123
3567 2516
3567 4471
3567 3998
3567 2555
3567 731
3567 269
3567 2544
3567 4466
3567 447
3567 4196
3568 2488
3568 4634
3568 269
3568 327
3568 330
3569 2198
3569 812
3569 812
3569 269
3569 3904
3570 1071
3570 3827
3570 3825
3570 3793
3570 3797
3570 4053
3570 3469
3570 2953
3570 4117
3570 3881
3570 1639
3570 4163
3570 3009
3570 4294
3570 1021
3570 1021
3570 4419
3570 2390
3570 3970
3570 269
3570 1493
3570 4076
3571 2484
3571 3820
3571 3795
3571 1857
3571 5802
3571 4242
3571 4442
3571 4426
3571 2933
3571 3934
3571 4448
3571 4308
3571 4454
3571 4471
3571 2516
3571 4418
3571 4270
3571 4331
3571 2544
3571 2935
3571 269
3571 4116
3571 4446
3571 4475
3571 2606
3571 1493
3571 3463
3571 3083
3571 1208
3571 2885
3571 2728
3571 1717
3571 4348
3572 3237
3572 2614
3572 2997
3572 3649
3572 2547
3572 3427
3572 4276
3572 269
3572 2214
3572 4291
3573 270
3573 2017
3573 360
3573 1588
3574 810
3574 810
3574 4656
3574 270
3575 270
3575 1019
3575 1019
3575 3285
3576 270
3576 456
3576 789
3576 789
3576 2940
3577 286
3577 340
3577 360
3577 270
3578 5824
3578 3796
3578 270
3578 400
3578 2017
3579 270
3579 721
3579 721
3579 1186
3580 1221
3580 1221
3580 270
3580 359
3581 270
3581 399
3581 400
3581 1645
3581 3794
3582 534
3582 270
3582 4321
3582 2333
3582 4318
3583 270
3583 360
3583 504
3583 2017
3584 400
3584 270
3584 2017
3584 1752
3585 270
3585 399
3585 400
3585 5686
3585 4067
3586 270
3586 396
3586 751
3586 789
3586 751
3586 789
3587 1311
3587 270
3587 456
3587 2017
3588 270
3588 2017
3588 852
3588 852
3589 1715
3589 270
3589 1377
3589 1610
3590 1645
3590 612
3590 4591
3590 270
3590 2456
3591 2832
3591 825
3591 825
3591 837
3591 837
3591 271
3592 1831
3592 2198
3592 271
3592 1785
3593 271
3593 1396
3593 820
3593 820
3593 845
3593 3704
3594 272
3594 3312
3594 3455
3594 2933
3594 4306
3595 272
3595 3400
3595 3481
3595 1052
3595 311
3595 3124
3595 3771
3595 3773
3595 3555
3595 1296
3595 3896
3595 3020
3595 3151
3595 3179
3595 4446
3595 3470
3595 2214
3595 4398
3595 4347
3596 272
3596 3188
3596 2787
3596 2427
3596 2058
3596 3020
3596 4069
3596 4455
3596 4291
3596 2982
3596 1298
3596 1687
3597 272
3597 2627
3597 3309
3597 3319
3597 3892
3598 272
3598 3725
3598 2492
3598 4266
3598 3982
3598 3282
3598 4302
3598 2933
3598 4301
3598 1021
3598 1021
3598 4209
3598 4385
3598 4460
3598 3266
3598 1687
3598 3654
3599 272
3599 3119
3599 2746
3599 2289
3599 4055
3599 860
3599 860
3599 4077
3599 3775
3599 4310
3599 1911
3599 4305
3599 4475
3599 4244
3599 2392
3599 4247
3600 272
3600 85
3600 2723
3600 2180
3600 772
3600 772
3600 1478
3600 2664
3600 497
3600 2395
3600 3837
3600 2520
3600 3009
3600 3282
3601 2101
3601 272
3601 2723
3601 1210
3601 3319
3601 3685
3601 3680
3602 272
3602 3300
3602 3314
3602 2886
3602 2953
3602 3317
3602 4302
3602 4455
3602 2458
3602 3798
3602 2235
3603 272
3603 3290
3603 2492
3603 3012
3604 272
3604 3326
3604 3574
3604 3321
3604 3597
3604 2447
3605 272
3605 2587
3605 3194
3605 3313
3605 4426
3605 1298
3606 273
3606 750
3606 750
3606 1658
3607 273
3607 2657
3607 1658
3607 3557
3608 315
3608 857
3608 857
3608 274
3609 3552
3609 2198
3609 319
3609 274
3610 1037
3610 1037
3610 274
3610 335
3611 274
3611 1679
3611 1679
3611 1836
3611 1836
3611 2459
3611 4359
3612 274
3612 857
3612 857
3612 319
3613 537
3613 1088
3613 274
3613 4039
3614 274
3614 672
3614 2161
3614 3364
3615 274
3615 1039
3615 1039
3615 1748
3615 644
3615 1148
3615 2062
3616 274
3616 906
3616 906
3616 1797
3617 274
3617 1954
3617 2709
3617 1940
3617 3820
3617 1844
3617 1436
3618 1189
3618 659
3618 275
3618 277
3618 2368
3618 4230
3618 3800
3619 2534
3619 276
3619 4282
3619 4024
3619 4283
3620 276
3620 591
3620 1436
3620 2660
3620 2662
3620 2879
3620 3873
3621 276
3621 2134
3621 4281
3621 701
3621 1961
3621 3014
3622 276
3622 284
3622 1981
3622 2220
3622 2579
3623 1393
3623 4677
3623 276
3623 1932
3624 969
3624 969
3624 276
3624 1410
3624 2499
3625 277
3625 2337
3625 2322
3625 3267
3625 3739
3625 2912
3625 3155
3626 277
3626 1697
3626 3267
3626 2370
3627 644
3627 738
3627 1144
3627 1019
3627 1019
3627 277
3627 598
3627 1193
3627 443
3627 1073
3627 304
3628 988
3628 988
3628 582
3628 277
3628 1220
3629 277
3629 4976
3629 2432
3629 3811
3630 277
3630 685
3630 2911
3630 2912
3631 592
3631 1619
3631 2372
3631 2569
3631 2660
3631 2662
3631 277
3632 1191
3632 656
3632 277
3632 4515
3632 1430
3632 1424
3632 653
3633 1802
3633 3320
3633 2557
3633 283
3633 278
3633 2029
3633 2861
3633 3386
3634 2035
3634 2395
3634 278
3634 4053
3634 2235
3635 1098
3635 278
3635 3750
3635 619
3636 2725
3636 3568
3636 3685
3636 278
3636 3127
3636 4208
3636 2218
3637 1952
3637 2411
3637 278
3637 2159
3638 278
3638 3681
3638 733
3638 3340
3638 3250
3638 1565
3638 3463
3638 1201
3638 3013
3639 2428
3639 772
3639 772
3639 278
3639 2593
3639 3660
3639 1203
3639 4078
3639 2994
3639 1687
3640 3481
3640 3323
3640 5082
3640 278
3640 3455
3640 4083
3640 1203
3640 3750
3640 3773
3640 2318
3640 4154
3640 1563
3640 4172
3640 4207
3640 4103
3640 4376
3640 4307
3640 4289
3640 2936
3640 2235
3640 3176
3640 914
3640 914
3640 3463
3640 4103
3640 2392
3640 4281
3641 426
3641 278
3641 2743
3641 3739
3641 4293
3641 914
3641 914
3641 3292
3641 1298
3641 4152
3641 4283
3641 1584
3642 3931
3642 1679
3642 1836
3642 279
3642 4141
3643 829
3643 829
3643 280
3643 4241
3644 1941
3644 3290
3644 280
3644 4419
3644 3670
3644 3176
3645 2768
3645 5609
3645 4932
3645 280
3645 2623
3645 5621
3645 290
3645 366
3645 1890
3645 2470
3646 335
3646 1221
3646 2333
3646 280
3646 2963
3647 752
3647 752
3647 280
3647 2830
3647 1935
3647 4093
3648 752
3648 752
3648 1244
3648 280
3648 1570
3648 366
3648 3603
3648 2333
3649 1890
3649 281
3649 347
3649 2009
3649 3911
3649 5766
3649 5004
3649 3975
3649 4193
3650 1311
3650 281
3650 576
3650 3342
3651 1180
3651 281
3651 1619
3651 606
3652 522
3652 282
3652 1145
3652 2750
3652 4247
3653 1521
3653 282
3653 2510
3653 2734
3653 1071
3653 4004
3654 301
3654 282
3654 466
3654 1721
3655 282
3655 301
3655 2771
3655 462
3655 1221
3655 2333
3656 282
3656 2889
3656 1340
3656 2464
3656 4039
3657 638
3657 522
3657 282
3657 906
3657 906
3658 1131
3658 1771
3658 1771
3658 1574
3658 281
3659 3180
3659 3316
3659 283
3659 2419
3659 609
3659 2750
3659 3577
3659 2982
3660 2914
3660 283
3660 2419
3660 2170
3660 3775
3660 3984
3661 1644
3661 1802
3661 283
3661 3005
3661 4019
3661 2159
3661 4240
3661 3875
3661 4116
3662 2542
3662 3203
3662 3320
3662 283
3662 611
3662 4348
3663 283
3663 606
3663 3390
3663 2759
3664 287
3664 286
3664 291
3664 624
3664 1065
3664 1935
3664 284
3665 2339
3665 284
3665 2811
3665 5386
3666 284
3666 667
3666 3297
3666 4356
3666 1757
3666 3386
3666 4343
3667 1203
3667 760
3667 760
3667 285
3667 5438
3668 2251
3668 2195
3668 285
3668 2958
3668 3688
3668 616
3668 2073
3668 4255
3669 2954
3669 285
3669 4197
3669 439
3670 3315
3670 1478
3670 426
3670 3681
3670 285
3671 924
3671 924
3671 3794
3671 285
3671 4240
3671 3756
3672 1386
3672 3746
3672 285
3672 3657
3672 672
3672 3086
3672 4303
3672 4304
3672 4432
3672 4283
3673 2593
3673 3660
3673 3124
3673 285
3673 2022
3673 4209
3673 4224
3673 1326
3674 1036
3674 1036
3674 2496
3674 3312
3674 3481
3674 3279
3674 3398
3674 2746
3674 3960
3674 1547
3674 285
3674 2215
3674 2147
3674 4154
3674 2280
3674 733
3674 4461
3674 4305
3674 3998
3674 2547
3674 2029
3674 2218
3674 3772
3674 4460
3674 3184
3674 4440
3674 3083
3674 3266
3674 3463
3674 3488
3674 4346
3674 4348
3675 3015
3675 2627
3675 3203
3675 1952
3675 2768
3675 3491
3675 664
3675 285
3675 3775
3675 1401
3675 2972
3675 733
3675 3451
3675 3555
3675 3980
3675 3227
3675 1005
3675 1021
3675 1005
3675 1021
3675 2937
3675 3658
3675 4432
3675 4116
3675 4450
3675 3624
3675 1157
3675 4283
3675 1122
3675 245
3675 4347
3676 285
3676 3343
3676 3854
3676 3872
3677 390
3677 909
3677 909
3677 287
3677 1852
3677 3102
3678 287
3678 286
3678 291
3678 1175
3679 4926
3679 286
3679 4061
3679 663
3680 286
3680 794
3680 794
3680 1092
3681 288
3681 2337
3681 5224
3682 394
3682 289
3682 295
3682 2017
3683 289
3683 295
3683 794
3683 794
3683 1175
3684 289
3684 295
3684 371
3684 1636
3685 289
3685 295
3685 936
3685 936
3686 3297
3686 1827
3686 290
3686 319
3687 290
3687 2096
3687 2672
3687 3368
3687 4012
3688 1250
3688 1207
3688 290
3688 1607
3689 290
3689 620
3689 1388
3689 3421
3690 290
3690 1177
3690 1144
3690 3580
3691 3540
3691 2395
3691 290
3691 2614
3691 3837
3691 3282
3691 4304
3691 3896
3691 4036
3691 3151
3691 3020
3691 4291
3691 2885
3692 3188
3692 3312
3692 3491
3692 3398
3692 290
3692 3725
3692 2289
3692 1203
3692 4019
3692 4013
3692 4310
3692 3012
3692 4148
3692 3282
3692 3753
3692 4037
3692 4289
3692 4157
3692 2415
3693 1644
3693 290
3693 1868
3693 3756
3693 4000
3694 3192
3694 290
3694 2390
3694 3179
3695 1971
3695 3155
3695 290
3695 3794
3695 3571
3695 4255
3695 4454
3695 4421
3695 3610
3696 3155
3696 290
3696 1668
3696 2289
3696 4163
3696 2159
3696 3756
3697 2153
3697 290
3697 3982
3697 4422
3697 4112
3698 835
3698 2428
3698 3549
3698 3481
3698 290
3698 1292
3698 1493
3698 3654
3698 4347
3699 290
3699 1187
3699 1186
3699 4866
3699 1184
3699 448
3699 3015
3700 290
3700 1119
3700 2652
3700 2009
3701 752
3701 752
3701 290
3701 1935
3701 2866
3702 1190
3702 1199
3702 290
3702 1189
3702 1189
3703 1175
3703 600
3703 291
3703 2119
3704 292
3704 455
3704 2618
3704 3488
3705 1745
3705 294
3705 1745
3705 1965
3705 1932
3706 2889
3706 554
3706 2521
3706 294
3706 4379
3707 294
3707 543
3707 591
3707 1340
3708 1500
3708 2709
3708 296
3708 1500
3709 2040
3709 2472
3709 322
3709 298
3710 297
3710 428
3710 534
3710 4369
3710 1612
3711 757
3711 757
3711 298
3711 363
3712 298
3712 1699
3712 2213
3712 2299
3712 2961
3712 3651
3712 3026
3712 5828
3713 300
3713 1038
3713 1038
3713 300
3713 1681
3713 1070
3713 1072
3713 5852
3713 1083
3714 1045
3714 1045
3714 301
3714 1019
3714 1019
3714 2511
3714 3297
3715 301
3715 794
3715 794
3715 1175
3716 301
3716 753
3716 753
3716 5653
3717 3195
3717 301
3717 3724
3717 1293
3717 4441
3717 4375
3718 301
3718 522
3718 2573
3718 3835
3719 301
3719 1092
3719 3218
3719 3412
3720 1037
3720 1037
3720 301
3720 546
3721 701
3721 514
3721 1661
3721 4079
3721 301
3721 1957
3722 301
3722 301
3722 549
3722 694
3723 460
3723 301
3723 522
3723 3195
3724 880
3724 880
3724 1215
3724 302
3725 1782
3725 302
3725 1992
3725 3131
3725 308
3726 302
3726 5343
3726 6132
3727 744
3727 1475
3727 779
3727 779
3727 690
3727 695
3727 889
3727 889
3727 1769
3727 302
3727 1344
3727 3328
3728 302
3728 880
3728 880
3728 783
3728 4964
3728 2673
3729 302
3729 695
3729 889
3729 889
3729 378
3729 1586
3730 302
3730 308
3730 690
3730 778
3730 778
3730 1197
3730 1691
3730 2656
3730 2675
3730 3419
3730 4702
3731 302
3731 1250
3731 1769
3731 2082
3731 880
3732 302
3732 1036
3732 1036
3732 2496
3733 302
3733 690
3733 880
3733 880
3733 1250
3733 1992
3734 302
3734 690
3734 695
3734 3004
3735 782
3735 782
3735 308
3735 302
3735 1467
3735 443
3735 442
3736 302
3736 880
3736 936
3736 880
3736 936
3736 4702
3737 1649
3737 1367
3737 1134
3737 3790
3737 303
3737 3173
3738 2365
3738 303
3738 3083
3739 838
3739 838
3739 303
3739 3083
3739 770
3739 770
3740 303
3740 443
3740 2980
3740 3484
3740 1260
3740 441
3740 2301
3740 1566
3740 2147
3740 2147
3740 2331
3741 3019
3741 304
3741 3265
3741 1852
3742 425
3742 1517
3742 841
3742 841
3742 304
3742 1233
3742 4099
3742 1309
3743 304
3743 1217
3743 1583
3743 2365
3744 304
3744 1192
3744 815
3744 815
3745 466
3745 2322
3745 304
3745 5446
3746 304
3746 1527
3746 2364
3746 310
3746 1169
3746 3241
3746 4543
3746 2157
3746 2365
3746 3174
3747 304
3747 2364
3747 2365
3747 1217
3747 2365
3748 4787
3748 305
3748 380
3748 503
3748 2906
3749 305
3749 3438
3749 4264
3750 305
3750 503
3750 4788
3750 1739
3751 1263
3751 2365
3751 1724
3751 2365
3751 306
3751 2365
3752 1873
3752 306
3752 4274
3752 1133
3753 1954
3753 306
3753 2676
3753 2364
3754 306
3754 2382
3754 2547
3754 5703
3754 833
3754 833
3755 822
3755 822
3755 307
3755 5642
3756 307
3756 1342
3756 3922
3757 307
3757 3185
3757 1972
3757 1973
3757 2081
3757 566
3758 307
3758 1107
3758 530
3758 1720
3758 1500
3758 2709
3758 1500
3758 1500
3759 308
3759 358
3759 544
3759 1583
3760 779
3760 779
3760 1781
3760 3428
3760 1509
3760 308
3761 779
3761 779
3761 308
3761 971
3762 1418
3762 308
3762 695
3762 779
3762 779
3762 1502
3763 848
3763 848
3763 308
3763 971
3763 971
3763 2083
3764 1674
3764 1781
3764 308
3764 971
3764 971
3765 308
3765 779
3765 779
3765 1250
3766 308
3766 779
3766 779
3766 4902
3767 308
3767 358
3767 889
3767 889
3768 358
3768 308
3768 779
3768 779
3769 1070
3769 1072
3769 779
3769 971
3769 779
3769 971
3769 1250
3769 1289
3769 1991
3769 308
3769 889
3770 308
3770 779
3770 779
3770 2960
3771 308
3771 1617
3771 4542
3771 1489
3772 308
3772 358
3772 889
3772 889
3773 308
3773 1172
3773 1418
3773 1184
3773 716
3773 5132
3774 308
3774 880
3774 880
3774 4542
3775 308
3775 779
3775 889
3775 779
3775 889
3775 1526
3776 695
3776 889
3776 889
3776 1207
3776 2458
3776 308
3776 779
3776 779
3776 1250
3776 358
3777 779
3777 779
3777 308
3777 2568
3778 308
3778 779
3778 889
3778 779
3778 889
3778 1207
3778 1398
3778 1418
3778 4672
3779 3744
3779 310
3779 1306
3779 3241
3780 3259
3780 310
3780 379
3780 3241
3781 2943
3781 379
3781 310
3781 3241
3781 606
3782 310
3782 1309
3782 3241
3782 2322
3783 310
3783 3241
3783 815
3783 815
3783 3041
3784 310
3784 815
3784 815
3784 2943
3784 3241
3785 310
3785 1309
3785 3241
3785 362
3786 310
3786 3241
3786 1107
3786 2759
3786 3086
3786 3022
3787 1935
3787 310
3787 364
3787 1133
3787 3241
3788 310
3788 3241
3788 310
3788 3241
3789 3495
3789 311
3789 4159
3789 4075
3789 2489
3789 1493
3789 3958
3789 4063
3789 2543
3790 3782
3790 2856
3790 311
3790 2492
3790 4117
3790 4265
3790 4301
3790 1936
3790 3989
3790 2982
3791 2005
3791 1919
3791 2883
3791 3300
3791 3155
3791 311
3791 1387
3791 2516
3792 2058
3792 3311
3792 3721
3792 311
3792 3750
3792 5802
3792 3980
3793 2941
3793 311
3793 4053
3793 2072
3793 3881
3793 2147
3793 3555
3793 4471
3793 966
3793 966
3793 625
3793 3907
3793 4389
3793 3463
3793 3266
3793 1990
3794 3318
3794 3119
3794 3323
3794 3723
3794 311
3794 3665
3794 1614
3794 4103
3794 3555
3794 3980
3794 4166
3795 311
3795 3739
3795 994
3795 3866
3796 1953
3796 311
3796 3834
3796 4401
3796 4166
3796 3908
3797 3495
3797 311
3797 2280
3797 4172
3797 3555
3797 3424
3798 771
3798 771
3798 311
3798 3739
3798 1005
3798 1005
3798 4361
3798 914
3798 914
3799 311
3799 625
3799 4154
3799 3047
3799 3555
3799 3980
3799 3227
3799 4442
3800 3188
3800 3133
3800 311
3800 3769
3800 3980
3800 4378
3800 4446
3800 1493
3800 1493
3800 3463
3800 3083
3801 1881
3801 1881
3801 311
3801 3466
3801 4013
3801 4207
3801 4240
3801 1387
3801 2516
3801 2029
3801 2218
3801 1855
3801 2390
3801 2641
3801 2936
3801 3658
3801 4384
3801 733
3801 3273
3801 439
3802 3547
3802 2058
3802 3142
3802 311
3802 2289
3802 3127
3802 3128
3802 3555
3802 4403
3802 3654
3803 311
3803 4236
3803 4037
3803 1523
3803 3083
3804 312
3804 1115
3804 1340
3804 2571
3805 354
3805 312
3805 312
3805 1668
3805 626
3805 3756
3806 1341
3806 313
3806 833
3806 833
3807 313
3807 1798
3807 979
3807 979
3808 314
3808 1583
3808 3556
3808 2157
3809 314
3809 2587
3809 3194
3809 4355
3810 4367
3810 315
3810 1586
3810 2635
3810 2363
3811 696
3811 1313
3811 315
3811 3987
3811 6074
3811 667
3812 319
3812 2923
3812 1735
3812 315
3813 315
3813 760
3813 760
3813 1056
3813 857
3813 857
3814 315
3814 2571
3814 2234
3814 2571
3815 1342
3815 3922
3815 315
3815 1691
3815 2892
3816 315
3816 2220
3816 535
3816 2571
3816 5833
3817 315
3817 1949
3817 2628
3817 3261
3818 318
3818 857
3818 857
3818 3140
3818 1975
3819 3977
3819 1340
3819 1748
3819 319
3819 566
3819 760
3819 760
3819 4367
3819 1341
3820 319
3820 1037
3820 1037
3820 3330
3820 2266
3821 319
3821 762
3821 762
3821 1532
3822 1600
3822 1616
3822 1532
3822 319
3822 1601
3823 319
3823 857
3823 857
3823 2704
3824 319
3824 2864
3824 3493
3824 5662
3824 1930
3825 319
3825 760
3825 857
3825 760
3825 857
3826 1193
3826 2349
3826 5661
3826 2889
3826 1683
3826 319
3826 927
3826 927
3827 319
3827 762
3827 927
3827 762
3827 927
3827 1532
3828 2709
3828 956
3828 956
3828 319
3829 319
3829 2703
3829 2704
3829 2923
3830 979
3830 979
3830 1199
3830 319
3831 319
3831 2884
3831 3218
3831 2157
3831 2510
3831 4039
3831 3518
3832 760
3832 760
3832 1056
3832 319
3832 3835
3832 3848
3832 2703
3832 2704
3833 1071
3833 2168
3833 2210
3833 3040
3833 604
3833 5597
3833 2253
3833 2630
3833 320
3834 320
3834 3652
3834 1499
3834 3579
3835 320
3835 1445
3835 1448
3835 1456
3836 1981
3836 3707
3836 1691
3836 321
3836 1744
3837 1903
3837 985
3837 985
3837 321
3838 395
3838 990
3838 990
3838 322
3839 942
3839 945
3839 942
3839 945
3839 666
3839 945
3839 945
3839 4377
3839 1197
3839 1084
3839 4262
3839 321
3839 3822
3839 4260
3839 4286
3840 1044
3840 1044
3840 322
3840 15
3841 1223
3841 2681
3841 322
3841 1839
3841 2833
3842 321
3842 1036
3842 1036
3842 2496
3843 1036
3843 1036
3843 2496
3843 321
3844 322
3844 3022
3844 1679
3844 1836
3844 3857
3845 322
3845 803
3845 803
3845 1537
3846 322
3846 5060
3846 2297
3846 2214
3847 322
3847 3246
3847 3247
3847 674
3848 324
3848 3483
3848 837
3848 837
3849 324
3849 447
3849 1033
3849 1033
3849 1032
3849 1032
3850 324
3850 326
3850 447
3850 481
3850 1032
3850 1032
3850 1772
3850 1984
3850 2254
3850 2423
3850 2604
3850 3425
3850 4585
3851 324
3851 1031
3851 1031
3851 481
3852 324
3852 2885
3852 5901
3853 1032
3853 1032
3853 324
3853 324
3854 324
3854 335
3854 2092
3854 1212
3855 324
3855 447
3855 447
3855 481
3855 1304
3856 1032
3856 1032
3856 2773
3856 324
3857 324
3857 1032
3857 1032
3857 542
3858 324
3858 1032
3858 1032
3858 1304
3859 325
3859 478
3859 1061
3859 1521
3860 1032
3860 1032
3860 481
3860 325
3861 325
3861 1032
3861 1032
3861 3034
3862 325
3862 1032
3862 1032
3862 5361
3863 325
3863 1031
3863 1031
3863 1305
3863 1725
3863 1337
3863 5327
3863 5951
3864 325
3864 481
3864 1032
3864 1032
3865 325
3865 481
3865 4722
3865 2524
3866 325
3866 1305
3866 1245
3866 1032
3866 1032
3867 326
3867 1984
3867 3097
3867 630
3868 326
3868 326
3868 447
3868 1984
3869 1620
3869 1125
3869 864
3869 864
3869 326
3870 327
3870 883
3870 883
3870 3515
3870 4609
3871 327
3871 328
3871 330
3871 857
3871 857
3871 2585
3871 3165
3871 394
3871 1825
3872 335
3872 338
3872 462
3872 852
3872 852
3872 327
3873 2333
3873 2963
3873 334
3873 327
3873 1221
3873 337
3874 327
3874 327
3874 330
3874 339
3875 335
3875 852
3875 852
3875 327
3875 330
3876 327
3876 852
3876 852
3876 1115
3877 536
3877 327
3877 2333
3877 1409
3877 4462
3878 334
3878 327
3878 331
3878 330
3879 327
3879 336
3879 338
3879 852
3879 852
3879 339
3880 327
3880 330
3880 1500
3880 1500
3881 327
3881 330
3881 1184
3881 327
3881 328
3882 327
3882 1221
3882 1221
3882 2333
3883 327
3883 330
3883 853
3883 853
3884 327
3884 327
3884 330
3884 1349
3885 759
3885 759
3885 1575
3885 327
3886 327
3886 327
3886 327
3886 334
3886 2091
3887 328
3887 541
3887 852
3887 852
3888 328
3888 2963
3888 793
3888 793
3889 329
3889 462
3889 541
3889 1409
3889 2333
3890 2091
3890 401
3890 330
3890 335
3891 335
3891 332
3891 2333
3891 2333
3891 2472
3892 521
3892 1576
3892 2725
3892 890
3892 890
3892 1336
3892 331
3893 331
3893 334
3893 339
3893 2091
3893 3138
3893 3542
3894 335
3894 331
3894 2198
3894 3562
3895 5561
3895 2868
3895 331
3895 5370
3896 331
3896 4566
3896 339
3896 523
3897 331
3897 334
3897 339
3897 538
3897 339
3898 333
3898 334
3898 337
3898 339
3898 2569
3898 3973
3899 2333
3899 335
3899 1244
3899 334
3900 1843
3900 339
3900 334
3900 2339
3901 334
3901 2453
3901 2496
3901 3587
3902 1750
3902 1221
3902 334
3902 339
3902 338
3903 2715
3903 334
3903 1934
3903 2830
3904 1221
3904 2091
3904 334
3904 5068
3905 339
3905 335
3905 752
3905 752
3906 335
3906 852
3906 852
3906 4826
3906 5434
3907 335
3907 338
3907 852
3907 852
3908 339
3908 468
3908 852
3908 852
3908 335
3908 541
3909 335
3909 338
3909 4553
3909 5462
3910 334
3910 1349
3910 401
3910 462
3910 2091
3911 1348
3911 2091
3911 335
3911 334
3912 335
3912 338
3912 852
3912 852
3913 334
3913 1438
3913 2180
3913 400
3913 489
3913 990
3913 990
3913 4864
3914 335
3914 439
3914 1243
3914 335
3914 523
3915 338
3915 335
3915 334
3915 3576
3916 335
3916 906
3916 906
3916 1035
3916 1035
3917 335
3917 338
3917 4582
3917 4581
3918 335
3918 2333
3918 395
3918 2866
3919 1348
3919 336
3919 852
3919 852
3920 336
3920 339
3920 327
3920 2092
3921 337
3921 1990
3921 2485
3921 2807
3922 574
3922 338
3922 798
3922 798
3922 571
3922 1001
3923 1187
3923 338
3923 2333
3923 5760
3924 2498
3924 2698
3924 2866
3924 1573
3924 2867
3924 339
3925 2963
3925 339
3925 789
3925 789
3926 1186
3926 480
3926 1033
3926 1033
3926 339
3927 339
3927 3148
3927 3506
3927 4470
3928 341
3928 1036
3928 1036
3928 2496
3929 341
3929 672
3929 3497
3929 1735
3929 2475
3929 5375
3929 959
3929 959
3930 2051
3930 342
3930 4051
3930 4230
3931 500
3931 343
3931 1036
3931 1036
3931 2496
3932 344
3932 344
3932 4316
3932 4293
3932 2022
3932 3649
3932 4149
3932 4294
3932 905
3932 905
3932 913
3932 4243
3932 3743
3932 4347
3933 344
3933 3344
3933 3344
3933 5081
3933 2096
3933 2099
3934 344
3934 1412
3934 2280
3934 2178
3935 1940
3935 344
3935 924
3935 924
3935 3667
3935 4112
3935 3875
3936 344
3936 3923
3936 3754
3936 2686
3936 3066
3936 4152
3937 3180
3937 3155
3937 2193
3937 633
3937 344
3937 1857
3937 1937
3937 4013
3938 2315
3938 2484
3938 3309
3938 1164
3938 3397
3938 344
3938 3149
3938 3083
3938 3463
3938 3273
3938 1298
3938 2436
3938 2376
3939 3365
3939 2593
3939 344
3939 3780
3939 3890
3939 1614
3939 3993
3939 4209
3940 829
3940 829
3940 404
3940 3180
3940 1795
3940 3543
3940 3067
3940 3309
3940 3119
3940 2882
3940 3505
3940 344
3940 3717
3941 1794
3941 3290
3941 344
3941 3982
3942 344
3942 2886
3942 3667
3942 2894
3942 4310
3942 4293
3942 2738
3943 1164
3943 3685
3943 344
3943 4256
3943 4293
3943 4403
3943 4112
3943 914
3943 914
3944 829
3944 829
3944 1354
3944 3319
3944 3779
3944 344
3944 1865
3944 3960
3944 625
3944 3770
3944 3965
3944 4293
3944 524
3944 4116
3944 3083
3944 3020
3944 2982
3944 2021
3945 344
3945 5453
3945 3077
3945 2941
3945 1110
3946 344
3946 1411
3946 2280
3946 2998
3946 3077
3947 345
3947 1957
3947 2028
3947 2096
3947 2098
3948 345
3948 1036
3948 1036
3948 2496
3949 346
3949 534
3949 1717
3949 1820
3949 5246
3950 1272
3950 1710
3950 1265
3950 346
3951 759
3951 759
3951 346
3951 645
3951 534
3952 348
3952 374
3952 367
3952 4163
3953 941
3953 941
3953 349
3953 941
3953 941
3954 348
3954 898
3954 898
3954 2879
3955 2876
3955 653
3955 4557
3955 2496
3955 685
3955 2866
3955 1958
3955 3561
3955 1518
3955 350
3955 3304
3956 1490
3956 350
3956 367
3956 370
3957 2798
3957 353
3957 1199
3957 2006
3958 2963
3958 354
3958 2251
3958 3756
3959 536
3959 1409
3959 354
3959 1243
3959 1409
3960 2963
3960 3653
3960 1758
3960 1843
3960 3287
3960 354
3960 4071
3961 2333
3961 2963
3961 1221
3961 1261
3961 1261
3961 1261
3961 1261
3961 1261
3961 1261
3961 1261
3961 1261
3961 1261
3961 1261
3961 1261
3961 1261
3961 1261
3961 1261
3961 1261
3961 1261
3961 1261
3961 1261
3961 1261
3961 1261
3961 1261
3961 1261
3961 1261
3961 1261
3961 1261
3961 1261
3961 1261
3961 1261
3961 1261
3961 1261
3961 1261
3961 1261
3961 1261
3961 1261
3961 1261
3961 1261
3961 1261
3961 1261
3961 1261
3961 1261
3961 1261
3961 1261
3961 1261
3961 1261
3961 1261
3961 1261
3961 1261
3961 1261
3961 1261
3961 1261
3961 1261
3961 1261
3961 1261
3961 1261
3961 1261
3961 1261
3961 1261
3961 1261
3961 1261
3961 1261
3961 1261
3961 1261
3961 1261
3961 1261
3961 1261
3961 1261
3961 1261
3961 1261
3961 1261
3961 1261
3961 1261
3961 1261
3961 1261
3961 1261
3961 1261
3961 1261
3961 1261
3961 1261
3961 1261
3961 1261
3961 1261
3961 1261
3961 1261
3961 1261
3961 1261
3961 1261
3961 1261
3961 1261
3961 1261
3961 1261
3961 1261
3961 1261
3961 1261
3961 1261
3961 1261
3961 1261
3961 1261
3961 1261
3961 1261
3961 1261
3961 1261
3961 1261
3961 1261
3961 1261
3961 1261
3961 1261
3961 1261
3961 1261
3961 1261
3961 1261
3961 1261
3961 1261
3961 1261
3961 1261
3961 1261
3961 1261
3961 1261
3961 1261
3961 1261
3961 1261
3961 1261
3961 1261
3961 1244
3961 354
3961 1750
3962 2153
3962 2693
3962 2996
3962 505
3962 3793
3962 3797
3962 3784
3962 3795
3962 3796
3962 3792
3962 3794
3962 3681
3962 354
3962 3649
3962 4448
3962 3753
3962 4401
3962 4112
3962 3875
3962 4065
3962 731
3962 4456
3962 3015
3963 354
3963 354
3963 462
3963 2339
3964 788
3964 788
3964 354
3964 2982
3965 354
3965 462
3965 3384
3965 2333
3966 1045
3966 1045
3966 2842
3966 355
3966 2241
3967 356
3967 780
3967 780
3967 708
3968 505
3968 3763
3968 357
3968 3015
3969 1011
3969 1011
3969 357
3969 1347
3970 768
3970 768
3970 357
3970 378
3971 357
3971 2571
3971 2866
3971 2715
3971 5339
3971 436
3971 798
3971 798
3971 1406
3971 5252
3972 1545
3972 4619
3972 5069
3972 3477
3972 5812
3972 358
3972 5136
3973 779
3973 779
3973 1250
3973 358
3973 889
3973 889
3973 1418
3973 4814
3973 1674
3973 4995
3974 358
3974 779
3974 889
3974 779
3974 889
3975 1674
3975 2313
3975 1991
3975 358
3975 889
3975 889
3976 782
3976 782
3976 1781
3976 1509
3976 358
3977 358
3977 1418
3977 4225
3977 782
3978 360
3978 400
3978 1695
3978 2940
3979 3322
3979 535
3979 4418
3979 360
3979 186
3979 3784
3980 3681
3980 2228
3980 360
3980 789
3980 789
3981 360
3981 2866
3981 5322
3981 1476
3982 360
3982 857
3982 857
3982 1644
3983 360
3983 788
3983 788
3983 489
3984 360
3984 2017
3984 2177
3984 2177
3984 2339
3985 360
3985 399
3985 400
3985 1036
3985 1036
3985 1535
3985 2017
3985 2496
3986 360
3986 1221
3986 2094
3986 2017
3986 399
3987 1354
3987 1162
3987 3640
3987 3590
3987 3505
3987 3794
3987 3020
3987 2894
3987 4077
3987 3817
3987 4154
3987 4161
3987 3982
3987 4242
3987 3980
3987 3555
3987 4421
3987 4364
3987 446
3987 4456
3987 1523
3987 2458
3987 4291
3987 439
3987 361
3988 361
3988 4810
3988 5655
3989 1246
3989 4750
3989 4810
3989 361
3990 1036
3990 1036
3990 2496
3990 362
3991 363
3991 421
3991 981
3991 981
3992 3027
3992 3629
3992 364
3992 815
3992 815
3993 364
3993 815
3993 815
3993 4341
3993 4417
3993 4872
3993 2588
3994 364
3994 2454
3994 3006
3994 3500
3995 5091
3995 667
3995 3386
3995 364
3996 1162
3996 858
3996 1098
3996 364
3996 1365
3997 504
3997 364
3997 2365
3997 2588
3997 3927
3997 4264
3998 2365
3998 557
3998 1452
3998 2301
3998 364
3999 815
3999 815
3999 364
3999 1217
4000 932
4000 932
4000 3541
4000 3606
4000 364
4000 650
4000 474
4000 606
4001 1342
4001 3922
4001 364
4001 2214
4002 364
4002 2365
4002 1587
4002 4353
4003 945
4003 945
4003 4377
4003 945
4003 945
4003 944
4003 944
4003 364
4004 981
4004 981
4004 364
4004 3536
4005 1342
4005 3922
4005 364
4005 5479
4005 1342
4005 1737
4005 2303
4005 3562
4005 3922
4006 364
4006 3625
4006 1500
4006 2107
4007 364
4007 815
4007 815
4007 1170
4008 364
4008 1123
4008 2633
4008 1671
4008 2364
4008 2365
4009 364
4009 2365
4009 4097
4009 2373
4010 1917
4010 364
4010 379
4010 1309
4010 2245
4011 1737
4011 364
4011 1852
4011 3457
4011 3002
4012 364
4012 447
4012 2482
4012 1032
4012 1032
4013 365
4013 899
4013 899
4013 1448
4014 365
4014 815
4014 815
4014 2201
4014 179
4015 365
4015 1073
4015 1133
4015 1217
4015 1555
4015 1671
4016 365
4016 2323
4016 2588
4016 2495
4016 1671
4017 838
4017 838
4017 745
4017 367
4018 1920
4018 1364
4018 1367
4018 1876
4018 4947
4018 367
4018 370
4019 1490
4019 1340
4019 1490
4019 368
4020 1679
4020 1836
4020 2855
4020 3475
4020 3081
4020 3789
4020 3844
4020 375
4020 1679
4020 1836
4020 368
4021 487
4021 847
4021 847
4021 2365
4021 368
4022 368
4022 1216
4022 1475
4022 2696
4023 368
4023 370
4023 1490
4023 1491
4024 368
4024 374
4024 2214
4024 2785
4025 1268
4025 1273
4025 1795
4025 2723
4025 3568
4025 1164
4025 369
4025 436
4025 3126
4025 4077
4025 625
4025 3837
4025 1711
4025 2716
4025 4396
4025 4475
4025 1342
4025 2214
4025 1493
4025 3463
4025 4103
4025 4277
4025 4450
4025 3957
4025 4327
4025 860
4025 860
4025 4190
4025 2807
4025 4281
4025 1326
4025 3977
4025 3743
4026 368
4026 1490
4026 1500
4026 1500
4027 373
4027 2234
4027 2833
4027 3242
4027 1331
4028 373
4028 1490
4028 3328
4028 351
4029 1142
4029 374
4029 1437
4029 1255
4029 4606
4030 3140
4030 374
4030 491
4030 2607
4030 518
4031 374
4031 844
4031 844
4031 1210
4031 2931
4032 3727
4032 2923
4032 857
4032 863
4032 857
4032 863
4032 4059
4032 4475
4032 375
4032 1475
4033 2709
4033 3477
4033 1500
4033 1500
4033 375
4033 1490
4033 1748
4034 2593
4034 2481
4034 3567
4034 5455
4034 375
4034 3297
4034 5697
4034 1852
4034 486
4034 2300
4035 945
4035 945
4035 4377
4035 644
4035 375
4035 2550
4035 1062
4035 2214
4035 2462
4035 3116
4036 909
4036 909
4036 376
4036 3715
4037 1872
4037 1904
4037 2709
4037 376
4037 439
4037 1500
4038 376
4038 1504
4038 864
4038 864
4039 2365
4039 377
4039 1133
4039 1837
4039 3860
4040 2521
4040 378
4040 604
4040 3940
4040 2070
4040 4243
4040 3964
4040 713
4040 4041
4040 2147
4040 5381
4040 1785
4040 3290
4040 3598
4040 1019
4040 1019
4040 3556
4040 5925
4041 378
4041 559
4041 1492
4041 1631
4041 614
4041 2879
4041 2974
4041 2981
4041 5451
4041 3873
4041 4041
4042 1036
4042 1036
4042 2496
4042 2676
4042 378
4042 1508
4043 378
4043 976
4043 976
4043 3634
4043 4041
4043 974
4044 2630
4044 3620
4044 378
4044 4041
4045 1631
4045 3155
4045 1197
4045 3195
4045 3590
4045 1698
4045 1184
4045 1964
4045 1196
4045 3750
4045 4077
4045 3020
4045 3882
4045 1639
4045 754
4045 754
4045 2022
4045 3227
4045 3025
4045 4474
4045 378
4045 2731
4045 2981
4045 4209
4045 1865
4045 3739
4045 4331
4045 905
4045 905
4045 733
4045 625
4045 2165
4045 4103
4045 4452
4045 4291
4045 4460
4045 860
4045 860
4045 1157
4045 479
4045 484
4046 1503
4046 614
4046 2879
4046 378
4046 3027
4046 2566
4047 378
4047 2860
4047 4942
4047 1904
4048 378
4048 603
4048 1508
4048 4041
4049 378
4049 4985
4049 2620
4049 4168
4049 1492
4050 1092
4050 1433
4050 1436
4050 1523
4050 379
4050 1145
4051 1641
4051 1872
4051 379
4051 306
4051 1583
4052 2950
4052 1393
4052 4281
4052 379
4052 2773
4052 447
4053 3265
4053 815
4053 815
4053 379
4053 2922
4054 5171
4054 4372
4054 3265
4054 379
4054 90
4054 377
4055 379
4055 815
4055 815
4055 377
4056 379
4056 1217
4056 2364
4056 2365
4057 1326
4057 379
4057 815
4057 815
4057 5300
4057 1121
4058 1733
4058 379
4058 1193
4058 1192
4058 2348
4059 1028
4059 1028
4059 379
4059 4646
4059 4082
4060 815
4060 815
4060 379
4060 1852
4060 1217
4061 1452
4061 2301
4061 379
4061 1455
4061 2038
4061 1454
4062 1847
4062 380
4062 971
4062 971
4062 779
4062 779
4062 779
4062 779
4062 1509
4063 380
4063 1739
4063 1939
4063 2214
4063 2551
4063 3328
4063 1428
4063 1593
4063 1528
4064 3454
4064 2473
4064 2736
4064 381
4064 2149
4064 2458
4065 486
4065 1522
4065 1410
4065 381
4065 661
4065 3340
4066 384
4066 2222
4066 2552
4066 797
4066 797
4067 634
4067 1221
4067 385
4067 4843
4067 1920
4067 500
4068 385
4068 2075
4068 4997
4068 4276
4069 387
4069 735
4069 1831
4069 2198
4070 387
4070 2714
4070 2709
4070 1500
4071 388
4071 2161
4071 4074
4071 548
4071 3519
4071 3521
4071 4058
4071 4367
4072 388
4072 392
4072 1400
4072 1862
4072 1886
4072 482
4073 2114
4073 2496
4073 388
4073 482
4074 535
4074 388
4074 482
4074 3918
4075 388
4075 2282
4075 2298
4075 2833
4075 4687
4075 1059
4075 3891
4076 2479
4076 388
4076 482
4076 3462
4077 388
4077 2047
4077 2249
4077 482
4078 1227
4078 388
4078 726
4078 3608
4079 388
4079 2265
4079 1766
4079 482
4079 815
4079 815
4080 2106
4080 388
4080 1065
4080 2104
4081 388
4081 5152
4081 2319
4081 2321
4081 4880
4082 1412
4082 763
4082 764
4082 768
4082 763
4082 764
4082 768
4082 388
4083 673
4083 2333
4083 389
4083 1244
4083 2156
4083 4462
4083 3384
4084 1686
4084 2600
4084 391
4084 5298
4084 1685
4085 1620
4085 4992
4085 392
4085 2083
4085 3325
4085 5054
4085 4159
4086 1340
4086 392
4086 1921
4086 3652
4087 392
4087 933
4087 933
4087 1523
4087 2880
4088 392
4088 682
4088 1504
4088 1620
4088 522
4089 933
4089 933
4089 1127
4089 1253
4089 392
4089 3750
4090 1787
4090 2118
4090 2157
4090 2816
4090 2889
4090 392
4090 682
4090 2510
4091 392
4091 682
4091 1451
4091 5510
4091 2607
4091 734
4091 957
4091 957
4091 4721
4091 997
4091 3978
4091 4331
4092 745
4092 2084
4092 1643
4092 392
4093 581
4093 582
4093 582
4093 393
4093 1876
4093 1120
4093 2398
4094 393
4094 945
4094 945
4094 4377
4095 990
4095 990
4095 394
4095 395
4096 1429
4096 2902
4096 394
4096 990
4096 990
4097 394
4097 991
4097 991
4097 4701
4098 1128
4098 1129
4098 1131
4098 394
4098 395
4098 2112
4099 396
4099 953
4099 953
4099 1045
4099 1045
4100 397
4100 450
4100 1470
4100 2521
4101 397
4101 1367
4101 1812
4101 1742
4102 1036
4102 1036
4102 2496
4102 397
4103 398
4103 1354
4103 2180
4103 456
4103 630
4104 398
4104 2017
4104 2112
4104 4766
4104 2724
4104 2725
4105 2940
4105 6027
4105 1934
4105 399
4106 399
4106 3015
4106 2456
4106 3791
4107 2017
4107 3793
4107 399
4107 789
4107 789
4108 456
4108 2017
4108 3784
4108 3791
4108 3793
4108 399
4109 448
4109 692
4109 505
4109 2315
4109 3793
4109 3797
4109 3794
4109 3784
4109 3795
4109 3681
4109 625
4109 3340
4109 399
4110 400
4110 789
4110 789
4110 3214
4110 399
4111 2724
4111 1794
4111 4422
4111 4420
4111 4414
4111 3077
4111 399
4111 735
4112 504
4112 2660
4112 399
4112 1045
4112 1045
4112 2539
4112 2723
4112 4064
4112 3576
4112 1954
4113 4960
4113 399
4113 801
4113 479
4114 400
4114 1647
4114 2017
4114 399
4115 788
4115 790
4115 788
4115 790
4115 2017
4115 399
4116 489
4116 399
4116 2091
4116 2099
4117 399
4117 399
4117 400
4117 4401
4118 2094
4118 399
4118 2365
4118 2107
4118 606
4118 5223
4119 1370
4119 399
4119 1144
4119 3811
4120 990
4120 990
4120 401
4120 748
4120 748
4121 462
4121 402
4121 4565
4121 451
4122 400
4122 402
4122 2333
4122 2457
4122 2343
4122 1884
4123 2417
4123 504
4123 404
4123 3015
4123 2723
4123 788
4123 788
4123 3791
4123 3795
4123 3784
4123 400
4123 4112
4123 748
4124 400
4124 489
4124 2955
4124 952
4124 952
4125 400
4125 1500
4125 1500
4125 5698
4126 400
4126 2456
4126 3603
4126 489
4127 400
4127 1439
4127 4219
4127 3653
4128 400
4128 1493
4128 3191
4128 3102
4128 2140
4129 1311
4129 1311
4129 400
4129 3792
4130 400
4130 668
4130 2193
4130 2107
4131 400
4131 2177
4131 2177
4131 2348
4132 403
4132 451
4132 751
4132 751
4133 404
4133 1186
4133 2017
4133 1256
4133 3299
4134 404
4134 1881
4134 994
4134 994
4134 4455
4134 4231
4134 4331
4134 3463
4134 4281
4134 1292
4134 1293
4134 3966
4134 4384
4134 3083
4135 404
4135 3324
4135 2058
4135 2557
4135 5636
4136 404
4136 3203
4136 2411
4136 2395
4136 3020
4136 1401
4136 3739
4136 1493
4136 3470
4136 4133
4137 404
4137 2915
4137 1971
4137 3195
4137 4054
4137 2866
4137 559
4138 504
4138 692
4138 404
4138 2723
4138 2180
4138 3065
4138 3401
4138 3398
4138 3794
4138 3796
4138 3792
4138 3797
4138 3795
4138 1655
4138 3667
4138 3571
4138 3272
4138 3683
4138 3291
4138 1841
4138 4207
4138 4218
4138 1387
4138 4378
4138 2547
4138 3258
4138 4413
4138 3426
4138 3427
4138 2486
4138 3989
4138 3252
4138 1292
4138 735
4138 3463
4138 3273
4138 447
4138 4196
4138 3966
4138 4465
4138 2436
4138 4282
4139 2005
4139 404
4139 1795
4139 3412
4139 3320
4139 1052
4139 3310
4139 3314
4139 3825
4139 4302
4139 1984
4140 404
4140 3397
4140 633
4140 3079
4140 4163
4140 4310
4140 4043
4140 4037
4140 2489
4141 404
4141 1794
4141 1052
4141 1478
4141 857
4141 857
4141 3451
4141 3079
4141 3575
4141 4149
4141 625
4141 2807
4141 3675
4142 405
4142 1036
4142 1036
4142 2496
4142 816
4142 816
4142 4004
4143 406
4143 1195
4143 2182
4143 3404
4143 3397
4143 3040
4143 3504
4143 3797
4143 860
4143 860
4143 2289
4143 2355
4143 4317
4143 3753
4143 4460
4143 4461
4143 4454
4143 4420
4143 4311
4143 3658
4143 3427
4143 6091
4144 776
4144 997
4144 776
4144 997
4144 2105
4144 5342
4144 407
4144 2011
4144 1812
4144 5284
4144 5293
4144 1504
4144 4797
4144 5212
4145 407
4145 414
4145 408
4145 409
4145 411
4145 4569
4145 1280
4145 1094
4145 4111
4146 409
4146 410
4146 411
4146 416
4146 417
4146 420
4146 467
4146 1280
4146 4567
4146 4569
4146 932
4146 932
4146 407
4146 408
4146 414
4147 1954
4147 418
4147 408
4147 4569
4147 1635
4147 2028
4147 2028
4148 409
4148 411
4148 416
4148 656
4148 1252
4148 4567
4149 659
4149 411
4149 932
4149 932
4150 413
4150 1250
4150 1326
4150 1566
4151 417
4151 4704
4151 413
4151 415
4151 775
4151 775
4151 1328
4152 1679
4152 1836
4152 2209
4152 2209
4152 413
4152 1344
4152 2479
4153 412
4153 4570
4153 414
4153 659
4154 598
4154 995
4154 995
4154 1007
4154 1007
4154 880
4154 880
4154 3408
4154 762
4154 762
4154 420
4154 414
4155 414
4155 659
4155 4568
4155 1864
4156 419
4156 659
4156 1661
4156 420
4156 414
4157 419
4157 414
4157 659
4157 419
4158 1092
4158 414
4158 659
4158 2601
4158 2901
4158 1664
4158 5096
4158 5603
4159 414
4159 4704
4159 409
4159 4569
4160 476
4160 1669
4160 414
4160 1112
4161 418
4161 1280
4161 417
4161 4567
4161 415
4162 1881
4162 416
4162 1879
4162 5932
4162 3500
4162 5659
4162 420
4163 418
4163 864
4163 864
4163 419
4163 1280
4164 939
4164 939
4164 419
4164 420
4164 418
4165 443
4165 418
4165 1480
4165 1299
4166 420
4166 410
4166 416
4166 420
4166 859
4166 859
4167 420
4167 1206
4167 1781
4167 3295
4167 409
4168 420
4168 859
4168 859
4168 2109
4168 1892
4169 420
4169 5408
4169 3977
4169 857
4169 857
4170 5656
4170 421
4170 2100
4170 1258
4171 421
4171 2100
4171 2527
4171 3532
4172 422
4172 3535
4172 5377
4172 5380
4173 424
4173 5406
4173 1886
4173 1499
4174 1288
4174 1044
4174 1044
4174 424
4174 1104
4175 424
4175 1019
4175 1019
4175 4355
4176 424
4176 3297
4176 2266
4176 3438
4176 536
4176 4132
4177 1184
4177 3868
4177 1661
4177 1696
4177 4208
4177 3110
4177 4768
4177 504
4177 425
4178 1025
4178 1025
4178 554
4178 776
4178 776
4178 425
4178 4100
4178 774
4178 774
4178 5712
4179 2071
4179 1324
4179 1534
4179 425
4179 546
4179 4034
4180 1488
4180 1970
4180 2676
4180 425
4180 2630
4181 425
4181 1682
4181 4182
4181 4183
4182 425
4182 1032
4182 1032
4182 3306
4183 425
4183 597
4183 1417
4183 2357
4183 2542
4183 3067
4183 4800
4184 2142
4184 2142
4184 425
4184 1527
4185 425
4185 916
4185 916
4185 916
4185 916
4185 1583
4186 2397
4186 425
4186 1308
4186 2988
4186 5118
4186 3974
4186 1284
4186 4154
4187 1386
4187 832
4187 832
4187 3180
4187 3404
4187 3321
4187 426
4187 773
4187 773
4187 3769
4187 625
4187 3463
4187 3463
4187 4375
4188 3398
4188 426
4188 2614
4188 2933
4188 4273
4188 4455
4188 731
4188 582
4188 3151
4188 1293
4188 1637
4188 3427
4188 173
4188 2021
4188 622
4188 1235
4188 3654
4189 426
4189 3237
4189 3724
4189 3025
4190 426
4190 4084
4190 2415
4190 4289
4190 2686
4191 772
4191 772
4191 426
4191 1881
4191 2743
4191 3667
4191 3982
4191 4069
4191 1387
4191 4273
4191 4454
4191 1855
4191 2029
4191 1342
4191 3922
4191 3083
4191 4479
4192 2724
4192 2057
4192 3442
4192 426
4192 1841
4192 4293
4193 427
4193 2408
4193 1691
4193 3254
4194 3140
4194 428
4194 2703
4194 2704
4194 2637
4195 748
4195 748
4195 428
4195 2094
4196 428
4196 774
4196 774
4196 1320
4197 518
4197 517
4197 2032
4197 429
4197 732
4198 1633
4198 470
4198 429
4198 1127
4198 2774
4198 3646
4199 430
4199 706
4199 517
4199 703
4199 4632
4200 3190
4200 431
4200 1673
4200 5356
4201 1812
4201 2569
4201 432
4201 2660
4201 431
4201 5527
4201 3895
4202 431
4202 3941
4202 3878
4202 2809
4203 462
4203 431
4203 1252
4203 3604
4204 431
4204 3140
4204 1642
4204 701
4205 431
4205 1025
4205 1025
4205 4391
4205 4130
4206 3859
4206 952
4206 952
4206 3272
4206 432
4207 4851
4207 2018
4207 3310
4207 2992
4207 3825
4207 4293
4207 3772
4207 3907
4207 1293
4207 432
4207 1298
4207 859
4208 432
4208 3190
4208 3190
4208 3655
4209 950
4209 950
4209 1493
4209 555
4209 432
4210 1669
4210 433
4210 1669
4210 1669
4210 1260
4210 5267
4210 1064
4210 936
4210 936
4210 175
4211 433
4211 953
4211 953
4211 2660
4212 868
4212 868
4212 3148
4212 1920
4212 433
4213 443
4213 433
4213 868
4213 868
4214 1183
4214 433
4214 2297
4214 700
4214 3161
4215 1615
4215 1197
4215 435
4215 734
4215 3167
4216 4929
4216 435
4216 2066
4216 2102
4217 437
4217 1236
4217 1340
4217 1744
4217 2831
4217 3541
4218 781
4218 781
4218 782
4218 782
4218 1691
4218 2675
4218 437
4218 650
4218 1236
4219 653
4219 2206
4219 437
4219 2208
4219 2207
4220 1236
4220 1601
4220 437
4220 1236
4221 437
4221 1790
4221 3541
4221 650
4222 1036
4222 1036
4222 2496
4222 1069
4222 437
4222 1461
4222 2301
4223 437
4223 867
4223 867
4223 873
4223 873
4224 340
4224 1030
4224 1030
4224 1766
4224 478
4224 759
4224 759
4224 1130
4224 1576
4224 759
4224 759
4224 1131
4224 1131
4224 1031
4224 1031
4224 438
4224 1583
4224 1197
4225 4405
4225 1523
4225 439
4225 684
4225 2533
4225 4346
4226 3319
4226 625
4226 1203
4226 3756
4226 4456
4226 1523
4226 1936
4226 439
4226 733
4226 3981
4227 2349
4227 2953
4227 2073
4227 439
4227 4128
4228 3834
4228 3665
4228 3724
4228 4288
4228 4311
4228 439
4228 3338
4229 439
4229 2728
4229 2727
4229 3977
4230 3319
4230 3119
4230 4460
4230 439
4231 3315
4231 3279
4231 1857
4231 994
4231 994
4231 4401
4231 4418
4231 4451
4231 4197
4231 439
4231 2543
4232 4420
4232 1523
4232 5991
4232 582
4232 4204
4232 1419
4232 2489
4232 4327
4232 625
4232 1208
4232 439
4232 860
4232 860
4232 733
4232 559
4232 4346
4232 4347
4233 2521
4233 2521
4233 439
4233 696
4233 1313
4234 734
4234 2537
4234 3291
4234 439
4234 1436
4234 3450
4234 1091
4235 1297
4235 439
4235 2980
4235 1670
4235 442
4236 583
4236 1615
4236 2849
4236 439
4236 2102
4236 1614
4237 4665
4237 658
4237 1474
4237 2880
4237 439
4237 1091
4237 545
4237 1706
4237 1301
4237 5463
4237 933
4237 933
4237 1472
4237 2066
4237 3128
4237 1615
4237 1247
4237 1299
4238 440
4238 2198
4238 3285
4238 2276
4239 440
4239 441
4239 4134
4239 2849
4239 2980
4240 815
4240 815
4240 815
4240 815
4240 440
4241 440
4241 442
4241 1523
4241 441
4241 443
4241 1566
4242 440
4242 2065
4242 583
4242 4096
4242 3187
4242 3380
4243 2889
4243 933
4243 933
4243 442
4244 442
4244 1091
4244 1706
4244 1706
4244 1981
4244 3967
4245 443
4245 3245
4245 3470
4245 3648
4245 4965
4245 442
4245 658
4245 4098
4246 504
4246 442
4246 3973
4246 4270
4247 441
4247 1904
4247 3451
4247 435
4247 4237
4248 441
4248 3842
4248 3144
4248 622
4248 1235
4249 1091
4249 1091
4249 1458
4249 441
4250 1523
4250 1816
4250 2065
4250 441
4250 3386
4250 2521
4250 3750
4251 444
4251 1107
4251 896
4251 896
4251 2300
4252 444
4252 1248
4252 1449
4252 1144
4252 1954
4252 1071
4253 443
4253 1045
4253 1045
4253 1019
4253 1019
4254 443
4254 1366
4254 3285
4255 443
4255 1091
4255 1615
4255 2849
4256 3815
4256 1642
4256 1661
4256 443
4256 3144
4257 1810
4257 443
4257 2065
4257 1292
4258 873
4258 873
4258 445
4258 474
4258 656
4258 1764
4259 873
4259 873
4259 445
4259 1826
4259 2455
4259 4109
4259 3131
4260 3680
4260 2178
4260 3681
4260 4055
4260 2470
4260 446
4260 1201
4260 1584
4261 2972
4261 4240
4261 4241
4261 3293
4261 446
4261 2938
4261 4247
4262 3195
4262 4054
4262 446
4262 4076
4263 2768
4263 3133
4263 3685
4263 1655
4263 3571
4263 3086
4263 2547
4263 446
4263 1342
4263 3463
4263 4330
4263 3176
4263 1820
4263 1376
4263 4346
4264 3142
4264 2746
4264 446
4264 2390
4264 3989
4264 6093
4265 842
4265 842
4265 3015
4265 4047
4265 3126
4265 1570
4265 3934
4265 3282
4265 1848
4265 446
4265 2390
4265 904
4265 904
4265 4129
4265 4116
4265 4327
4266 1394
4266 2455
4266 1393
4266 446
4266 2486
4266 5959
4267 3397
4267 3407
4267 4321
4267 4231
4267 2214
4267 1493
4267 3877
4267 4460
4267 4319
4267 447
4267 684
4267 2392
4267 3981
4267 3675
4267 4247
4268 3044
4268 4988
4268 3385
4268 3386
4268 447
4269 447
4269 591
4269 4479
4269 2885
4269 4196
4270 447
4270 1032
4270 1032
4270 481
4271 3456
4271 1033
4271 1033
4271 1245
4271 5327
4271 4479
4271 447
4271 447
4271 447
4271 1032
4271 1032
4271 2423
4271 325
4272 2908
4272 3192
4272 788
4272 788
4272 3337
4272 5719
4272 2716
4272 4288
4272 4401
4272 447
4272 4196
4272 1157
4272 4347
4273 772
4273 772
4273 2411
4273 3685
4273 2614
4273 2641
4273 447
4273 4290
4273 1177
4274 771
4274 771
4274 1162
4274 2882
4274 498
4274 3505
4274 3691
4274 2318
4274 524
4274 4434
4274 3251
4274 447
4274 4290
4275 3320
4275 2193
4275 461
4275 2593
4275 3723
4275 3711
4275 3451
4275 3055
4275 731
4275 2486
4275 2544
4275 447
4275 4196
4275 4283
4275 3654
4276 2018
4276 3680
4276 2980
4276 3012
4276 3011
4276 4306
4276 2458
4276 3463
4276 3470
4276 3083
4276 447
4276 4196
4276 4124
4277 1644
4277 2952
4277 1478
4277 4054
4277 3993
4277 2280
4277 4256
4277 3009
4277 3011
4277 4218
4277 4303
4277 4474
4277 4385
4277 446
4277 4361
4277 2935
4277 3273
4277 447
4277 4290
4277 3449
4277 4247
4278 740
4278 4441
4278 447
4278 4196
4278 4197
4278 4375
4279 447
4279 1032
4279 1032
4279 4196
4280 3597
4280 2029
4280 1637
4280 3083
4280 447
4280 4290
4280 4479
4281 1941
4281 2018
4281 3547
4281 1794
4281 1412
4281 2743
4281 3984
4281 2933
4281 4233
4281 4378
4281 1292
4281 447
4281 4196
4281 2356
4281 4244
4281 4346
4281 3675
4281 4348
4282 2154
4282 2787
4282 3320
4282 1476
4282 2593
4282 3660
4282 4055
4282 2022
4282 3325
4282 3984
4282 3998
4282 3970
4282 4116
4282 1493
4282 447
4282 4196
4282 4228
4282 913
4283 2428
4283 2587
4283 3194
4283 3069
4283 3793
4283 3796
4283 1203
4283 2165
4283 1615
4283 5801
4283 3555
4283 3227
4283 3025
4283 2933
4283 4474
4283 733
4283 3151
4283 3463
4283 447
4283 4196
4283 1157
4283 2392
4284 3176
4284 1208
4284 447
4284 4290
4284 2358
4284 1717
4284 2543
4285 1644
4285 1052
4285 3009
4285 2458
4285 1493
4285 447
4285 4196
4286 3309
4286 3317
4286 3430
4286 5719
4286 3777
4286 3724
4286 2215
4286 4078
4286 2147
4286 2445
4286 3325
4286 2022
4286 3227
4286 4306
4286 2544
4286 4129
4286 447
4286 4196
4286 2358
4286 2728
4287 447
4287 447
4287 2423
4287 480
4288 447
4288 2423
4288 447
4288 4290
4289 447
4289 1521
4289 3787
4289 2033
4289 2604
4289 3877
4290 4554
4290 447
4290 1032
4290 1032
4290 1725
4290 1807
4290 6011
4291 447
4291 2423
4291 4102
4291 5952
4292 5196
4292 1033
4292 1033
4292 1245
4292 447
4292 1032
4292 1032
4293 1376
4293 4606
4293 606
4293 1092
4293 2245
4293 3066
4293 447
4294 447
4294 1033
4294 1033
4294 1032
4294 1032
4294 447
4294 2423
4294 2604
4295 1294
4295 447
4295 2604
4295 4272
4296 447
4296 447
4296 1032
4296 1032
4297 447
4297 1326
4297 945
4297 945
4297 2134
4298 447
4298 1725
4298 1725
4298 2624
4299 447
4299 447
4299 1032
4299 1032
4300 447
4300 447
4300 1032
4300 1032
4301 447
4301 480
4301 1245
4301 1326
4302 447
4302 1032
4302 1032
4302 1725
4303 1033
4303 1033
4303 447
4303 447
4303 1032
4303 1032
4304 447
4304 447
4304 480
4304 481
4304 1032
4304 1032
4304 340
4305 447
4305 1033
4305 1032
4305 1033
4305 1032
4306 2593
4306 447
4306 1032
4306 1032
4307 447
4307 447
4307 1032
4307 1032
4308 447
4308 2423
4308 1033
4308 1033
4309 1647
4309 1752
4309 2456
4309 448
4309 2294
4310 448
4310 788
4310 790
4310 788
4310 790
4310 2315
4311 449
4311 748
4311 748
4311 606
4312 4173
4312 3004
4312 450
4312 5790
4313 4667
4313 2862
4313 450
4313 956
4313 956
4314 450
4314 1019
4314 1019
4314 2157
4314 3987
4315 450
4315 5823
4316 450
4316 1560
4316 3065
4316 3398
4317 450
4317 1019
4317 1019
4317 1430
4318 504
4318 1045
4318 1045
4318 2177
4318 450
4319 2804
4319 450
4319 936
4319 1045
4319 936
4319 1045
4320 1022
4320 1022
4320 450
4320 556
4320 1018
4320 1045
4320 1018
4320 1045
4320 956
4320 956
4320 1189
4321 450
4321 3973
4321 3037
4321 592
4322 450
4322 2816
4322 565
4322 710
4322 1583
4323 1344
4323 1554
4323 450
4323 3986
4323 4097
4324 1071
4324 1384
4324 2157
4324 4895
4324 450
4325 452
4325 984
4325 984
4325 4372
4325 4370
4325 4371
4325 5419
4325 5713
4325 1365
4325 868
4325 868
4325 1583
4325 1331
4325 1625
4325 4198
4325 635
4325 1365
4325 4785
4325 3787
4326 452
4326 751
4326 751
4326 85
4326 129
4327 452
4327 810
4327 990
4327 992
4327 810
4327 990
4327 992
4327 1130
4327 1131
4327 2448
4328 452
4328 799
4328 799
4328 4796
4329 1226
4329 454
4329 455
4329 2250
4329 5547
4329 1188
4329 2501
4330 454
4330 2811
4330 2425
4330 5788
4331 454
4331 455
4331 759
4331 759
4332 4817
4332 1644
4332 456
4332 3792
4333 2911
4333 3474
4333 3853
4333 456
4333 628
4333 685
4333 1260
4333 1485
4333 3021
4333 1443
4333 1680
4333 1455
4333 3103
4334 2866
4334 456
4334 2715
4334 2498
4334 1573
4334 2867
4335 2997
4335 456
4335 2715
4335 2498
4336 456
4336 1645
4336 2725
4336 2017
4337 456
4337 2017
4337 3609
4337 3784
4337 2725
4337 1645
4337 3791
4338 489
4338 788
4338 788
4338 456
4339 992
4339 992
4339 2017
4339 456
4340 456
4340 788
4340 788
4340 489
4340 2017
4340 2456
4340 2723
4340 504
4341 1095
4341 457
4341 3191
4341 4382
4342 458
4342 458
4342 1979
4342 3870
4343 459
4343 2288
4343 2058
4343 559
4343 4175
4344 4355
4344 459
4344 598
4344 1227
4344 1019
4344 1019
4345 459
4345 459
4345 557
4345 3754
4346 1036
4346 1036
4346 2496
4346 459
4347 1449
4347 2297
4347 459
4347 3952
4348 754
4348 754
4348 1092
4348 685
4348 1458
4348 2251
4348 2915
4348 2461
4348 459
4349 1500
4349 459
4349 1227
4350 3153
4350 477
4350 459
4350 753
4350 753
4350 1901
4351 460
4351 2510
4351 3168
4351 936
4351 936
4352 1045
4352 1045
4352 1627
4352 460
4352 784
4352 784
4352 1777
4352 2903
4352 2595
4352 301
4353 460
4353 3320
4353 3123
4353 3965
4353 4384
4354 1794
4354 3321
4354 3324
4354 2882
4354 461
4354 3886
4354 3960
4354 1655
4354 2170
4354 4420
4355 461
4355 3779
4355 4166
4355 3292
4355 3977
4356 1243
4356 536
4356 1891
4356 462
4356 2353
4357 3287
4357 6064
4357 4439
4357 536
4357 462
4358 2333
4358 1221
4358 462
4358 2339
4359 462
4359 2333
4359 1151
4359 2083
4360 2112
4360 462
4360 829
4360 829
4361 462
4361 2333
4361 2339
4361 2963
4361 4462
4362 489
4362 1221
4362 462
4362 2333
4362 1221
4362 1261
4363 462
4363 2449
4363 2451
4363 1221
4364 779
4364 779
4364 1206
4364 1480
4364 463
4365 464
4365 464
4365 3441
4365 3365
4365 3681
4365 4375
4366 465
4366 2474
4366 2929
4366 3167
4367 466
4367 3919
4367 3411
4367 3435
4367 3436
4367 3594
4368 467
4368 932
4368 932
4368 604
4368 1620
4368 3931
4368 2935
4369 587
4369 467
4369 559
4369 2332
4370 467
4370 910
4370 932
4370 910
4370 932
4371 1180
4371 470
4371 1449
4371 467
4371 476
4371 2163
4371 2100
4372 467
4372 932
4372 932
4372 2048
4373 2357
4373 469
4373 4798
4373 3443
4373 2764
4374 470
4374 61
4374 3452
4374 3235
4375 980
4375 980
4375 470
4375 2198
4376 3188
4376 3318
4376 3691
4376 3882
4376 2544
4376 470
4377 3018
4377 470
4377 587
4377 2162
4377 3777
4378 2348
4378 3835
4378 2007
4378 470
4378 2736
4378 3678
4379 470
4379 1504
4379 2365
4379 3135
4379 733
4380 470
4380 932
4380 932
4380 3014
4380 3773
4380 467
4380 4156
4381 504
4381 3341
4381 2456
4381 2017
4381 5598
4381 470
4382 470
4382 808
4382 808
4382 1364
4382 1390
4382 2120
4382 2229
4382 2764
4382 4539
4382 4744
4383 471
4383 2327
4383 1045
4383 1045
4383 1513
4384 1243
4384 1893
4384 1186
4384 471
4385 471
4385 472
4385 541
4385 921
4386 473
4386 890
4386 890
4386 3329
4387 473
4387 1336
4387 1470
4387 513
4387 1922
4387 1748
4388 1790
4388 2303
4388 474
4388 650
4389 474
4389 650
4389 1790
4389 445
4390 2039
4390 4858
4390 2438
4390 474
4390 1744
4390 4170
4390 3006
4391 474
4391 650
4391 1069
4391 1252
4391 3604
4392 474
4392 3606
4392 653
4392 1790
4393 474
4393 656
4393 900
4393 900
4393 1069
4394 474
4394 656
4394 2580
4394 2581
4394 2532
4395 474
4395 653
4395 1744
4395 1744
4395 650
4396 945
4396 945
4396 4377
4396 942
4396 942
4396 475
4397 476
4397 1064
4397 5355
4397 2867
4398 989
4398 989
4398 2796
4398 476
4398 1921
4398 1436
4398 3362
4399 1471
4399 1035
4399 1035
4399 1433
4399 1817
4399 597
4399 477
4399 513
4400 615
4400 477
4400 2007
4400 3867
4401 1679
4401 1836
4401 2727
4401 933
4401 933
4401 477
4402 2889
4402 477
4402 5273
4402 2736
4402 1904
4403 477
4403 1092
4403 2593
4403 947
4403 947
4403 3102
4403 4971
4403 6057
4403 2593
4403 3660
4404 932
4404 932
4404 1733
4404 479
4405 479
4405 833
4405 833
4405 3203
4406 479
4406 2048
4406 2317
4406 3153
4407 1323
4407 823
4407 823
4407 1195
4407 1198
4407 4854
4407 1068
4407 1854
4407 1408
4407 2222
4407 1028
4407 1028
4407 1028
4407 1028
4407 479
4407 2008
4407 2226
4407 2228
4407 5735
4407 2644
4407 945
4407 945
4407 1698
4407 969
4407 969
4407 1095
4407 1797
4407 3815
4407 2049
4407 3052
4407 2742
4407 2812
4407 4039
4407 4554
4407 1546
4407 4894
4407 704
4407 3610
4408 480
4408 1031
4408 1031
4409 1326
4409 4281
4409 482
4409 2937
4409 2938
4409 4331
4410 481
4410 481
4410 699
4410 2067
4410 4835
4410 549
4410 1104
4411 481
4411 2254
4411 1031
4411 5522
4411 3425
4412 481
4412 1032
4412 1032
4412 2993
4412 6002
4413 1473
4413 1984
4413 1987
4413 481
4413 1337
4413 2985
4414 481
4414 481
4414 1987
4414 5205
4414 1331
4415 481
4415 1032
4415 1032
4415 4882
4416 2836
4416 4958
4416 481
4416 1032
4416 1032
4416 1820
4416 4367
4417 1061
4417 481
4417 1337
4417 1405
4418 1032
4418 1032
4418 481
4418 4722
4419 1196
4419 481
4419 1521
4419 1337
4419 1725
4420 1036
4420 1036
4420 2496
4420 482
4421 481
4421 1032
4421 1032
4421 1307
4422 3057
4422 1730
4422 3006
4422 1839
4422 3426
4422 482
4423 3751
4423 236
4423 2606
4423 1829
4423 3750
4423 482
4423 3861
4423 1904
4423 4104
4423 3204
4423 4020
4423 4144
4423 4139
4423 3411
4423 3884
4423 3274
4423 1369
4423 3904
4423 3950
4423 5879
4424 939
4424 939
4424 1566
4424 3358
4424 482
4425 3634
4425 5774
4425 2833
4425 482
4426 482
4426 1045
4426 1045
4426 1340
4427 1890
4427 2697
4427 482
4427 2872
4428 1326
4428 1724
4428 5274
4428 482
4428 4674
4429 2458
4429 2458
4429 1522
4429 1410
4429 1762
4429 2443
4429 482
4430 2297
4430 5102
4430 482
4430 1583
4430 3297
4431 1679
4431 1836
4431 482
4431 4480
4431 1608
4432 482
4432 1036
4432 1036
4432 2496
4433 2330
4433 3242
4433 2833
4433 482
4434 482
4434 907
4434 907
4434 3339
4434 4022
4434 4136
4434 1465
4435 482
4435 1923
4435 2479
4435 716
4435 537
4435 2212
4435 1533
4436 482
4436 2231
4436 860
4436 860
4437 484
4437 559
4437 1303
4437 2332
4438 587
4438 932
4438 932
4438 484
4438 5056
4439 485
4439 942
4439 942
4439 1448
4439 2926
4439 589
4439 3771
4440 1113
4440 4747
4440 1133
4440 1442
4440 3643
4440 984
4440 984
4440 4371
4440 4370
4440 486
4441 486
4441 1148
4441 3969
4441 3106
4442 1256
4442 606
4442 1035
4442 1035
4442 2507
4442 844
4442 844
4442 2769
4442 1045
4442 1045
4442 486
4442 2903
4442 2716
4443 486
4443 3463
4443 3610
4443 4059
4444 522
4444 2066
4444 486
4444 3202
4445 2337
4445 1249
4445 1410
4445 486
4446 2211
4446 2120
4446 486
4446 815
4446 815
4446 4312
4447 1507
4447 486
4447 2499
4447 5818
4448 1560
4448 1504
4448 486
4448 729
4449 2961
4449 486
4449 3502
4450 4678
4450 486
4450 487
4450 2612
4450 2889
4451 2823
4451 1410
4451 3848
4451 2499
4451 1545
4451 486
4451 522
4451 2823
4452 1522
4452 606
4452 606
4452 486
4452 1410
4452 1507
4453 486
4453 490
4453 1410
4453 2823
4454 2428
4454 486
4454 1410
4454 1756
4455 486
4455 1410
4455 606
4455 1545
4455 2502
4456 486
4456 1523
4456 808
4456 808
4457 1410
4457 486
4457 1550
4457 1555
4458 486
4458 635
4458 3730
4458 2669
4458 3147
4458 1688
4458 4309
4459 486
4459 1410
4459 2297
4459 2403
4459 2405
4459 761
4460 487
4460 491
4460 1490
4460 492
4460 1490
4460 1410
4460 1475
4461 901
4461 901
4461 859
4461 859
4461 1157
4461 1085
4461 2579
4461 2621
4461 1870
4461 488
4461 1802
4461 1989
4461 2506
4461 2445
4462 648
4462 2500
4462 488
4462 1593
4463 488
4463 4281
4463 868
4463 868
4463 1365
4463 3787
4464 648
4464 488
4464 2314
4464 3452
4464 1322
4464 592
4465 2499
4465 4858
4465 2486
4465 489
4465 1473
4466 1197
4466 1270
4466 489
4466 1952
4466 3784
4466 2456
4467 489
4467 2456
4467 2244
4467 2333
4468 489
4468 788
4468 788
4468 3792
4469 490
4469 556
4469 952
4469 958
4469 952
4469 958
4470 492
4470 4506
4470 491
4470 3066
4471 491
4471 4793
4471 589
4471 606
4472 494
4472 493
4472 494
4472 4590
4472 496
4472 494
4472 4590
4472 4482
4472 4484
4472 496
4472 1886
4472 1855
4472 1881
4472 2627
4472 2882
4472 3310
4472 3142
4472 733
4472 2817
4472 3227
4472 4308
4472 3524
4473 495
4473 4587
4473 4612
4473 495
4474 497
4474 2035
4474 696
4474 1313
4474 4031
4474 3784
4474 1841
4474 6043
4474 4202
4474 2935
4474 4451
4474 2436
4474 4283
4474 3978
4475 1941
4475 3547
4475 3309
4475 1052
4475 497
4475 3495
4475 4117
4475 2880
4475 1563
4475 631
4476 497
4476 3455
4476 3965
4476 3957
4476 1540
4477 272
4477 771
4477 771
4477 1052
4477 3321
4477 3540
4477 497
4477 1857
4477 3020
4477 3466
4477 1911
4477 4471
4477 3772
4477 4386
4477 4115
4477 3266
4477 3463
4478 497
4478 3514
4478 2178
4478 2349
4478 2721
4478 3463
4478 2634
4478 3266
4478 1493
4478 3463
4478 3083
4478 1177
4478 4152
4479 2955
4479 1478
4479 497
4479 2966
4479 1841
4479 3123
4480 497
4480 3819
4480 2886
4480 3469
4480 3667
4480 626
4480 1570
4480 3664
4480 4386
4480 524
4480 3066
4480 1342
4480 3922
4480 3463
4480 3266
4480 3463
4481 3077
4481 3180
4481 3309
4481 2557
4481 1164
4481 2883
4481 498
4481 3504
4481 3820
4481 3797
4481 3992
4481 3773
4481 3993
4481 3769
4481 3817
4481 1401
4481 1387
4481 4302
4481 4306
4481 4308
4481 4301
4481 4303
4481 4378
4481 2516
4481 3294
4481 4037
4481 4413
4481 3250
4481 3989
4482 3004
4482 1736
4482 499
4482 1886
4482 2593
4482 3660
4483 1400
4483 1879
4483 1881
4483 2866
4483 5504
4483 1886
4483 2867
4483 1865
4483 499
4483 5018
4483 823
4483 823
4483 1184
4483 823
4483 823
4483 5897
4483 3482
4483 3258
4484 2863
4484 5732
4484 1886
4484 499
4484 5504
4484 5279
4485 499
4485 1884
4485 1885
4485 1877
4486 1604
4486 3348
4486 4881
4486 499
4486 1859
4486 1879
4486 1886
4486 3125
4486 5709
4487 499
4487 1862
4487 1882
4487 1886
4487 1856
4487 1860
4487 1865
4487 2279
4487 2273
4488 1569
4488 1679
4488 1679
4488 1679
4488 1836
4488 1836
4488 1836
4488 3332
4488 500
4489 3574
4489 3300
4489 3540
4489 3819
4489 1203
4489 3750
4489 3009
4489 4305
4489 2634
4489 3463
4489 500
4490 878
4490 878
4490 1287
4490 1290
4490 4100
4490 500
4491 2085
4491 500
4491 1320
4491 789
4491 789
4492 2465
4492 2466
4492 1573
4492 500
4493 500
4493 661
4493 592
4493 3166
4494 500
4494 665
4494 4036
4494 4129
4495 502
4495 1369
4495 3274
4495 3435
4496 2698
4496 1184
4496 2829
4496 502
4497 502
4497 1844
4497 3839
4497 3682
4497 2228
4498 3709
4498 1071
4498 3756
4498 502
4498 1439
4499 1036
4499 1036
4499 2496
4499 2719
4499 1874
4499 502
4500 1844
4500 674
4500 502
4500 1019
4500 1019
4500 2514
4500 1022
4500 1022
4501 1092
4501 615
4501 1470
4501 1604
4501 2585
4501 502
4502 502
4502 797
4502 797
4502 1291
4503 502
4503 1031
4503 1031
4503 1212
4503 1732
4503 3139
4503 926
4503 5243
4503 592
4504 530
4504 502
4504 1410
4504 1522
4505 589
4505 503
4505 2468
4505 1341
4506 503
4506 1723
4506 3164
4506 3219
4507 580
4507 2891
4507 2510
4507 1441
4507 1467
4507 3454
4507 3696
4507 3986
4507 503
4508 1356
4508 719
4508 503
4508 1106
4509 550
4509 941
4509 941
4509 1659
4509 1969
4509 941
4509 941
4509 503
4509 3006
4509 5644
4510 672
4510 1101
4510 2612
4510 2635
4510 503
4510 580
4511 504
4511 2935
4511 2866
4511 3179
4511 3354
4511 6003
4512 4096
4512 1045
4512 1045
4512 1870
4512 1019
4512 1019
4512 1583
4512 504
4513 3556
4513 504
4513 4260
4513 5065
4514 1045
4514 1045
4514 2967
4514 504
4515 3287
4515 2488
4515 3345
4515 504
4515 4248
4516 696
4516 696
4516 1313
4516 1313
4516 504
4517 504
4517 3291
4517 3450
4517 3451
4518 2444
4518 504
4518 1019
4518 1019
4518 2788
4519 504
4519 3081
4519 3082
4519 2831
4520 2662
4520 504
4520 591
4520 2660
4521 504
4521 1447
4521 2910
4521 2911
4521 3138
4522 1553
4522 1470
4522 504
4522 1504
4523 504
4523 1028
4523 1028
4523 1028
4523 1028
4524 1282
4524 4827
4524 504
4525 505
4525 3576
4525 3791
4525 4555
4525 3793
4526 1910
4526 2102
4526 1694
4526 1904
4526 504
4526 2951
4527 3077
4527 860
4527 860
4527 4240
4527 4242
4527 3934
4527 966
4527 966
4527 1943
4527 505
4528 504
4528 1363
4528 3750
4528 619
4529 505
4529 3934
4529 194
4529 448
4530 1679
4530 1836
4530 1808
4530 1679
4530 1679
4530 1823
4530 1836
4530 1836
4530 1863
4530 542
4530 504
4530 2251
4530 1952
4530 2724
4530 3290
4530 4078
4531 504
4531 906
4531 906
4531 2157
4532 1354
4532 504
4532 2368
4532 3506
4532 2883
4533 504
4533 1473
4533 1560
4533 2889
4533 3232
4533 1127
4533 2023
4533 763
4533 763
4533 2477
4533 2052
4534 504
4534 992
4534 992
4534 1588
4534 2153
4535 4071
4535 505
4535 2251
4535 3840
4536 2413
4536 1993
4536 505
4536 1364
4536 3179
4536 4432
4536 3989
4536 4059
4536 1583
4536 3354
4536 2228
4536 2226
4536 1326
4536 1095
4537 505
4537 2251
4537 2996
4537 3577
4538 1438
4538 2586
4538 902
4538 902
4538 505
4538 1195
4538 3029
4538 1758
4539 2811
4539 505
4539 4930
4539 671
4540 2096
4540 3030
4540 505
4540 2097
4540 3206
4540 3027
4540 1909
4540 3031
4540 4127
4540 4012
4541 505
4541 662
4541 790
4541 790
4542 505
4542 768
4542 768
4542 2354
4543 505
4543 2093
4543 2099
4543 2096
4544 1838
4544 4987
4544 507
4544 2845
4544 3366
4544 4989
4544 5322
4544 5323
4544 613
4544 3193
4544 5600
4545 1594
4545 868
4545 868
4545 507
4545 556
4545 3519
4546 856
4546 856
4546 508
4546 4559
4547 895
4547 895
4547 2619
4547 5557
4547 509
4547 4249
4548 2560
4548 3611
4548 510
4548 2565
4548 525
4549 525
4549 1814
4549 2615
4549 5483
4549 2827
4549 510
4549 5306
4550 510
4550 769
4550 770
4550 769
4550 770
4550 929
4550 929
4551 510
4551 809
4551 809
4551 1450
4552 511
4552 2458
4552 1019
4552 1019
4552 3904
4553 556
4553 512
4553 1352
4553 1045
4553 1045
4553 2147
4554 601
4554 824
4554 824
4554 512
4555 514
4555 1922
4555 4079
4555 5910
4556 514
4556 4079
4556 514
4556 4079
4557 514
4557 4079
4557 1745
4557 1306
4558 5888
4558 516
4558 4459
4558 1831
4558 3876
4558 5993
4559 1904
4559 2669
4559 516
4559 598
4559 817
4559 817
4560 516
4560 1611
4560 2198
4560 2554
4560 3093
4561 516
4561 854
4561 854
4561 3706
4561 3353
4562 1408
4562 933
4562 933
4562 516
4562 1831
4563 516
4563 2419
4563 5193
4563 1831
4563 5865
4564 518
4564 2552
4564 775
4564 775
4564 2585
4565 5385
4565 1554
4565 519
4565 818
4565 818
4565 1975
4566 1073
4566 1496
4566 520
4566 3265
4566 554
4566 2165
4566 1852
4566 2372
4567 520
4567 2214
4567 4576
4567 4039
4567 4214
4567 3862
4568 520
4568 1554
4568 1035
4568 1035
4569 2333
4569 2339
4569 2457
4569 521
4569 826
4569 826
4569 1243
4570 522
4570 1036
4570 1036
4570 2496
4571 3923
4571 3769
4571 2159
4571 2022
4571 4192
4571 522
4572 522
4572 1036
4572 1036
4572 2496
4573 2457
4573 523
4573 676
4573 2333
4573 2963
4574 676
4574 523
4574 676
4574 1049
4575 3750
4575 524
4575 3149
4575 3892
4575 4475
4575 3266
4575 3083
4575 3083
4575 4466
4575 3966
4576 3316
4576 3495
4576 4310
4576 994
4576 994
4576 4437
4576 524
4577 842
4577 842
4577 1919
4577 3188
4577 3203
4577 1802
4577 788
4577 788
4577 3317
4577 3237
4577 3794
4577 3681
4577 3876
4577 860
4577 860
4577 3020
4577 4077
4577 1638
4577 625
4577 2520
4577 3769
4577 3817
4577 2684
4577 1841
4577 1842
4577 2972
4577 733
4577 3965
4577 4194
4577 4103
4577 4069
4577 4043
4577 3227
4577 3753
4577 4000
4577 4304
4577 4460
4577 4403
4577 3875
4577 2155
4577 524
4577 3184
4577 4321
4577 3610
4577 905
4577 905
4577 730
4577 2165
4577 4452
4577 3015
4577 1687
4577 4319
4577 1201
4577 1990
4577 1584
4577 4124
4578 2662
4578 2337
4578 2660
4578 525
4578 3451
4578 3287
4579 525
4579 1184
4579 2023
4579 4458
4580 526
4580 1045
4580 1045
4580 1132
4581 1969
4581 526
4581 2303
4581 3541
4582 526
4582 941
4582 941
4582 1142
4582 1228
4582 941
4582 941
4583 526
4583 940
4583 940
4583 1869
4584 862
4584 862
4584 1184
4584 527
4584 4731
4584 2012
4585 5955
4585 785
4585 785
4585 529
4586 528
4586 680
4586 915
4586 915
4587 529
4587 1500
4587 1500
4587 1500
4587 2709
4588 1668
4588 3173
4588 529
4588 546
4588 1035
4588 1035
4589 529
4589 2621
4589 630
4589 2330
4589 1492
4590 1115
4590 529
4590 1544
4590 2094
4590 5066
4591 1532
4591 1811
4591 529
4591 3317
4591 857
4591 857
4592 528
4592 2348
4592 1691
4592 2399
4592 5525
4592 1847
4592 1410
4593 530
4593 1107
4593 527
4593 3982
4594 2070
4594 5753
4594 5823
4594 530
4595 530
4595 3145
4595 4554
4595 984
4596 1500
4596 530
4596 2198
4596 1899
4597 530
4597 4763
4597 5923
4597 4979
4598 1386
4598 842
4598 842
4598 2786
4598 1184
4598 1196
4598 1797
4598 3993
4598 2147
4598 1842
4598 4267
4598 4310
4598 530
4598 606
4598 2214
4598 3083
4598 4277
4599 3088
4599 530
4599 1389
4599 1019
4599 1019
4600 952
4600 952
4600 776
4600 776
4600 530
4601 530
4601 606
4601 1040
4601 1040
4602 606
4602 530
4602 589
4602 606
4603 1855
4603 530
4603 589
4603 2377
4603 1879
4603 2158
4603 4355
4603 2689
4604 530
4604 1107
4604 1107
4604 1107
4605 530
4605 606
4605 606
4605 606
4606 530
4606 1045
4606 1045
4606 1610
4606 2157
4606 2161
4606 2612
4606 2889
4607 936
4607 936
4607 3494
4607 5316
4607 530
4607 1493
4608 2866
4608 540
4608 1974
4608 530
4609 3556
4609 532
4609 1107
4609 1107
4609 1107
4609 2125
4609 4243
4610 1874
4610 1875
4610 530
4610 3623
4610 2701
4610 1306
4611 530
4611 2825
4611 2985
4611 3103
4612 530
4612 2701
4612 1019
4612 1019
4613 530
4613 2833
4613 808
4613 808
4613 4367
4614 532
4614 4094
4614 4097
4614 533
4615 1042
4615 1042
4615 533
4615 1500
4616 1045
4616 1045
4616 533
4616 1019
4616 1019
4617 1679
4617 1823
4617 1836
4617 2260
4617 1679
4617 1679
4617 1836
4617 1836
4617 533
4618 1338
4618 607
4618 2071
4618 533
4618 1148
4619 533
4619 3265
4619 3973
4619 2877
4620 3566
4620 534
4620 1802
4620 6030
4621 534
4621 4370
4621 4371
4621 4372
4622 534
4622 3225
4622 1679
4622 1679
4622 1836
4622 1836
4623 927
4623 927
4623 1894
4623 535
4624 945
4624 945
4624 535
4624 3927
4625 2336
4625 1583
4625 4418
4625 536
4626 1458
4626 4039
4626 2122
4626 4000
4626 536
4627 2161
4627 1904
4627 1523
4627 1071
4627 536
4628 536
4628 2963
4628 4462
4628 2333
4629 2963
4629 536
4629 1244
4629 1244
4630 536
4630 1315
4630 3932
4630 4785
4630 5569
4631 2091
4631 536
4631 2333
4631 2963
4632 1410
4632 536
4632 1036
4632 1036
4632 2496
4633 1036
4633 1036
4633 2496
4633 536
4634 536
4634 1243
4634 1243
4634 1893
4635 1244
4635 536
4635 1221
4635 2963
4635 2333
4635 3756
4636 1631
4636 2660
4636 1179
4636 537
4636 2857
4637 3633
4637 3298
4637 2227
4637 539
4637 1788
4638 4150
4638 868
4638 868
4638 540
4638 1477
4638 4150
4638 1974
4638 2257
4639 1340
4639 3222
4639 540
4639 1974
4640 540
4640 1965
4640 1974
4640 1976
4640 5024
4640 2081
4641 540
4641 859
4641 859
4641 1974
4642 540
4642 1037
4642 1037
4642 1340
4642 1974
4642 2725
4642 176
4642 5853
4643 540
4643 1974
4643 1043
4643 1043
4644 540
4644 2290
4644 857
4644 857
4644 762
4644 762
4645 540
4645 1974
4645 1019
4645 1019
4646 817
4646 817
4646 540
4646 1974
4646 3535
4647 540
4647 3359
4647 3343
4647 4018
4648 540
4648 2290
4648 540
4648 2290
4649 1730
4649 3140
4649 540
4649 3131
4649 1976
4650 3465
4650 540
4650 1499
4650 2919
4651 540
4651 1106
4651 1972
4651 1974
4652 785
4652 785
4652 540
4652 1594
4653 540
4653 566
4653 1974
4653 2100
4653 4309
4653 3530
4654 541
4654 2503
4654 5237
4654 5240
4654 5268
4655 540
4655 1043
4655 1043
4655 1974
4656 540
4656 1974
4656 2322
4656 3367
4656 1937
4656 2072
4656 854
4656 854
4656 1226
4657 1375
4657 1783
4657 1593
4657 540
4657 2290
4657 2626
4657 3400
4657 947
4657 947
4657 2307
4657 597
4657 959
4657 959
4657 3865
4657 1019
4657 1019
4657 1007
4657 2508
4658 540
4658 2290
4658 3696
4658 3698
4659 902
4659 902
4659 540
4659 645
4659 3871
4660 542
4660 1549
4660 2709
4660 2651
4661 2709
4661 542
4661 1500
4661 2295
4661 543
4662 1480
4662 542
4662 1341
4662 1529
4662 1914
4662 3709
4663 1920
4663 542
4663 1369
4663 3274
4663 1367
4663 2369
4664 2079
4664 2517
4664 2709
4664 3952
4664 543
4664 1500
4664 1612
4664 3610
4665 1612
4665 1500
4665 1683
4665 1500
4665 1500
4665 543
4666 1189
4666 543
4666 906
4666 906
4667 857
4667 857
4667 543
4667 3763
4667 2754
4668 543
4668 1500
4668 1500
4668 1500
4668 1737
4668 2709
4668 2709
4669 823
4669 823
4669 1097
4669 545
4669 5733
4670 2214
4670 606
4670 546
4670 1512
4671 1138
4671 545
4671 933
4671 933
4672 546
4672 870
4672 870
4672 2416
4673 546
4673 1441
4673 1704
4673 3013
4673 3230
4673 940
4674 1184
4674 546
4674 760
4674 760
4675 546
4675 2110
4675 576
4675 3342
4676 1757
4676 546
4676 2542
4676 2123
4676 2703
4676 1631
4677 546
4677 4338
4677 860
4677 860
4677 2684
4678 546
4678 1410
4678 1507
4678 3265
4678 3454
4679 547
4679 2363
4679 5555
4679 5792
4680 547
4680 3584
4680 6084
4680 2480
4681 547
4681 901
4681 901
4681 3656
4682 547
4682 988
4682 4836
4682 1880
4683 547
4683 1730
4683 1233
4683 1436
4683 2121
4683 3248
4683 1377
4684 1330
4684 2067
4684 549
4684 698
4685 1751
4685 2458
4685 1504
4685 2251
4685 550
4686 940
4686 940
4686 1114
4686 1748
4686 550
4687 550
4687 3452
4687 814
4687 814
4687 4069
4687 4194
4688 550
4688 940
4688 941
4688 940
4688 941
4689 556
4689 551
4689 2739
4689 1045
4689 1045
4689 1436
4690 551
4690 2739
4690 2802
4690 4453
4691 1035
4691 1035
4691 1344
4691 2373
4691 857
4691 857
4691 2685
4691 551
4691 2739
4692 1340
4692 2161
4692 4039
4692 551
4693 553
4693 1344
4693 552
4693 1363
4693 857
4693 857
4694 1500
4694 1500
4694 1679
4694 1836
4694 4216
4694 4081
4694 4325
4694 1500
4694 1679
4694 1679
4694 1836
4694 1836
4694 553
4694 4481
4694 2260
4694 2295
4694 5941
4694 4326
4695 553
4695 791
4695 791
4695 3777
4696 553
4696 791
4696 791
4696 1265
4697 1019
4697 1019
4697 2967
4697 554
4698 554
4698 816
4698 816
4698 1649
4699 5352
4699 554
4699 964
4699 964
4699 1165
4700 738
4700 554
4700 953
4700 953
4700 555
4700 1802
4701 554
4701 817
4701 1045
4701 817
4701 1045
4702 5407
4702 4935
4702 554
4702 556
4702 1251
4703 554
4703 1014
4703 1014
4703 4126
4703 4203
4703 1010
4703 4127
4704 1353
4704 1045
4704 1045
4704 2591
4704 554
4705 2397
4705 555
4705 952
4705 952
4706 776
4706 951
4706 776
4706 951
4706 555
4707 555
4707 1045
4707 1045
4707 898
4707 1009
4708 1019
4708 1019
4708 594
4708 951
4708 951
4708 555
4709 1229
4709 2701
4709 1876
4709 555
4710 3833
4710 1019
4710 1019
4710 555
4711 555
4711 598
4711 1019
4711 1045
4711 1019
4711 1045
4712 555
4712 556
4712 1045
4712 1045
4713 555
4713 817
4713 1019
4713 817
4713 1019
4714 556
4714 2970
4714 5617
4714 555
4715 1045
4715 1045
4715 555
4715 556
4716 555
4716 556
4716 696
4716 898
4716 898
4716 1313
4716 3644
4716 950
4716 950
4717 555
4717 556
4717 1019
4717 1019
4717 5658
4718 555
4718 4058
4718 950
4718 950
4718 1004
4718 1008
4718 1004
4718 1008
4719 555
4719 1045
4719 1045
4719 3696
4720 1583
4720 555
4720 556
4720 996
4720 996
4721 555
4721 1023
4721 1023
4721 1165
4722 738
4722 898
4722 898
4722 555
4722 556
4723 4039
4723 1045
4723 1045
4723 555
4724 555
4724 598
4724 959
4724 1012
4724 959
4724 1012
4724 1006
4724 1006
4724 1019
4724 1019
4725 1109
4725 555
4725 3846
4725 3847
4725 1149
4726 555
4726 597
4726 890
4726 890
4727 1045
4727 1045
4727 555
4727 556
4727 956
4727 956
4727 5706
4728 1009
4728 1009
4728 555
4728 898
4728 996
4728 999
4728 898
4728 996
4728 999
4729 555
4729 1672
4729 1503
4729 2878
4729 4041
4729 1920
4729 4339
4730 555
4730 1045
4730 1045
4730 1029
4730 1029
4730 4806
4730 1436
4730 951
4730 951
4730 1019
4730 1019
4731 555
4731 898
4731 898
4731 816
4731 1045
4731 816
4731 1045
4731 556
4731 1353
4731 4955
4732 555
4732 1004
4732 1004
4732 1011
4732 1011
4732 1009
4732 1009
4733 555
4733 2177
4733 1260
4733 1821
4733 5908
4733 3750
4733 3940
4733 2635
4733 4222
4734 555
4734 1045
4734 1045
4734 1642
4734 2374
4735 555
4735 1045
4735 1045
4735 2889
4735 3232
4736 816
4736 816
4736 956
4736 956
4736 556
4736 1045
4736 1045
4737 1045
4737 1045
4737 556
4737 4149
4737 88
4738 1045
4738 1045
4738 1009
4738 1012
4738 1009
4738 1012
4738 556
4738 2537
4739 1019
4739 1019
4739 556
4739 1045
4739 1045
4740 556
4740 1045
4740 1045
4740 1353
4740 1672
4740 3750
4740 4720
4740 1018
4740 1021
4741 556
4741 1022
4741 1022
4741 963
4741 968
4742 2471
4742 556
4742 947
4742 947
4742 4100
4743 1019
4743 1019
4743 1494
4743 556
4743 1045
4743 1045
4744 606
4744 556
4744 1045
4744 1045
4745 999
4745 999
4745 1045
4745 1045
4745 1019
4745 1019
4745 556
4746 1045
4746 1045
4746 2479
4746 556
4746 898
4746 898
4746 878
4746 5630
4747 898
4747 898
4747 556
4747 1045
4747 1045
4748 1009
4748 1009
4748 5455
4748 463
4748 1018
4748 1018
4748 4643
4748 597
4748 1459
4748 556
4748 1045
4748 1045
4749 1045
4749 1045
4749 556
4749 1608
4750 556
4750 996
4750 1045
4750 996
4750 1045
4751 2591
4751 556
4751 1045
4751 1045
4752 556
4752 2133
4752 4639
4752 5430
4752 2147
4752 4321
4752 4048
4752 2041
4752 2737
4752 860
4752 860
4753 2372
4753 2662
4753 556
4753 1553
4754 556
4754 952
4754 1009
4754 952
4754 1009
4755 556
4755 1036
4755 1036
4755 1356
4755 2496
4756 556
4756 597
4756 963
4756 963
4756 1071
4757 2635
4757 556
4757 1045
4757 1045
4758 556
4758 597
4758 959
4758 959
4758 1009
4758 1009
4758 2597
4759 958
4759 958
4759 556
4759 3285
4759 957
4759 957
4759 2863
4760 556
4760 597
4760 1045
4760 1045
4761 556
4761 1045
4761 1045
4761 5832
4761 597
4761 49
4762 556
4762 896
4762 1009
4762 1045
4762 896
4762 1009
4762 1045
4762 1353
4763 556
4763 947
4763 947
4763 2198
4763 2220
4763 1553
4763 2052
4764 556
4764 595
4764 597
4764 1045
4764 1045
4765 556
4765 595
4765 597
4765 1045
4765 1045
4766 556
4766 957
4766 963
4766 1045
4766 957
4766 963
4766 1045
4766 1733
4766 1981
4766 67
4766 958
4766 1022
4767 556
4767 896
4767 952
4767 1022
4767 896
4767 952
4767 1022
4768 1071
4768 1775
4768 2059
4768 556
4769 958
4769 958
4769 952
4769 952
4769 556
4770 1045
4770 1045
4770 556
4770 1954
4771 950
4771 950
4771 556
4771 952
4771 1004
4771 952
4771 1004
4771 1045
4771 1045
4771 2029
4771 2780
4772 556
4772 597
4772 598
4772 817
4772 817
4773 1697
4773 1450
4773 556
4773 1022
4773 1022
4774 556
4774 601
4774 824
4774 824
4775 556
4775 964
4775 964
4775 958
4775 775
4775 968
4776 556
4776 738
4776 1045
4776 1045
4777 1555
4777 557
4777 1019
4777 1019
4778 657
4778 900
4778 900
4778 1236
4778 2991
4778 1744
4778 1744
4778 1504
4778 2198
4778 557
4778 4279
4778 2935
4779 1472
4779 2382
4779 1470
4779 4921
4779 557
4779 1235
4780 557
4780 3195
4780 3203
4780 3537
4781 4159
4781 4242
4781 3984
4781 4455
4781 3266
4781 3957
4781 559
4782 3025
4782 4308
4782 4000
4782 3426
4782 3176
4782 4129
4782 2997
4782 3624
4782 3985
4782 3978
4782 2807
4782 559
4783 2180
4783 5145
4783 1210
4783 3412
4783 3314
4783 2349
4783 2955
4783 2035
4783 3040
4783 3514
4783 3825
4783 3717
4783 4053
4783 2954
4783 3469
4783 3837
4783 3882
4783 4031
4783 4163
4783 1019
4783 1019
4783 4096
4783 3984
4783 3108
4783 4301
4783 4303
4783 4378
4783 4307
4783 4474
4783 1005
4783 1021
4783 1005
4783 1021
4783 5935
4783 2169
4783 4270
4783 4385
4783 2994
4783 3266
4783 2634
4783 3877
4783 2982
4783 1177
4783 559
4783 2543
4783 3743
4784 2297
4784 3365
4784 2204
4784 1614
4784 3750
4784 3575
4784 4237
4784 2218
4784 1865
4784 4411
4784 2390
4784 4204
4784 1493
4784 3467
4784 1493
4784 3083
4784 3463
4784 3083
4784 4277
4784 4197
4784 559
4784 2543
4784 2738
4785 752
4785 752
4785 559
4785 6038
4785 4596
4785 5589
4786 2484
4786 788
4786 788
4786 3323
4786 3886
4786 3124
4786 3771
4786 3358
4786 4057
4786 3770
4786 4163
4786 1387
4786 4454
4786 4304
4786 2165
4786 3467
4786 3463
4786 3083
4786 3266
4786 1493
4786 559
4786 2728
4786 2543
4786 1584
4787 3252
4787 1637
4787 1177
4787 559
4787 3488
4787 2376
4788 625
4788 2634
4788 3083
4788 913
4788 913
4788 2997
4788 559
4788 2861
4788 2543
4789 1471
4789 1679
4789 1836
4789 559
4790 2120
4790 689
4790 559
4790 4007
4791 2070
4791 1944
4791 559
4791 587
4791 3927
4792 5799
4792 560
4792 749
4792 749
4792 439
4793 1180
4793 749
4793 749
4793 749
4793 749
4793 560
4794 1272
4794 3835
4794 560
4794 3879
4794 3945
4795 560
4795 746
4795 749
4795 749
4796 562
4796 833
4796 833
4796 1197
4796 2414
4796 1365
4796 2177
4796 3870
4796 2814
4797 562
4797 1561
4797 1580
4797 2814
4797 561
4797 3835
4798 1955
4798 1500
4798 2593
4798 3768
4798 564
4798 3769
4798 3325
4798 2022
4798 2029
4798 3808
4798 4446
4798 4166
4799 3318
4799 3312
4799 3780
4799 3890
4799 2886
4799 564
4799 2520
4799 4358
4799 4302
4799 4308
4799 4420
4799 2935
4799 3083
4799 3471
4799 3266
4799 3463
4799 4465
4799 3966
4799 1687
4799 2728
4799 2543
4799 4124
4800 3959
4800 4055
4800 1615
4800 1614
4800 3876
4800 3724
4800 564
4800 3817
4800 4452
4801 1952
4801 3040
4801 1865
4801 1655
4801 3571
4801 3876
4801 3683
4801 564
4801 3291
4801 4159
4802 3133
4802 3683
4802 564
4802 4055
4802 619
4802 3739
4802 4043
4802 3024
4802 2547
4802 2927
4802 446
4802 904
4802 904
4802 4450
4803 3180
4803 1919
4803 2057
4803 564
4803 619
4803 3086
4803 2641
4804 4055
4804 564
4804 3817
4804 3965
4804 4266
4804 4237
4804 4000
4804 966
4804 966
4804 3772
4804 4231
4804 3892
4804 2165
4804 3266
4804 4063
4805 1156
4805 1184
4805 788
4805 788
4805 2057
4805 3685
4805 3721
4805 1655
4805 3960
4805 2492
4805 564
4805 2072
4805 4265
4805 2933
4805 3024
4805 4471
4805 1005
4805 1005
4805 4330
4805 2544
4805 3463
4806 692
4806 2996
4806 3397
4806 2664
4806 3398
4806 3721
4806 3792
4806 3959
4806 3796
4806 3794
4806 3784
4806 3797
4806 3681
4806 1655
4806 3571
4806 2954
4806 4019
4806 3751
4806 564
4806 3976
4806 2170
4806 2318
4806 3469
4806 2997
4806 3272
4806 4054
4807 2220
4807 5428
4807 3538
4807 1148
4807 566
4807 3603
4808 630
4808 1190
4808 4633
4808 566
4809 519
4809 1043
4809 1043
4809 566
4810 823
4810 823
4810 566
4810 1961
4810 5150
4810 590
4810 4319
4810 770
4811 566
4811 4281
4811 5413
4811 4456
4812 957
4812 957
4812 566
4812 1675
4812 1629
4813 3591
4813 566
4813 1043
4813 1043
4814 1634
4814 1450
4814 3285
4814 244
4814 566
4815 566
4815 864
4815 864
4815 3553
4815 3006
4815 4281
4816 2226
4816 2228
4816 566
4816 5611
4817 1233
4817 4099
4817 566
4817 5140
4817 3195
4818 1342
4818 3922
4818 566
4818 1169
4819 566
4819 1500
4819 1500
4819 1500
4819 1806
4819 2709
4820 1043
4820 1043
4820 566
4820 2534
4821 1897
4821 4920
4821 875
4821 875
4821 566
4821 2198
4821 1497
4821 2840
4822 566
4822 650
4822 821
4822 821
4822 178
4823 1022
4823 1045
4823 1022
4823 1045
4823 952
4823 952
4823 999
4823 999
4823 566
4824 566
4824 4482
4824 1441
4824 1456
4824 1679
4824 1836
4824 4229
4824 1835
4824 727
4824 1679
4824 1836
4824 4491
4824 950
4824 950
4824 3185
4824 2174
4825 566
4825 1036
4825 1036
4825 2496
4826 644
4826 567
4826 1477
4826 1499
4826 1675
4827 568
4827 788
4827 790
4827 788
4827 790
4828 569
4828 1943
4828 2457
4828 3119
4828 3540
4828 664
4828 3722
4828 3907
4829 569
4829 1940
4829 2369
4829 2996
4830 569
4830 788
4830 788
4830 2915
4831 1897
4831 1497
4831 569
4831 2294
4832 569
4832 2882
4832 2280
4832 3424
4832 3989
4832 730
4832 1293
4832 3463
4833 569
4833 3404
4833 2882
4833 2518
4833 2280
4833 4358
4833 4442
4833 2029
4833 3020
4833 3083
4834 569
4834 2395
4834 3993
4834 625
4834 4133
4834 4440
4834 3908
4834 2165
4834 3463
4834 3083
4834 3958
4834 1326
4835 569
4835 924
4835 924
4835 1881
4836 569
4836 3882
4836 4454
4836 4455
4836 904
4836 904
4836 1936
4836 735
4837 569
4837 3015
4837 835
4837 2280
4837 3083
4837 861
4837 861
4838 569
4838 664
4838 1857
4838 4154
4838 733
4838 2037
4838 4293
4838 4242
4838 1296
4839 569
4839 4083
4839 4154
4839 1855
4839 4116
4839 4384
4840 838
4840 838
4840 570
4840 2841
4840 3176
4840 2577
4840 616
4840 3424
4841 599
4841 4777
4841 4781
4841 572
4842 572
4842 1042
4842 2381
4842 5382
4842 5435
4843 572
4843 3270
4843 4844
4843 4447
4843 2407
4843 1495
4844 804
4844 804
4844 4751
4844 573
4845 574
4845 1600
4845 2124
4845 5211
4846 574
4846 1908
4846 5470
4846 5488
4847 576
4847 2721
4847 3342
4847 3342
4848 577
4848 719
4848 606
4848 2073
4848 2195
4848 3259
4848 1036
4848 1036
4848 2496
4849 577
4849 2585
4849 2762
4849 3595
4849 3813
4849 630
4850 1932
4850 579
4850 82
4850 696
4850 1313
4851 2364
4851 2365
4851 2213
4851 5281
4851 2322
4851 2905
4851 3026
4851 3559
4851 580
4852 1643
4852 1363
4852 1367
4852 1920
4852 1324
4852 580
4853 580
4853 647
4853 4004
4853 4058
4854 580
4854 580
4854 1577
4854 4698
4855 580
4855 4018
4855 3973
4855 2661
4855 3917
4856 580
4856 2322
4856 3434
4856 2150
4857 1504
4857 1643
4857 5230
4857 2120
4857 5039
4857 580
4857 3348
4857 583
4858 582
4858 988
4858 988
4858 833
4858 833
4859 3314
4859 3769
4859 3907
4859 582
4860 582
4860 2235
4860 3963
4860 4836
4860 2486
4860 4166
4861 988
4861 988
4861 4858
4861 2660
4861 2860
4861 3295
4861 1619
4861 2722
4861 2593
4861 3660
4861 4228
4861 583
4862 1583
4862 3202
4862 2880
4862 583
4862 1292
4862 3451
4863 583
4863 1436
4863 2066
4863 3751
4863 1706
4863 3291
4863 2537
4863 3750
4864 874
4864 874
4864 3411
4864 3435
4864 1892
4864 582
4865 582
4865 3427
4865 5332
4865 3579
4865 543
4866 583
4866 1523
4866 1737
4866 1816
4866 3645
4866 365
4867 1092
4867 2849
4867 3004
4867 583
4867 1694
4867 3643
4868 583
4868 1523
4868 1816
4868 2537
4869 857
4869 857
4869 583
4869 1615
4869 1816
4869 1910
4869 2102
4869 2849
4870 582
4870 2391
4870 5472
4870 1179
4870 5905
4871 1816
4871 933
4871 933
4871 583
4872 583
4872 684
4872 933
4872 933
4873 4403
4873 3907
4873 3340
4873 582
4873 3892
4873 4244
4874 1953
4874 2005
4874 1052
4874 3317
4874 3311
4874 3314
4874 1043
4874 1043
4874 3778
4874 3852
4874 2447
4874 4084
4874 4047
4874 3358
4874 3775
4874 4154
4874 4288
4874 4256
4874 3012
4874 4316
4874 1387
4874 4149
4874 3984
4874 4460
4874 4302
4874 4307
4874 4454
4874 4273
4874 4304
4874 4385
4874 1848
4874 3970
4874 2938
4874 2935
4874 582
4874 3083
4874 3958
4874 2997
4874 860
4874 860
4874 1717
4874 684
4875 582
4875 132
4875 2493
4875 1069
4875 1504
4875 2303
4876 583
4876 933
4876 933
4876 1816
4877 1366
4877 582
4877 2235
4877 2486
4877 2276
4878 582
4878 1367
4878 3411
4878 3435
4879 1045
4879 1045
4879 3067
4879 3655
4879 582
4880 582
4880 1045
4880 1045
4880 2493
4880 4822
4881 1199
4881 582
4881 582
4881 2536
4882 582
4882 4207
4882 1904
4882 2640
4883 584
4883 1303
4883 945
4883 945
4883 945
4883 945
4883 945
4883 945
4883 4377
4883 2865
4884 1410
4884 1866
4884 4957
4884 2677
4884 584
4885 585
4885 1019
4885 1019
4885 594
4885 1002
4885 1005
4886 585
4886 1009
4886 1009
4886 3038
4887 1619
4887 585
4887 958
4887 958
4888 585
4888 956
4888 1025
4888 956
4888 1025
4889 585
4889 775
4889 950
4889 1008
4889 1011
4889 775
4889 950
4889 1008
4889 1011
4890 586
4890 1645
4890 4410
4890 4443
4890 4444
4891 586
4891 3832
4891 3234
4891 5854
4892 3261
4892 1945
4892 3927
4892 587
4892 1430
4892 1658
4892 3258
4892 4529
4892 5048
4892 2942
4893 2332
4893 587
4893 1989
4893 1055
4893 4174
4894 602
4894 587
4894 1601
4894 3927
4894 1292
4895 1812
4895 587
4895 2222
4895 3619
4895 3621
4895 4155
4896 587
4896 2433
4896 3927
4896 3340
4896 1389
4897 587
4897 2015
4897 5248
4898 587
4898 815
4898 815
4898 2336
4898 2245
4898 3737
4898 3816
4899 588
4899 2061
4899 4393
4900 5605
4900 3255
4900 797
4900 589
4900 5967
4901 1813
4901 3147
4901 589
4901 2810
4902 589
4902 2948
4902 2297
4902 3265
4903 589
4903 936
4903 936
4903 1473
4904 1326
4904 3006
4904 590
4904 593
4905 864
4905 864
4905 590
4905 4010
4906 1925
4906 815
4906 815
4906 778
4906 778
4906 1991
4906 589
4907 2017
4907 979
4907 979
4907 1500
4907 2709
4907 589
4907 3265
4908 1125
4908 1954
4908 590
4908 3870
4909 864
4909 864
4909 1707
4909 590
4910 5426
4910 1179
4910 590
4910 1938
4911 590
4911 1181
4911 3265
4911 2660
4912 1094
4912 1954
4912 2099
4912 590
4913 1179
4913 591
4913 1422
4913 592
4913 1500
4913 2709
4914 590
4914 945
4914 945
4914 4377
4914 1410
4915 1436
4915 2569
4915 590
4915 591
4915 2660
4916 1203
4916 591
4916 2147
4916 1523
4917 590
4917 2903
4917 1045
4917 1045
4918 5258
4918 1179
4918 1180
4918 591
4918 2455
4919 590
4919 593
4919 593
4919 1179
4919 1145
4920 4033
4920 771
4920 771
4920 591
4920 1210
4921 1619
4921 1483
4921 1537
4921 3265
4921 3013
4921 591
4921 3014
4922 1221
4922 592
4922 2963
4922 2333
4923 1932
4923 1931
4923 1523
4923 592
4924 589
4924 1043
4924 1043
4924 1976
4925 589
4925 606
4925 1389
4925 1553
4925 1560
4926 2937
4926 591
4926 3444
4926 592
4927 591
4927 1092
4927 1464
4927 2214
4927 2120
4928 1036
4928 1036
4928 2496
4928 2630
4928 591
4928 2157
4928 2969
4928 2322
4929 1324
4929 592
4929 1583
4929 1410
4929 930
4930 3297
4930 591
4930 3973
4930 1184
4931 1134
4931 1812
4931 591
4931 2245
4931 3739
4932 1697
4932 2660
4932 592
4932 1697
4932 2569
4932 3265
4933 592
4933 1181
4933 2569
4933 2662
4934 592
4934 1179
4934 1424
4934 1619
4934 2370
4934 2662
4935 591
4935 606
4935 2521
4935 2198
4936 592
4936 2569
4936 2372
4936 1178
4936 2660
4936 2662
4937 591
4937 1073
4937 1671
4937 2365
4938 2014
4938 1235
4938 1470
4938 593
4939 1955
4939 2090
4939 729
4939 5427
4939 859
4939 859
4939 593
4939 1157
4939 3338
4939 874
4940 846
4940 846
4940 1467
4940 593
4940 1738
4940 4504
4941 2372
4941 2662
4941 2660
4941 2569
4941 593
4941 661
4942 2007
4942 1619
4942 593
4942 1583
4942 2660
4942 2662
4943 1500
4943 2712
4943 593
4943 3004
4944 1092
4944 1852
4944 2329
4944 593
4945 593
4945 2660
4945 1619
4945 1937
4946 941
4946 941
4946 3265
4946 593
4946 3033
4947 1455
4947 2569
4947 593
4947 1326
4948 868
4948 868
4948 593
4948 635
4948 1365
4949 593
4949 1157
4949 2639
4949 2925
4950 594
4950 4709
4950 4710
4950 4714
4951 594
4951 1002
4951 1005
4951 1002
4951 1005
4952 594
4952 1019
4952 1019
4952 2510
4953 3224
4953 595
4953 947
4953 947
4954 595
4954 1045
4954 1045
4954 3096
4955 595
4955 951
4955 1004
4955 951
4955 1004
4955 2804
4956 1672
4956 595
4956 951
4956 951
4956 1852
4957 595
4957 598
4957 1022
4957 1022
4958 596
4958 765
4958 765
4958 686
4959 4102
4959 3987
4959 1019
4959 1019
4959 817
4959 817
4959 4460
4959 3266
4959 597
4960 597
4960 1045
4960 1045
4960 1672
4960 2569
4960 3655
4960 6094
4960 4397
4961 597
4961 1353
4961 963
4961 4697
4961 1013
4962 597
4962 1019
4962 1019
4962 3139
4962 4016
4963 1484
4963 597
4963 1045
4963 1045
4963 1352
4963 4631
4964 1904
4964 1126
4964 3874
4964 597
4965 1816
4965 597
4965 816
4965 816
4965 3128
4966 3197
4966 597
4966 1019
4966 1019
4966 1680
4966 4279
4966 996
4966 6022
4967 597
4967 598
4967 1019
4967 1019
4967 1569
4967 3096
4968 963
4968 1045
4968 963
4968 1045
4968 3483
4968 597
4969 597
4969 956
4969 1019
4969 956
4969 1019
4970 3396
4970 597
4970 962
4970 963
4970 962
4970 963
4970 1672
4970 1831
4970 3533
4971 597
4971 1029
4971 1029
4971 2261
4971 2801
4972 597
4972 951
4972 951
4972 2617
4972 2827
4972 2778
4972 936
4972 936
4972 3952
4972 695
4972 5876
4973 597
4973 955
4973 968
4973 955
4973 968
4974 597
4974 997
4974 1045
4974 997
4974 1045
4975 597
4975 1035
4975 1045
4975 1035
4975 1045
4976 4715
4976 952
4976 952
4976 964
4976 964
4976 1165
4976 597
4976 1006
4976 1006
4977 597
4977 959
4977 965
4977 959
4977 965
4978 899
4978 899
4978 597
4978 2538
4979 597
4979 952
4979 952
4979 907
4979 1288
4979 722
4979 3463
4979 4272
4980 2297
4980 606
4980 597
4980 950
4980 950
4981 1583
4981 1019
4981 1019
4981 2322
4981 598
4981 3200
4982 896
4982 950
4982 896
4982 950
4982 597
4982 1004
4982 1004
4982 3707
4982 3750
4983 3034
4983 829
4983 829
4983 2189
4983 3794
4983 3793
4983 3272
4983 3771
4983 2390
4983 2936
4983 3176
4983 4446
4983 4300
4983 625
4983 3009
4983 598
4983 4319
4983 4076
4983 3266
4984 598
4984 817
4984 1004
4984 817
4984 1004
4985 598
4985 896
4985 1009
4985 896
4985 1009
4985 962
4985 1000
4985 4871
4986 4329
4986 1019
4986 1019
4986 1004
4986 1045
4986 1004
4986 1045
4986 4717
4986 598
4986 896
4986 964
4986 1005
4986 1012
4986 896
4986 964
4986 1005
4986 1012
4986 1353
4986 4708
4986 4714
4986 965
4986 1852
4986 1023
4986 3148
4987 598
4987 3144
4987 3146
4987 3147
4988 598
4988 817
4988 817
4988 3740
4989 786
4989 786
4989 2125
4989 598
4989 1748
4990 5620
4990 598
4990 1045
4990 1045
4990 3909
4990 3777
4990 3737
4990 4340
4990 4454
4991 1063
4991 2202
4991 2507
4991 2657
4991 3080
4991 1007
4991 1007
4991 598
4991 1754
4991 3414
4991 3881
4991 1014
4991 1014
4991 2513
4991 4476
4991 3600
4992 1045
4992 1045
4992 598
4992 1353
4993 1092
4993 598
4993 1045
4993 1045
4993 1467
4993 1560
4994 598
4994 4811
4994 4840
4994 5009
4995 3313
4995 599
4995 2170
4995 4364
4996 601
4996 824
4996 824
4996 819
4996 819
4996 3208
4997 601
4997 824
4997 824
4997 3216
4998 3216
4998 601
4998 824
4998 824
4999 4662
4999 601
4999 824
4999 824
4999 4080
5000 603
5000 1508
5000 2608
5000 3114
5000 2507
5000 3082
5000 2224
5001 859
5001 859
5001 630
5001 4041
5001 603
5001 1404
5001 2974
5002 1758
5002 4321
5002 603
5002 1508
5003 603
5003 1503
5003 2879
5003 1425
5003 2440
5003 696
5003 1313
5004 603
5004 1508
5004 3612
5004 1045
5004 1045
5005 3841
5005 603
5005 1425
5005 1508
5005 2440
5006 1378
5006 603
5006 1508
5006 3618
5006 4004
5007 2070
5007 1945
5007 1425
5007 4041
5007 603
5008 857
5008 857
5008 3684
5008 3198
5008 1679
5008 1836
5008 1823
5008 2734
5008 1863
5008 3777
5008 1526
5008 604
5009 604
5009 985
5009 985
5009 2731
5009 4296
5010 1345
5010 1523
5010 604
5010 769
5011 2628
5011 854
5011 854
5011 1880
5011 1408
5011 605
5011 623
5011 936
5011 936
5012 604
5012 2731
5012 4321
5012 604
5013 2161
5013 2612
5013 1092
5013 3863
5013 604
5013 4397
5014 604
5014 1951
5014 2075
5014 2075
5015 952
5015 1004
5015 952
5015 1004
5015 2542
5015 604
5016 1197
5016 604
5016 1036
5016 1036
5016 2496
5017 604
5017 629
5017 1586
5017 1832
5018 1019
5018 1019
5018 4315
5018 6123
5018 1586
5018 606
5019 607
5019 1107
5019 1389
5019 1471
5020 1035
5020 1035
5020 607
5020 2496
5021 3281
5021 3774
5021 4121
5021 606
5021 2483
5022 607
5022 668
5022 3475
5022 3476
5022 1787
5022 3174
5022 3543
5023 1189
5023 607
5023 606
5023 875
5023 875
5023 1092
5023 1325
5023 1372
5023 3378
5024 1900
5024 5271
5024 606
5024 5707
5025 1998
5025 1004
5025 1004
5025 5705
5025 2125
5025 606
5025 4264
5025 4274
5026 2833
5026 1408
5026 3068
5026 3201
5026 606
5027 797
5027 797
5027 1604
5027 2311
5027 4807
5027 606
5028 1822
5028 1805
5028 1679
5028 1836
5028 1679
5028 1836
5028 4356
5028 1500
5028 1500
5028 1925
5028 4004
5028 4390
5028 1831
5028 3897
5028 1802
5028 1844
5028 4282
5028 606
5028 3830
5028 904
5029 1052
5029 2979
5029 606
5029 4291
5030 1040
5030 1040
5030 608
5030 2167
5031 1920
5031 1812
5031 1363
5031 864
5031 864
5031 1036
5031 1036
5031 2496
5031 608
5032 1953
5032 3015
5032 3180
5032 2542
5032 1210
5032 2058
5032 1162
5032 3195
5032 4047
5032 2349
5032 3167
5032 2716
5032 2147
5032 4117
5032 1401
5032 4266
5032 2350
5032 3982
5032 4162
5032 4103
5032 994
5032 994
5032 3294
5032 1324
5032 812
5032 812
5032 606
5032 3739
5032 4385
5032 4389
5032 2938
5032 2937
5032 4330
5033 1881
5033 3328
5033 606
5033 906
5033 906
5033 4477
5034 606
5034 4886
5034 1586
5034 3283
5034 859
5034 859
5035 985
5035 985
5035 1871
5035 606
5036 606
5036 1040
5036 1040
5036 2622
5037 606
5037 1679
5037 1836
5037 606
5037 1199
5037 713
5038 2033
5038 2177
5038 606
5038 4457
5039 2045
5039 1748
5039 1748
5039 606
5039 1920
5039 1787
5040 653
5040 606
5040 4460
5040 1238
5041 1345
5041 1494
5041 1536
5041 796
5041 796
5041 840
5041 840
5041 3153
5041 606
5041 2720
5041 2720
5042 4525
5042 1453
5042 1456
5042 606
5043 606
5043 1852
5043 1923
5043 2322
5044 1679
5044 1822
5044 1836
5044 606
5044 3073
5044 606
5045 606
5045 1672
5045 1816
5045 933
5045 933
5045 1785
5045 4248
5045 4270
5045 1904
5045 1018
5045 4004
5046 1010
5046 1014
5046 1010
5046 1014
5046 2507
5046 606
5046 3081
5046 4038
5046 2626
5046 4374
5047 1071
5047 606
5047 2889
5047 2701
5048 1036
5048 1036
5048 1641
5048 2496
5048 606
5049 1500
5049 2709
5049 1679
5049 1836
5049 1679
5049 1836
5049 606
5049 3684
5049 4764
5049 3764
5050 606
5050 800
5050 800
5050 1213
5051 606
5051 606
5051 3470
5051 4979
5051 4281
5052 4858
5052 1393
5052 606
5052 1393
5053 606
5053 1679
5053 1679
5053 1836
5053 1836
5053 2734
5054 606
5054 606
5054 3599
5054 3969
5054 4145
5054 3106
5055 1612
5055 606
5055 2066
5055 3469
5055 1003
5056 1500
5056 2709
5056 2714
5056 606
5056 1679
5056 1836
5057 606
5057 952
5057 952
5057 4046
5058 1679
5058 1836
5058 606
5058 1863
5058 1345
5059 606
5059 945
5059 945
5059 2216
5060 1849
5060 2177
5060 606
5060 1148
5060 2478
5060 4074
5060 4260
5061 2328
5061 1037
5061 1037
5061 606
5061 2202
5062 1036
5062 1036
5062 2496
5062 606
5062 922
5062 922
5062 1757
5063 606
5063 1473
5063 803
5063 803
5064 606
5064 1493
5064 863
5064 863
5065 878
5065 878
5065 606
5065 1473
5065 1045
5065 1045
5065 3787
5065 2177
5065 1148
5066 606
5066 689
5066 3828
5066 2373
5066 2217
5066 3232
5066 4074
5066 4185
5067 1679
5067 1679
5067 1679
5067 1679
5067 1679
5067 1679
5067 1836
5067 1836
5067 1836
5067 1836
5067 1836
5067 1836
5067 2275
5067 1679
5067 1679
5067 1836
5067 1836
5067 606
5068 820
5068 845
5068 820
5068 845
5068 606
5069 606
5069 1035
5069 1035
5069 1423
5070 606
5070 2837
5070 5402
5070 1661
5070 4957
5070 2761
5070 2255
5071 1777
5071 606
5071 5210
5071 1927
5072 606
5072 2435
5072 2294
5072 835
5072 2470
5073 609
5073 611
5073 617
5073 2769
5074 1668
5074 2941
5074 4047
5074 2954
5074 609
5074 1493
5074 861
5074 861
5075 2557
5075 772
5075 772
5075 2958
5075 609
5075 2935
5076 740
5076 609
5076 4208
5076 2738
5077 2428
5077 1971
5077 3319
5077 1911
5077 3387
5077 3465
5077 4084
5077 625
5077 609
5077 1565
5077 3083
5078 609
5078 4447
5078 3989
5078 3083
5078 3266
5078 3463
5078 3467
5078 3083
5078 3083
5078 1208
5078 4244
5078 2376
5079 2389
5079 3692
5079 3375
5079 611
5080 800
5080 800
5080 901
5080 901
5080 2445
5080 611
5081 611
5081 626
5081 2947
5081 3042
5081 3501
5081 5770
5081 3693
5082 1386
5082 3312
5082 3825
5082 611
5082 684
5083 3067
5083 2593
5083 3778
5083 2419
5083 2073
5083 611
5083 4161
5083 3012
5083 4316
5083 2022
5083 4307
5083 2927
5083 3293
5083 4364
5083 4403
5083 4166
5083 2606
5083 914
5083 914
5083 4211
5083 2982
5083 2436
5083 4244
5083 1717
5084 1412
5084 3469
5084 4078
5084 3837
5084 2470
5084 611
5084 4043
5084 4149
5084 1865
5084 3015
5084 2021
5085 2724
5085 3834
5085 611
5085 4036
5086 2315
5086 3015
5086 3312
5086 611
5086 3108
5086 4292
5086 904
5086 904
5086 1493
5087 4980
5087 5669
5087 611
5087 3690
5088 1462
5088 2818
5088 611
5088 611
5088 931
5088 931
5088 5238
5088 5368
5088 2818
5088 1184
5088 3584
5089 611
5089 616
5089 621
5089 4866
5089 613
5089 1355
5089 5092
5089 1828
5090 1206
5090 1215
5090 1713
5090 611
5090 1502
5090 4616
5091 3569
5091 621
5091 613
5091 2421
5092 945
5092 945
5092 4377
5092 615
5093 1474
5093 615
5093 935
5093 935
5093 1140
5093 4791
5094 615
5094 1235
5094 1447
5094 1470
5094 2038
5095 615
5095 1141
5095 1458
5095 3038
5095 3253
5095 3841
5095 3842
5095 628
5095 1166
5096 696
5096 1313
5096 615
5096 622
5096 935
5096 935
5096 2629
5096 3253
5096 3306
5097 615
5097 1235
5097 1472
5097 1470
5097 2301
5097 3167
5097 3306
5098 615
5098 2901
5098 4089
5098 1452
5098 1486
5098 2198
5098 1508
5099 1881
5099 682
5099 615
5099 1235
5099 2301
5099 1500
5100 615
5100 1454
5100 1138
5100 1458
5100 3451
5100 1153
5100 3450
5100 1563
5101 658
5101 2301
5101 2804
5101 3336
5101 615
5101 5455
5101 1826
5101 3706
5101 3978
5101 5997
5101 6122
5102 5890
5102 616
5102 2958
5102 3047
5103 2181
5103 2470
5103 1615
5103 616
5104 3725
5104 616
5104 4405
5104 2935
5104 3015
5104 1201
5105 3514
5105 4053
5105 616
5105 4413
5105 3957
5106 2768
5106 2427
5106 616
5106 4347
5106 4346
5107 1090
5107 616
5107 2602
5107 5335
5107 2682
5107 2426
5107 2054
5108 3680
5108 2349
5108 4055
5108 2716
5108 617
5109 1795
5109 2492
5109 3667
5109 3882
5109 617
5110 2662
5110 864
5110 864
5110 618
5111 993
5111 993
5111 618
5111 3086
5112 619
5112 625
5112 860
5112 860
5113 1480
5113 619
5113 3266
5113 4278
5114 2716
5114 1563
5114 619
5114 4266
5114 3227
5114 3998
5114 4000
5114 3252
5114 4441
5115 1919
5115 619
5115 4069
5115 3024
5115 4474
5115 625
5115 2982
5116 2693
5116 2154
5116 3317
5116 3768
5116 1655
5116 2684
5116 619
5116 4218
5117 2294
5117 3020
5117 3993
5117 619
5117 4162
5117 1020
5117 4378
5117 4303
5117 966
5117 966
5117 1021
5117 3173
5117 3083
5117 3338
5118 835
5118 3180
5118 1919
5118 3188
5118 2786
5118 2883
5118 2349
5118 3400
5118 773
5118 773
5118 619
5118 3410
5118 3739
5119 2664
5119 619
5119 733
5119 5802
5119 3965
5119 4460
5119 3754
5119 4401
5119 2029
5119 1292
5119 3989
5119 1293
5119 3266
5119 1493
5119 2021
5119 2807
5119 3977
5120 3959
5120 3128
5120 3466
5120 1615
5120 3881
5120 619
5120 4426
5120 1021
5120 4411
5120 1565
5120 1493
5120 3738
5120 2727
5120 2728
5120 447
5121 1919
5121 2787
5121 3316
5121 2447
5121 3291
5121 3272
5121 619
5121 3024
5121 3025
5121 2547
5121 1021
5121 1021
5121 994
5121 1005
5121 994
5121 1005
5122 2646
5122 2412
5122 1369
5122 3274
5122 3261
5122 3411
5122 620
5123 674
5123 620
5123 4281
5123 6076
5124 3458
5124 622
5124 4279
5124 3253
5124 3841
5124 2629
5125 622
5125 1235
5125 1466
5125 4874
5126 1459
5126 2301
5126 624
5126 623
5127 622
5127 1452
5127 1458
5127 3306
5128 1458
5128 1459
5128 1459
5128 1447
5128 1459
5128 622
5128 2301
5129 2510
5129 1044
5129 1044
5129 2999
5129 1470
5129 1924
5129 3412
5129 622
5130 625
5130 860
5130 860
5130 2684
5130 3935
5131 625
5131 733
5131 860
5131 860
5131 5141
5132 622
5132 1125
5132 2571
5132 2640
5133 2911
5133 2912
5133 622
5133 2301
5134 1470
5134 622
5134 864
5134 864
5134 1619
5135 4460
5135 2066
5135 625
5135 3667
5135 3817
5136 5719
5136 2170
5136 3127
5136 2159
5136 3108
5136 4361
5136 3252
5136 3173
5136 1371
5136 1292
5136 2544
5136 1493
5136 730
5136 3083
5136 1493
5136 3083
5136 625
5136 3877
5136 3015
5136 4157
5136 2593
5137 3365
5137 4765
5137 4460
5137 2938
5137 3250
5137 625
5137 4452
5137 1177
5137 1298
5137 4346
5138 3834
5138 4161
5138 3754
5138 1855
5138 733
5138 4456
5138 4386
5138 4289
5138 2938
5138 625
5139 672
5139 1328
5139 1470
5139 622
5140 1795
5140 2411
5140 4161
5140 4163
5140 4149
5140 2933
5140 4305
5140 2458
5140 2937
5140 2938
5140 3340
5140 2934
5140 2935
5140 3066
5140 3176
5140 3251
5140 4331
5140 3250
5140 3151
5140 4440
5140 625
5140 4115
5140 3658
5140 4311
5140 2936
5140 3173
5140 3184
5140 3252
5140 2214
5140 1493
5140 2165
5140 2885
5140 860
5140 860
5140 1326
5140 2543
5140 4281
5141 3882
5141 3769
5141 625
5141 2214
5141 4327
5142 2996
5142 3404
5142 1794
5142 3392
5142 3279
5142 3401
5142 3779
5142 4083
5142 4087
5142 3469
5142 2614
5142 3291
5142 2997
5142 4078
5142 4267
5142 4442
5142 2547
5142 3754
5142 3108
5142 4386
5142 4252
5142 1292
5142 1565
5142 3989
5142 735
5142 625
5142 2634
5142 1208
5142 3463
5142 3734
5142 2021
5142 1376
5143 622
5143 1036
5143 1036
5143 2496
5144 4825
5144 1235
5144 1300
5144 622
5145 1919
5145 860
5145 860
5145 626
5145 4461
5145 4308
5146 3324
5146 2058
5146 3725
5146 3724
5146 3993
5146 2880
5146 3450
5146 4266
5146 4331
5146 730
5146 625
5146 4327
5146 3463
5146 893
5146 893
5147 3772
5147 3426
5147 2937
5147 4330
5147 1565
5147 1293
5147 625
5147 3463
5147 3266
5147 4460
5148 3892
5148 4432
5148 625
5148 4384
5148 3083
5148 1493
5148 4103
5148 861
5148 861
5148 2543
5148 4346
5149 1794
5149 3508
5149 2170
5149 3837
5149 2147
5149 4442
5149 4413
5149 4228
5149 3658
5149 3892
5149 4114
5149 625
5149 3579
5149 4327
5149 3877
5149 4460
5149 2139
5149 2358
5150 4434
5150 4204
5150 3866
5150 4297
5150 4300
5150 2489
5150 1419
5150 2606
5150 625
5150 2634
5150 3266
5150 4319
5150 4319
5150 4103
5150 3860
5150 1019
5150 1019
5150 4319
5151 622
5151 628
5151 1459
5151 1470
5152 622
5152 1452
5152 1470
5152 1458
5152 1466
5152 1454
5152 2717
5152 5424
5153 2833
5153 625
5153 860
5153 860
5154 782
5154 782
5154 625
5154 3888
5155 5515
5155 625
5155 3888
5155 1626
5155 3359
5155 3667
5155 2972
5156 3127
5156 4194
5156 3739
5156 2750
5156 625
5156 2165
5156 1177
5156 4291
5157 1196
5157 1870
5157 1225
5157 3140
5157 625
5157 5176
5158 3441
5158 3119
5158 3279
5158 4014
5158 3771
5158 625
5158 3982
5158 4460
5158 733
5158 625
5158 2641
5158 2376
5158 3449
5159 1433
5159 924
5159 924
5159 1952
5159 2542
5159 3203
5159 3315
5159 2057
5159 2366
5159 3723
5159 3771
5159 2520
5159 2716
5159 2280
5159 4158
5159 4454
5159 1021
5159 1021
5159 625
5159 3978
5159 3338
5159 4346
5160 3300
5160 2882
5160 994
5160 994
5160 625
5161 832
5161 832
5161 3640
5161 4207
5161 4158
5161 2933
5161 4305
5161 625
5161 4386
5161 4411
5161 2937
5161 3463
5161 3266
5161 3273
5161 2543
5161 3449
5161 559
5162 3508
5162 958
5162 958
5162 1005
5162 1005
5162 625
5162 2938
5162 3670
5163 625
5163 4389
5163 3463
5163 4157
5163 4283
5164 625
5164 733
5164 1583
5164 3419
5164 3480
5164 3553
5165 3640
5165 3504
5165 3837
5165 4117
5165 2147
5165 625
5165 3427
5165 731
5165 3658
5165 2165
5165 4103
5165 4465
5165 4300
5165 4243
5165 684
5165 4280
5165 245
5165 4247
5166 733
5166 4302
5166 2547
5166 625
5166 733
5166 4411
5166 2641
5166 4389
5166 3173
5166 2935
5166 3176
5166 4116
5166 4017
5166 2982
5166 4157
5166 3488
5166 3977
5167 1217
5167 2365
5167 1566
5167 4074
5167 2392
5167 2521
5167 1192
5167 625
5168 625
5168 860
5168 860
5168 5016
5169 626
5169 1840
5169 2106
5169 3238
5169 5826
5170 625
5170 446
5170 3184
5170 861
5171 2057
5171 3320
5171 2664
5171 3392
5171 1476
5171 3568
5171 3508
5171 3504
5171 1865
5171 3852
5171 3852
5171 3681
5171 2953
5171 1868
5171 1857
5171 2492
5171 2614
5171 3691
5171 3127
5171 3773
5171 3771
5171 4078
5171 2072
5171 625
5171 4274
5171 4422
5171 3463
5171 3083
5172 1794
5172 1164
5172 3685
5172 3596
5172 625
5172 4293
5172 3984
5172 3978
5173 1802
5173 3481
5173 3316
5173 2966
5173 3681
5173 1937
5173 625
5173 3837
5173 3450
5173 2972
5173 3555
5174 3723
5174 1436
5174 860
5174 860
5174 1614
5174 625
5174 1615
5174 2880
5174 1842
5174 3122
5174 4194
5174 4255
5174 4207
5174 4103
5174 4069
5174 4149
5174 4460
5174 994
5174 994
5174 1855
5174 1865
5174 1848
5174 3739
5174 4331
5174 4331
5174 3151
5174 4479
5174 2358
5174 2436
5174 2543
5174 1376
5175 1955
5175 2005
5175 2724
5175 2057
5175 3442
5175 3237
5175 2966
5175 857
5175 857
5175 3778
5175 2769
5175 625
5175 3770
5175 3009
5175 1387
5175 2022
5175 3282
5175 4421
5175 3463
5175 2982
5176 1164
5176 3398
5176 3065
5176 3746
5176 3723
5176 2953
5176 3469
5176 2318
5176 625
5176 4054
5176 2072
5176 2170
5176 2997
5176 4077
5176 4194
5176 2686
5176 3921
5176 3463
5176 3013
5177 2112
5177 2908
5177 1971
5177 3455
5177 3020
5177 625
5177 733
5177 3282
5177 4378
5177 966
5177 966
5177 1005
5177 1005
5177 3463
5177 4466
5177 3675
5178 1953
5178 829
5178 829
5178 2542
5178 3272
5178 625
5178 1387
5178 1523
5179 1952
5179 3324
5179 3746
5179 1655
5179 2318
5179 625
5179 1563
5179 3049
5179 4241
5179 4456
5179 2936
5179 1523
5179 3252
5179 4063
5180 626
5180 2265
5180 2367
5180 2297
5181 1940
5181 3567
5181 2289
5181 625
5181 3753
5181 4000
5181 2390
5182 3015
5182 829
5182 829
5182 2883
5182 3481
5182 3065
5182 3398
5182 3401
5182 2664
5182 3392
5182 3397
5182 3771
5182 1614
5182 2954
5182 625
5182 2318
5182 2997
5182 2980
5182 3358
5182 3881
5182 2170
5182 3291
5182 3469
5182 3775
5182 1570
5182 4148
5182 4460
5182 1296
5182 3108
5182 4273
5182 4378
5182 2655
5182 2458
5182 3176
5182 735
5182 733
5182 3470
5182 1493
5182 3463
5182 3734
5182 2533
5183 2593
5183 3469
5183 3665
5183 625
5183 4294
5183 994
5183 4460
5183 4456
5184 625
5184 3466
5184 1638
5184 3739
5184 4237
5184 3227
5185 3180
5185 2035
5185 1853
5185 625
5185 2716
5185 1296
5185 3293
5185 2934
5185 1371
5185 3981
5185 5523
5186 832
5186 832
5186 2058
5186 3455
5186 625
5186 2676
5186 966
5186 966
5186 1865
5186 3176
5186 4277
5186 4452
5187 3597
5187 2419
5187 4055
5187 625
5187 3775
5187 1296
5187 4111
5187 2935
5187 2938
5187 3866
5187 735
5187 3464
5187 3292
5187 4291
5187 3734
5187 4347
5188 788
5188 788
5188 3723
5188 625
5188 3126
5188 3888
5189 2693
5189 835
5189 835
5189 2856
5189 773
5189 773
5189 860
5189 860
5189 3020
5189 625
5189 3695
5189 4163
5189 3251
5190 3455
5190 3124
5190 625
5190 3465
5190 4154
5190 3047
5190 4265
5190 4162
5190 4207
5190 4043
5190 4316
5190 4474
5190 3754
5190 2935
5190 3921
5190 4224
5190 3463
5190 3273
5190 4076
5190 3292
5190 4157
5190 6091
5190 3013
5190 6136
5191 2724
5191 625
5191 524
5191 3670
5192 625
5192 776
5192 959
5192 776
5192 959
5192 1107
5192 1250
5192 1924
5192 1818
5193 1224
5193 625
5193 1326
5193 1326
5193 1620
5193 1707
5194 2669
5194 628
5194 1775
5194 939
5194 939
5194 4321
5195 1949
5195 1436
5195 2471
5195 628
5195 1136
5195 2382
5196 630
5196 945
5196 945
5196 4377
5196 4258
5196 6049
5197 2469
5197 1904
5197 630
5197 2741
5198 630
5198 2339
5198 2457
5198 3745
5198 4405
5198 455
5198 5169
5198 4410
5198 1362
5198 4343
5198 4431
5198 3265
5199 1197
5199 1706
5199 630
5199 435
5199 2147
5199 1614
5200 631
5200 2006
5200 2844
5200 3048
5201 3723
5201 631
5201 3025
5201 1820
5202 2903
5202 630
5202 3920
5202 1503
5203 880
5203 880
5203 1782
5203 2948
5203 631
5203 2959
5204 631
5204 1036
5204 1036
5204 2496
5205 630
5205 1852
5205 3176
5205 1362
5205 2079
5205 3454
5206 630
5206 1492
5206 2630
5206 2075
5207 3102
5207 1321
5207 630
5207 1217
5207 3147
5207 1045
5207 1045
5207 3167
5207 815
5207 815
5207 1321
5208 2569
5208 2372
5208 2662
5208 3265
5208 632
5209 923
5209 923
5209 2362
5209 632
5209 323
5210 632
5210 3195
5210 3985
5210 2148
5210 4295
5211 633
5211 3590
5211 2966
5211 3820
5211 5801
5211 2727
5212 3015
5212 829
5212 829
5212 2915
5212 1098
5212 1164
5212 3142
5212 633
5212 4194
5212 4236
5212 4422
5212 3151
5213 633
5213 2941
5213 3657
5213 3577
5213 2936
5213 4166
5213 3467
5213 4291
5214 835
5214 835
5214 633
5214 1857
5214 3664
5215 2915
5215 2193
5215 633
5215 3377
5215 2349
5216 633
5216 2894
5216 3151
5216 2235
5216 860
5216 860
5216 1201
5216 4128
5217 634
5217 750
5217 750
5217 1100
5218 634
5218 1134
5218 1707
5218 3967
5218 656
5219 635
5219 2813
5219 4111
5219 3249
5220 2323
5220 635
5220 868
5220 868
5221 1954
5221 635
5221 868
5221 868
5222 635
5222 1500
5222 2034
5222 2709
5222 725
5222 1500
5222 1500
5223 635
5223 1365
5223 868
5223 868
5224 635
5224 1365
5224 635
5224 868
5224 868
5225 635
5225 789
5225 789
5225 2607
5226 638
5226 636
5226 637
5226 1158
5226 1159
5226 4653
5227 636
5227 637
5227 640
5227 1410
5228 963
5228 963
5228 1158
5228 1159
5228 636
5228 638
5229 836
5229 836
5229 636
5229 638
5229 1966
5230 636
5230 638
5230 638
5230 640
5230 1415
5230 1158
5230 1159
5231 638
5231 982
5231 4816
5231 2489
5231 3507
5231 637
5231 2224
5231 2701
5232 638
5232 2224
5232 639
5232 641
5232 1966
5233 1562
5233 2297
5233 637
5233 638
5234 638
5234 638
5234 982
5234 982
5234 1920
5235 3507
5235 638
5235 640
5235 1415
5236 640
5236 638
5236 638
5236 640
5237 638
5237 2224
5237 982
5237 982
5238 638
5238 982
5238 982
5238 5036
5239 1153
5239 1380
5239 640
5239 2224
5240 982
5240 982
5240 4653
5240 640
5241 2023
5241 5604
5241 2365
5241 3822
5241 641
5241 3162
5241 3947
5242 1966
5242 641
5242 2224
5242 3507
5242 1661
5243 642
5243 1646
5243 3007
5243 2322
5243 3422
5244 643
5244 826
5244 826
5244 2339
5244 643
5245 644
5245 1040
5245 1040
5245 644
5246 778
5246 778
5246 1583
5246 644
5247 1036
5247 1036
5247 2496
5247 644
5248 696
5248 1313
5248 1455
5248 1466
5248 1920
5248 3870
5248 644
5248 4199
5248 3841
5249 644
5249 1427
5249 1679
5249 1836
5249 3735
5249 4002
5250 1036
5250 1036
5250 2496
5250 644
5250 2496
5250 3285
5251 689
5251 3297
5251 2033
5251 644
5252 1532
5252 644
5252 4206
5252 863
5252 863
5252 5691
5253 644
5253 1553
5253 1560
5253 1679
5253 1679
5253 1679
5253 1679
5253 1679
5253 1805
5253 1836
5253 1836
5253 1836
5253 1836
5253 1836
5253 1853
5253 3225
5254 1874
5254 644
5254 1036
5254 1036
5254 2496
5254 5419
5255 1035
5255 1035
5255 644
5255 1500
5256 644
5256 863
5256 863
5256 2683
5257 4916
5257 644
5257 644
5257 4885
5258 1036
5258 1036
5258 2496
5258 644
5259 644
5259 2367
5259 1340
5259 2479
5260 644
5260 1035
5260 1035
5260 1748
5260 1071
5260 4760
5260 2478
5260 2157
5260 1203
5260 1583
5260 3243
5260 4538
5261 645
5261 774
5261 774
5261 1679
5261 1836
5261 1148
5261 3706
5262 3144
5262 774
5262 774
5262 645
5263 2616
5263 3014
5263 4142
5263 645
5263 1710
5263 3707
5263 1467
5263 2764
5264 645
5264 2115
5264 2859
5264 2677
5265 645
5265 3174
5265 902
5265 902
5265 1144
5266 774
5266 774
5266 1116
5266 645
5267 722
5267 645
5267 1459
5267 1583
5267 5772
5268 646
5268 4597
5269 647
5269 1654
5269 1441
5269 2139
5270 1739
5270 2893
5270 1954
5270 647
5270 3977
5271 2468
5271 1543
5271 5227
5271 647
5271 975
5271 975
5272 2730
5272 2809
5272 650
5272 2943
5273 1631
5273 650
5273 2455
5273 3254
5274 650
5274 33
5274 655
5274 867
5274 900
5275 1032
5275 1032
5275 1772
5275 1305
5275 650
5275 1069
5276 4908
5276 650
5276 653
5276 656
5277 650
5277 873
5277 873
5277 1236
5277 2960
5277 3607
5278 1880
5278 650
5278 2935
5278 3176
5278 3703
5279 681
5279 650
5279 653
5279 1069
5280 650
5280 1236
5280 1393
5280 2659
5281 650
5281 656
5281 1744
5281 3751
5282 650
5282 705
5282 1074
5282 1252
5282 704
5283 1621
5283 650
5283 656
5283 1197
5283 1019
5283 1019
5284 650
5284 657
5284 1180
5284 1619
5285 650
5285 1744
5285 1826
5285 2303
5286 651
5286 957
5286 1036
5286 1045
5286 957
5286 1036
5286 1045
5286 2496
5287 652
5287 1322
5287 4738
5287 1094
5288 653
5288 867
5288 867
5288 1069
5289 653
5289 867
5289 867
5289 1679
5289 1836
5289 2045
5290 2880
5290 653
5290 5935
5290 5141
5291 653
5291 656
5291 1795
5291 4332
5292 653
5292 681
5292 1620
5292 2303
5293 653
5293 873
5293 873
5293 1744
5294 1235
5294 1472
5294 1999
5294 2292
5294 2303
5294 653
5295 2063
5295 653
5295 1400
5295 1189
5296 655
5296 3852
5296 793
5296 793
5296 1236
5296 1293
5296 2165
5297 2904
5297 2909
5297 656
5297 1744
5298 695
5298 656
5298 1800
5298 900
5298 900
5298 3075
5299 656
5299 2073
5299 1639
5299 4980
5300 657
5300 2364
5300 2635
5300 868
5300 868
5301 5899
5301 6047
5301 3176
5301 2685
5301 3798
5301 4205
5301 4300
5301 1419
5301 658
5302 658
5302 3451
5302 2537
5302 3291
5303 658
5303 4134
5303 2458
5303 3651
5304 658
5304 1728
5304 2382
5304 3140
5305 1004
5305 1004
5305 3281
5305 1204
5305 2557
5305 3124
5305 658
5305 1341
5305 1002
5305 1002
5306 658
5306 3633
5306 3774
5306 1145
5307 658
5307 2833
5307 3604
5307 3170
5308 3083
5308 658
5308 1217
5308 815
5308 815
5309 658
5309 815
5309 815
5309 1092
5310 658
5310 744
5310 1436
5310 1904
5311 658
5311 1904
5312 658
5312 1507
5312 3362
5312 1410
5312 3068
5313 1881
5313 658
5313 3703
5313 2270
5313 1852
5314 658
5314 1364
5314 1449
5314 1451
5314 1920
5314 2079
5314 4875
5314 4875
5315 658
5315 942
5315 942
5315 982
5315 982
5315 1966
5316 1393
5316 3464
5316 2235
5316 2486
5316 3460
5316 661
5316 2833
5316 2359
5317 661
5317 2372
5317 2662
5317 3265
5317 3527
5318 661
5318 2372
5318 2569
5318 2660
5318 2662
5319 661
5319 1619
5319 1444
5319 1460
5319 1620
5320 1468
5320 1467
5320 1465
5320 661
5320 1456
5320 2383
5320 1449
5320 3351
5320 1649
5321 661
5321 2372
5321 5046
5321 2660
5322 662
5322 751
5322 751
5322 2094
5322 2273
5323 662
5323 748
5323 748
5323 403
5324 662
5324 662
5324 2251
5324 2915
5324 3290
5324 3756
5324 3649
5324 2516
5324 3892
5325 663
5325 825
5325 825
5325 4629
5326 664
5326 2035
5326 3965
5326 4159
5326 3011
5326 3266
5326 4157
5327 664
5327 2447
5327 3886
5327 3960
5327 2215
5327 3817
5327 3470
5328 664
5328 3590
5328 3430
5328 1412
5328 3467
5329 1699
5329 1476
5329 3398
5329 664
5330 664
5330 3590
5330 2966
5330 4228
5330 1523
5330 2544
5330 1419
5331 1679
5331 1836
5331 2411
5331 664
5331 3455
5331 3571
5332 1668
5332 4052
5332 665
5332 4240
5332 4422
5333 2664
5333 1853
5333 1614
5333 665
5333 4069
5334 3721
5334 665
5334 4294
5334 4036
5334 3958
5334 447
5334 361
5334 1312
5335 1527
5335 3729
5335 667
5335 5218
5336 2479
5336 864
5336 864
5336 1134
5336 5100
5336 667
5336 1509
5336 889
5336 1991
5336 3297
5337 667
5337 3297
5337 3836
5337 3026
5337 3419
5337 5476
5337 2993
5338 667
5338 1827
5338 5309
5338 4969
5339 2792
5339 3386
5339 3961
5339 667
5340 2683
5340 906
5340 906
5340 1340
5340 1920
5340 1056
5340 667
5340 2374
5340 2511
5340 4091
5340 2514
5340 3758
5340 3823
5340 5897
5340 3259
5340 5831
5340 3828
5340 5277
5341 667
5341 3297
5341 927
5341 927
5342 667
5342 3469
5342 1179
5342 1500
5343 2096
5343 4012
5343 3297
5343 1921
5343 667
5343 1717
5343 1264
5343 1036
5343 1036
5343 2496
5344 670
5344 2346
5344 1414
5344 691
5345 1221
5345 671
5345 2333
5345 1221
5345 1439
5346 1588
5346 671
5346 2930
5346 4641
5347 671
5347 810
5347 810
5347 2725
5347 2448
5347 992
5347 992
5348 957
5348 957
5348 3940
5348 672
5349 934
5349 934
5349 674
5349 673
5350 1646
5350 2648
5350 673
5350 3007
5350 1344
5351 1138
5351 1146
5351 1077
5351 672
5351 4367
5351 1154
5351 2701
5351 1363
5351 1260
5351 3058
5352 4004
5352 672
5352 854
5352 854
5352 855
5353 674
5353 1019
5353 1019
5353 2157
5353 4153
5354 1410
5354 1583
5354 674
5354 4433
5355 1383
5355 1532
5355 674
5355 1493
5355 585
5355 1019
5355 1019
5355 4237
5356 1192
5356 672
5356 2889
5356 2334
5357 672
5357 1660
5357 1542
5357 1830
5357 812
5357 812
5358 4319
5358 674
5358 3917
5358 4460
5358 4460
5359 672
5359 1045
5359 1045
5359 1470
5360 2365
5360 1084
5360 672
5360 5202
5360 3091
5360 3022
5360 1726
5361 1560
5361 674
5361 2716
5361 2519
5362 672
5362 2157
5362 2682
5362 3265
5363 672
5363 3297
5363 1094
5363 1742
5363 2616
5363 3278
5363 3973
5364 675
5364 675
5364 2798
5364 1199
5365 4999
5365 942
5365 942
5365 1004
5365 1004
5365 998
5365 998
5365 1209
5365 951
5365 1022
5365 951
5365 1022
5365 672
5365 999
5365 999
5365 1328
5365 1353
5365 1384
5365 1672
5365 2118
5365 2157
5365 2612
5365 3212
5365 2038
5365 2392
5366 1036
5366 1036
5366 2496
5366 672
5367 2709
5367 674
5367 3860
5367 1326
5368 674
5368 2501
5368 4419
5368 4422
5369 674
5369 723
5369 1988
5369 3022
5369 2722
5369 2689
5369 4469
5370 1500
5370 674
5370 1500
5370 2709
5371 672
5371 798
5371 798
5371 1414
5371 1604
5372 674
5372 1679
5372 1836
5372 1673
5373 674
5373 1361
5373 1369
5373 1875
5373 3274
5373 1368
5373 1874
5374 677
5374 737
5374 2122
5374 2161
5374 3297
5374 3518
5374 5217
5374 2424
5375 895
5375 895
5375 678
5375 1321
5376 679
5376 1036
5376 1036
5376 2496
5377 680
5377 145
5377 1286
5377 1985
5377 2166
5377 2305
5377 2540
5377 2638
5377 2793
5378 680
5378 1954
5378 3438
5378 5275
5378 2813
5378 2578
5379 680
5379 870
5379 870
5379 1710
5380 681
5380 3972
5380 4015
5380 4108
5381 683
5381 875
5381 875
5381 1892
5382 3680
5382 3667
5382 4057
5382 3410
5382 4158
5382 4236
5382 3012
5382 3984
5382 4308
5382 4460
5382 4378
5382 3293
5382 4440
5382 3610
5382 3083
5382 1493
5382 4451
5382 684
5383 1563
5383 2613
5383 684
5383 1430
5384 684
5384 969
5384 969
5384 3392
5385 684
5385 1376
5385 2392
5385 2521
5385 5439
5385 684
5385 2297
5386 684
5386 2521
5386 4730
5386 2458
5387 685
5387 1366
5387 1370
5387 3341
5388 686
5388 696
5388 1313
5388 3176
5388 1431
5388 2407
5388 1485
5388 2628
5388 391
5388 1960
5388 3932
5388 3021
5388 3048
5388 729
5389 1840
5389 1850
5389 2104
5389 2196
5389 686
5390 3021
5390 686
5390 1485
5390 3932
5391 953
5391 953
5391 686
5391 2090
5391 3383
5392 687
5392 1130
5392 991
5392 991
5392 990
5392 990
5392 2291
5393 810
5393 810
5393 990
5393 990
5393 990
5393 990
5393 687
5393 4656
5394 688
5394 823
5394 823
5394 1698
5394 2542
5395 2108
5395 3260
5395 2507
5395 2542
5395 5675
5395 688
5396 3412
5396 3476
5396 3545
5396 3475
5396 688
5397 5085
5397 688
5397 1233
5397 1233
5397 4099
5398 1206
5398 880
5398 880
5398 1769
5398 690
5399 848
5399 848
5399 1068
5399 3815
5399 3815
5399 4995
5399 1250
5399 690
5400 690
5400 779
5400 779
5400 1250
5401 690
5401 1206
5401 1207
5401 1418
5401 4648
5401 3080
5401 3081
5401 1250
5402 4542
5402 690
5402 1250
5402 4995
5403 692
5403 1971
5403 1795
5403 3387
5403 3290
5403 3797
5403 3465
5403 3993
5403 1401
5404 692
5404 3015
5404 2908
5404 3318
5404 4036
5404 3427
5404 2997
5405 692
5405 3067
5405 3300
5405 3522
5405 2664
5405 3155
5405 1164
5405 3398
5405 3852
5405 3126
5405 3469
5405 2170
5405 4358
5405 1387
5405 3282
5405 2936
5405 4441
5405 2685
5405 4205
5405 3151
5405 1371
5405 3190
5405 1177
5405 4157
5406 692
5406 2768
5406 2954
5406 4031
5406 4288
5406 2037
5407 692
5407 3324
5407 2934
5407 1637
5407 4411
5407 3958
5407 4277
5408 692
5408 1164
5408 1476
5408 4335
5409 692
5409 3311
5409 3237
5409 2953
5409 3965
5409 958
5409 958
5410 693
5410 1493
5410 2268
5410 2575
5410 2578
5411 695
5411 880
5411 880
5411 1769
5412 696
5412 1019
5412 1019
5412 1313
5413 2521
5413 4279
5413 3144
5413 4319
5413 1637
5413 696
5413 1313
5414 738
5414 3297
5414 945
5414 945
5414 3822
5414 3822
5414 4377
5414 4038
5414 4215
5414 5885
5414 816
5414 1045
5414 816
5414 1045
5414 2718
5414 3162
5414 696
5414 1313
5415 696
5415 1019
5415 1019
5415 1313
5416 696
5416 1313
5416 1998
5416 2001
5416 2572
5416 5756
5417 1482
5417 696
5417 1313
5418 696
5418 1019
5418 1019
5418 1313
5419 696
5419 1313
5419 5251
5420 696
5420 696
5420 1313
5420 1313
5421 2897
5421 2897
5421 1785
5421 3290
5421 2377
5421 696
5421 1313
5422 2660
5422 696
5422 1313
5422 6054
5423 696
5423 1313
5423 3411
5423 3436
5423 3437
5424 854
5424 854
5424 696
5424 1313
5425 696
5425 1313
5425 5884
5425 863
5425 863
5426 696
5426 1045
5426 1045
5426 1313
5427 1904
5427 1453
5427 2458
5427 1904
5427 696
5428 696
5428 1313
5428 3636
5428 5444
5429 696
5429 1019
5429 1019
5429 1313
5429 2903
5430 696
5430 696
5430 1313
5430 1313
5431 1366
5431 2825
5431 696
5431 1313
5432 696
5432 1313
5432 696
5432 1313
5433 696
5433 1313
5433 1470
5433 2392
5434 696
5434 1313
5434 3048
5434 3692
5435 701
5435 4079
5435 514
5435 2021
5435 5969
5436 701
5436 752
5436 752
5436 3933
5436 2510
5436 2333
5437 702
5437 4632
5437 4752
5438 4802
5438 1391
5438 2635
5438 854
5438 854
5438 2749
5438 1303
5438 703
5438 2312
5439 829
5439 829
5439 703
5439 4240
5439 958
5439 958
5439 4401
5439 1021
5439 2936
5440 704
5440 848
5440 848
5440 977
5440 2903
5441 704
5441 847
5441 857
5441 977
5441 847
5441 857
5441 977
5441 1074
5441 3454
5442 704
5442 1077
5442 2701
5442 6037
5443 704
5443 1074
5443 4893
5443 1716
5444 704
5444 712
5444 1074
5444 850
5444 1077
5445 707
5445 704
5445 926
5445 926
5445 3457
5445 4044
5446 847
5446 847
5446 704
5446 4885
5446 4903
5447 704
5447 977
5447 977
5447 1074
5448 705
5448 1500
5448 5062
5448 1500
5449 705
5449 847
5449 847
5449 1075
5449 1076
5450 709
5450 974
5450 976
5450 974
5450 976
5450 3469
5451 709
5451 974
5451 976
5451 978
5451 974
5451 976
5451 978
5452 974
5452 974
5452 709
5452 974
5452 974
5453 709
5453 974
5453 976
5453 978
5453 974
5453 976
5453 978
5454 709
5454 976
5454 976
5454 2483
5455 2272
5455 711
5455 3330
5455 3822
5455 4473
5456 1498
5456 1831
5456 3283
5456 711
5456 5115
5457 711
5457 1326
5457 1716
5457 4614
5457 3018
5458 711
5458 1032
5458 1032
5458 5949
5459 711
5459 1831
5459 2198
5459 1085
5460 711
5460 3522
5460 2966
5460 6018
5460 3526
5461 711
5461 812
5461 812
5461 1324
5462 712
5462 1123
5462 3849
5462 1192
5462 4004
5462 4355
5462 5847
5463 2077
5463 712
5463 3445
5463 3500
5464 714
5464 936
5464 936
5464 1513
5465 1527
5465 3982
5465 4160
5465 4163
5465 716
5466 1189
5466 716
5466 5594
5466 3954
5466 4254
5466 4424
5467 170
5467 719
5467 716
5467 4564
5468 2395
5468 717
5468 5126
5468 1734
5468 1512
5468 2718
5468 4595
5469 3547
5469 3442
5469 717
5469 3691
5469 3837
5469 733
5469 3575
5469 1936
5469 3908
5470 916
5470 916
5470 717
5470 1436
5470 1697
5471 1100
5471 2932
5471 1019
5471 1019
5471 1658
5471 720
5471 4367
5472 1307
5472 5681
5472 1583
5472 720
5473 720
5473 2180
5473 2276
5473 3934
5473 2725
5473 3973
5474 720
5474 1609
5474 3098
5474 2516
5475 3310
5475 721
5475 1668
5475 1036
5475 1036
5475 2496
5475 4078
5475 4052
5475 3754
5475 3424
5475 4361
5475 914
5475 914
5475 1493
5475 3157
5475 1201
5475 2543
5475 1157
5476 788
5476 788
5476 721
5476 1131
5477 3455
5477 3769
5477 722
5477 2947
5477 1786
5477 4073
5477 4128
5478 1467
5478 3004
5478 3499
5478 723
5478 1445
5479 2372
5479 2662
5479 2899
5479 724
5479 1998
5479 2758
5480 933
5480 933
5480 724
5480 2320
5480 3703
5480 3378
5481 725
5481 2050
5481 1905
5482 725
5482 833
5482 833
5482 1184
5482 1594
5482 1544
5483 1702
5483 2058
5483 726
5483 2221
5484 726
5484 772
5484 772
5484 1794
5484 2057
5484 2058
5485 726
5485 1161
5485 1164
5485 1210
5485 1098
5485 2057
5485 1680
5485 2090
5485 2131
5486 726
5486 773
5486 773
5486 1051
5486 1098
5486 1163
5486 1164
5486 1795
5487 2114
5487 2656
5487 726
5487 1702
5487 844
5487 844
5487 2114
5488 728
5488 728
5488 728
5488 728
5489 1036
5489 1036
5489 2496
5489 729
5490 729
5490 1146
5490 1179
5490 3973
5491 3834
5491 1227
5491 2972
5491 4422
5491 4403
5491 4224
5491 730
5492 4403
5492 2544
5492 4129
5492 730
5493 3441
5493 4166
5493 730
5493 1493
5493 3463
5493 3463
5493 4452
5494 3998
5494 4208
5494 4385
5494 730
5494 3386
5495 4112
5495 731
5495 1523
5495 3649
5496 3658
5496 731
5496 3463
5496 3266
5496 3083
5497 772
5497 772
5497 731
5497 2544
5497 1292
5497 733
5498 2333
5498 2547
5498 3454
5498 731
5498 4129
5498 3176
5498 3149
5498 1419
5498 3427
5498 4327
5498 2436
5499 842
5499 842
5499 3155
5499 2886
5499 2492
5499 4117
5499 1563
5499 4461
5499 4289
5499 3970
5499 4331
5499 731
5499 3179
5500 2484
5500 2952
5500 3315
5500 4231
5500 731
5500 2235
5500 914
5501 731
5501 2235
5501 4297
5501 3989
5501 1419
5501 2606
5501 4300
5501 4197
5501 4300
5502 760
5502 760
5502 5269
5502 1045
5502 1045
5502 732
5502 4940
5502 3863
5502 2900
5503 979
5503 979
5503 3570
5503 732
5503 1470
5503 3454
5504 1459
5504 2912
5504 732
5504 2301
5504 1443
5505 2910
5505 2301
5505 1472
5505 2912
5505 732
5505 1235
5505 1458
5506 831
5506 831
5506 2125
5506 1218
5506 732
5506 3132
5507 1452
5507 732
5507 2147
5508 732
5508 1166
5508 2455
5508 2455
5508 2910
5508 5960
5509 2204
5509 1293
5509 733
5509 5523
5509 4347
5510 1354
5510 771
5510 771
5510 3481
5510 2746
5510 3793
5510 1614
5510 4053
5510 4236
5510 4316
5510 3866
5510 733
5510 4347
5511 3780
5511 3890
5511 3834
5511 4129
5511 733
5511 3015
5512 3427
5512 2685
5512 4204
5512 4205
5512 3866
5512 4297
5512 1293
5512 2489
5512 1419
5512 2606
5512 4300
5512 733
5512 3273
5512 3921
5512 4300
5513 4237
5513 1523
5513 3252
5513 733
5513 735
5514 4087
5514 3817
5514 4455
5514 3055
5514 733
5514 2533
5515 1052
5515 3318
5515 3779
5515 3466
5515 2750
5515 4376
5515 3739
5515 3176
5515 4224
5515 3892
5515 4432
5515 735
5515 733
5515 3266
5516 4460
5516 4403
5516 2938
5516 1523
5516 733
5516 3340
5517 842
5517 842
5517 2955
5517 4117
5517 4259
5517 4103
5517 4304
5517 4385
5517 733
5517 735
5518 2411
5518 1412
5518 3882
5518 4364
5518 733
5518 3338
5519 733
5519 4115
5519 4432
5519 3179
5519 4475
5519 4446
5519 4447
5519 3470
5519 3386
5519 4211
5519 4346
5520 3882
5520 3982
5520 3325
5520 733
5520 4452
5520 3449
5520 4346
5521 4161
5521 3293
5521 733
5521 1395
5522 3597
5522 5636
5522 733
5522 2544
5522 3463
5522 1493
5522 2543
5522 3449
5522 1584
5523 3127
5523 733
5523 1904
5523 2170
5524 1943
5524 3397
5524 733
5524 4294
5524 994
5524 4441
5524 3173
5524 2935
5524 3020
5524 1157
5525 3312
5525 2886
5525 2349
5525 3750
5525 733
5525 4163
5525 4259
5525 4277
5525 2982
5526 3358
5526 733
5526 2972
5526 4460
5526 1848
5527 835
5527 835
5527 4019
5527 3750
5527 2980
5527 3888
5527 733
5527 3739
5527 4306
5527 4386
5527 2543
5528 2182
5528 3392
5528 3398
5528 3401
5528 1476
5528 1857
5528 4057
5528 733
5529 2724
5529 2035
5529 3124
5529 733
5529 2982
5530 2786
5530 3404
5530 2035
5530 3040
5530 3852
5530 773
5530 773
5530 1865
5530 3960
5530 2274
5530 4031
5530 4117
5530 733
5530 2933
5530 3176
5531 2996
5531 3398
5531 3508
5531 3797
5531 2289
5531 1638
5531 2716
5531 733
5531 3012
5531 4316
5532 2587
5532 3194
5532 2723
5532 733
5532 4308
5532 4413
5532 3083
5532 4277
5533 1953
5533 3067
5533 2557
5533 497
5533 3778
5533 733
5533 4259
5533 2935
5533 3989
5533 3734
5534 733
5534 933
5534 933
5534 5038
5535 2486
5535 1835
5535 1679
5535 1835
5535 1836
5535 1679
5535 1836
5535 1436
5535 4356
5535 1615
5535 1679
5535 1836
5535 734
5535 1445
5535 1500
5535 1500
5535 2709
5535 2734
5535 1500
5535 1500
5535 1500
5535 2102
5535 1904
5535 1451
5535 1497
5535 1612
5535 1091
5535 1767
5536 3495
5536 3976
5536 3888
5536 5800
5536 4426
5536 1296
5536 4474
5536 735
5536 4277
5536 4197
5536 3978
5536 684
5537 3318
5537 4047
5537 3751
5537 1638
5537 4413
5537 735
5538 1955
5538 3457
5538 3393
5538 3067
5538 2123
5538 3279
5538 1841
5538 3451
5538 3410
5538 4273
5538 2516
5538 958
5538 1005
5538 958
5538 1005
5538 446
5538 4228
5538 735
5538 4327
5538 861
5538 861
5539 1841
5539 735
5539 4282
5539 2543
5540 771
5540 771
5540 3597
5540 1881
5540 2886
5540 4078
5540 735
5541 3680
5541 3795
5541 3588
5541 2880
5541 3049
5541 3451
5541 2686
5541 735
5541 3734
5542 1921
5542 2204
5542 1614
5542 1937
5542 3750
5542 3837
5542 2520
5542 4267
5542 3664
5542 4159
5542 3982
5542 4237
5542 4149
5542 1387
5542 4474
5542 3998
5542 1936
5542 2544
5542 3151
5542 914
5542 914
5542 735
5542 4277
5542 4197
5542 2543
5542 3977
5542 4347
5543 735
5543 4017
5543 4466
5543 4346
5544 3779
5544 4055
5544 3739
5544 4172
5544 4440
5544 735
5545 1884
5545 1878
5545 1883
5545 5046
5545 950
5545 950
5545 1004
5545 1004
5545 1877
5545 2273
5545 1354
5545 788
5545 788
5545 2724
5545 3827
5545 3792
5545 4043
5545 966
5545 966
5545 2218
5545 3875
5545 4413
5545 735
5546 4456
5546 735
5546 1419
5546 2606
5547 4133
5547 3426
5547 904
5547 904
5547 735
5547 3463
5547 1493
5547 3266
5547 4452
5548 736
5548 1470
5548 1243
5548 1893
5549 736
5549 1410
5549 1169
5549 2499
5549 4360
5550 736
5550 1343
5550 1035
5550 1035
5551 1583
5551 738
5551 1045
5551 1045
5552 3599
5552 1045
5552 1045
5552 738
5552 4696
5553 3022
5553 739
5553 1500
5553 4321
5553 4461
5553 2709
5554 740
5554 3133
5554 3300
5554 773
5554 773
5554 3876
5554 2880
5554 3083
5554 4452
5554 3624
5555 740
5555 829
5555 829
5555 2251
5555 3576
5555 1758
5556 740
5556 2181
5556 1528
5556 3301
5556 3326
5556 3290
5556 4307
5557 740
5557 2294
5557 1644
5557 3318
5557 2058
5558 740
5558 1971
5558 1478
5558 3398
5558 3310
5558 3358
5558 3020
5558 4031
5558 1563
5558 3427
5559 741
5559 2333
5559 2339
5559 2457
5560 2333
5560 741
5560 2457
5560 1221
5561 1184
5561 741
5561 2339
5561 2457
5561 1439
5562 741
5562 2153
5562 2882
5562 3195
5562 2037
5562 3577
5563 742
5563 956
5563 956
5563 584
5564 1551
5564 742
5564 3985
5564 1133
5564 2536
5564 2722
5565 2990
5565 801
5565 801
5565 743
5565 3140
5566 3744
5566 1340
5566 744
5566 1363
5566 4021
5567 744
5567 1778
5567 1920
5567 2597
5567 4356
5567 2593
5567 3660
5568 744
5568 1504
5568 1169
5568 1218
5568 2462
5568 2550
5569 1289
5569 1043
5569 1043
5569 747
5570 747
5570 1691
5570 1806
5570 1961
5570 1691
5570 2675
5571 748
5571 748
5571 3517
5571 2193
5572 748
5572 748
5572 2344
5572 3263
5572 2888
5573 748
5573 748
5573 4493
5573 3516
5573 3638
5573 3263
5574 748
5574 751
5574 799
5574 748
5574 751
5574 799
5575 749
5575 749
5575 4082
5575 2961
5575 3164
5576 5213
5576 749
5576 749
5576 1516
5577 749
5577 749
5577 1516
5577 5799
5578 750
5578 1019
5578 750
5578 1019
5579 750
5579 892
5579 750
5579 892
5580 3602
5580 1512
5580 750
5580 750
5581 3205
5581 3472
5581 5744
5581 750
5581 750
5582 750
5582 750
5582 750
5582 750
5583 750
5583 1036
5583 750
5583 1036
5583 2496
5584 854
5584 854
5584 750
5584 750
5584 1169
5585 4771
5585 1845
5585 750
5585 750
5585 750
5585 750
5585 1186
5585 5324
5585 5325
5585 1522
5586 750
5586 750
5586 750
5586 750
5587 750
5587 750
5587 1100
5587 1676
5588 751
5588 751
5588 3510
5588 3515
5589 751
5589 799
5589 751
5589 799
5590 751
5590 751
5590 1467
5590 3510
5590 85
5591 751
5591 751
5591 2093
5591 2096
5592 2830
5592 752
5592 752
5592 2339
5592 2386
5593 752
5593 752
5593 1645
5593 2772
5594 752
5594 752
5594 3286
5594 3840
5594 4439
5595 3514
5595 3780
5595 3890
5595 754
5595 754
5595 3463
5595 1298
5596 755
5596 757
5596 755
5596 757
5597 756
5597 756
5597 1722
5597 278
5598 759
5598 759
5598 2498
5598 5350
5599 759
5599 759
5599 2339
5599 4462
5600 1190
5600 2866
5600 759
5600 759
5600 1131
5601 759
5601 759
5601 1129
5601 1131
5601 1173
5601 1574
5601 1771
5601 1155
5602 759
5602 759
5602 817
5602 817
5603 759
5603 759
5603 1186
5603 1438
5603 2472
5604 2021
5604 760
5604 760
5604 1532
5605 760
5605 760
5605 2703
5605 3558
5606 1532
5606 760
5606 857
5606 760
5606 857
5607 2704
5607 2703
5607 760
5607 760
5608 760
5608 760
5608 857
5608 857
5609 5542
5609 1683
5609 760
5609 760
5610 760
5610 760
5610 1589
5610 1590
5610 2703
5610 3493
5611 760
5611 857
5611 760
5611 857
5612 936
5612 936
5612 1035
5612 1035
5612 760
5612 760
5612 3022
5613 760
5613 760
5613 1056
5613 2858
5614 916
5614 916
5614 761
5614 761
5614 1652
5615 1410
5615 2220
5615 1142
5615 2322
5615 3750
5615 762
5615 762
5615 2864
5615 1923
5616 762
5616 762
5616 1367
5616 1367
5616 1364
5616 1363
5617 762
5617 934
5617 762
5617 934
5618 762
5618 762
5618 762
5618 762
5619 763
5619 763
5619 2052
5619 4097
5620 763
5620 766
5620 763
5620 766
5620 2572
5621 764
5621 768
5621 764
5621 768
5622 764
5622 768
5622 764
5622 768
5623 2944
5623 764
5623 764
5623 3560
5623 2923
5623 766
5623 4270
5624 764
5624 768
5624 764
5624 768
5625 764
5625 768
5625 764
5625 768
5626 1723
5626 764
5626 764
5626 2332
5627 764
5627 768
5627 764
5627 768
5628 765
5628 765
5628 3021
5628 3932
5629 767
5629 767
5629 767
5629 767
5629 767
5629 2343
5630 768
5630 768
5630 767
5630 1504
5631 1344
5631 768
5631 768
5631 764
5632 3097
5632 2851
5632 768
5632 768
5632 3720
5633 769
5633 769
5633 2080
5633 1651
5634 769
5634 770
5634 769
5634 770
5635 770
5635 929
5635 770
5635 929
5636 929
5636 929
5636 770
5636 770
5637 770
5637 929
5637 770
5637 929
5638 929
5638 929
5638 770
5638 770
5639 770
5639 770
5639 770
5639 770
5640 770
5640 929
5640 770
5640 929
5641 929
5641 929
5641 770
5641 770
5642 770
5642 929
5642 770
5642 929
5643 770
5643 929
5643 770
5643 929
5644 770
5644 929
5644 770
5644 929
5645 929
5645 929
5645 770
5645 770
5645 4907
5646 1143
5646 973
5646 973
5646 973
5646 973
5646 973
5646 973
5646 770
5646 770
5646 929
5646 929
5647 770
5647 929
5647 770
5647 929
5648 770
5648 929
5648 770
5648 929
5649 1631
5649 770
5649 770
5649 929
5649 929
5649 1921
5650 1340
5650 770
5650 929
5650 770
5650 929
5651 771
5651 771
5651 773
5651 773
5651 4639
5651 4503
5651 5696
5651 1051
5651 4143
5652 771
5652 795
5652 771
5652 795
5653 2496
5653 3137
5653 2804
5653 1052
5653 5364
5653 771
5653 771
5654 1680
5654 1805
5654 2107
5654 771
5654 771
5655 771
5655 772
5655 771
5655 772
5656 771
5656 771
5656 5090
5656 2517
5657 771
5657 771
5657 1050
5657 1210
5658 771
5658 771
5658 3317
5658 1210
5658 1881
5659 1795
5659 3067
5659 771
5659 771
5659 4376
5659 3149
5660 2349
5660 771
5660 771
5660 2894
5660 4270
5660 4460
5661 771
5661 771
5661 3300
5661 4218
5661 4148
5661 4209
5662 1953
5662 2005
5662 1795
5662 771
5662 771
5662 1082
5662 2593
5663 1386
5663 2005
5663 771
5663 771
5663 3321
5663 3723
5663 2178
5663 1857
5663 4054
5663 4307
5663 4273
5663 5544
5663 1376
5663 4283
5664 771
5664 771
5664 2557
5664 3310
5664 3923
5664 3876
5665 771
5665 771
5665 4194
5665 4149
5665 4376
5665 4148
5665 5443
5665 1021
5665 1021
5665 4133
5665 2165
5666 771
5666 771
5666 4000
5666 2235
5666 2935
5666 4116
5666 4300
5666 4063
5666 447
5666 2533
5666 4347
5667 771
5667 771
5667 1162
5667 3311
5667 860
5667 860
5667 3882
5667 2979
5668 772
5668 772
5668 1164
5668 4054
5668 3325
5668 2022
5668 4401
5668 4456
5668 4331
5669 2180
5669 772
5669 772
5669 1052
5669 3398
5669 2684
5669 2933
5669 4273
5669 3875
5669 4289
5669 893
5669 893
5669 3463
5670 2725
5670 772
5670 772
5670 1911
5670 857
5670 857
5670 3746
5670 3508
5671 1941
5671 924
5671 924
5671 772
5671 772
5672 772
5672 772
5672 1795
5672 2517
5673 2182
5673 772
5673 772
5673 3819
5673 3977
5674 1052
5674 1162
5674 3300
5674 772
5674 772
5674 3311
5674 3290
5674 4218
5674 2218
5675 772
5675 772
5675 4078
5675 1841
5676 772
5676 772
5676 3377
5676 3746
5676 3722
5676 3020
5676 1615
5676 3463
5676 2738
5677 925
5677 925
5677 924
5677 924
5677 2325
5677 3015
5677 3318
5677 772
5677 772
5677 2953
5677 1614
5677 4057
5677 4265
5677 4267
5677 3984
5677 4302
5677 4273
5677 4418
5677 4475
5677 4017
5677 3273
5677 4466
5677 4452
5677 4433
5677 2358
5678 2018
5678 2557
5678 772
5678 772
5678 3722
5678 1292
5679 2349
5679 772
5679 772
5679 4187
5680 2952
5680 772
5680 772
5680 3124
5680 4378
5681 772
5681 772
5681 2593
5681 3660
5681 1937
5681 4013
5681 3325
5681 1540
5681 4283
5681 4347
5682 1941
5682 2251
5682 1940
5682 2996
5682 772
5682 772
5682 2193
5682 3959
5683 1644
5683 2883
5683 2542
5683 3318
5683 772
5683 772
5683 3167
5683 3128
5683 2958
5683 3739
5683 484
5684 773
5684 773
5684 2155
5684 1493
5684 3083
5684 2543
5685 1052
5685 1162
5685 2366
5685 2593
5685 3660
5685 773
5685 773
5685 4158
5685 3024
5685 3025
5685 3652
5685 4440
5685 4017
5685 1342
5685 3922
5686 2315
5686 3192
5686 2427
5686 3574
5686 1164
5686 3568
5686 3825
5686 773
5686 773
5686 2349
5686 754
5686 4267
5686 4378
5686 4036
5686 2994
5686 4367
5687 2181
5687 2856
5687 2746
5687 857
5687 857
5687 3495
5687 773
5687 773
5687 3127
5687 4078
5687 3272
5687 4461
5687 4411
5687 4405
5687 2165
5687 3083
5688 773
5688 773
5688 1865
5688 3966
5688 1717
5689 773
5689 773
5689 844
5689 844
5689 1701
5689 2926
5690 773
5690 795
5690 858
5690 773
5690 795
5690 858
5690 1164
5690 1211
5690 1702
5691 773
5691 773
5691 812
5691 935
5691 812
5691 935
5692 773
5692 773
5692 1051
5692 1098
5693 774
5693 774
5693 1737
5693 1116
5694 774
5694 774
5694 4414
5694 3176
5694 3866
5694 4204
5694 4297
5694 1419
5694 2489
5694 4300
5694 2606
5694 3966
5694 4300
5694 860
5694 860
5695 774
5695 774
5695 3553
5695 4229
5696 774
5696 774
5696 774
5696 774
5697 774
5697 774
5697 1116
5697 1180
5698 1954
5698 774
5698 774
5698 1500
5698 2709
5699 812
5699 812
5699 774
5699 774
5700 945
5700 945
5700 4377
5700 2378
5700 2418
5700 869
5700 869
5700 775
5700 775
5700 964
5700 964
5700 995
5700 995
5700 3729
5701 2374
5701 947
5701 947
5701 959
5701 959
5701 775
5701 775
5701 1001
5702 947
5702 947
5702 775
5702 775
5702 1149
5703 775
5703 775
5703 1470
5703 4321
5704 963
5704 963
5704 775
5704 775
5705 775
5705 1020
5705 775
5705 1020
5706 775
5706 817
5706 947
5706 775
5706 817
5706 947
5707 775
5707 1014
5707 1022
5707 775
5707 1014
5707 1022
5707 1338
5708 775
5708 1045
5708 775
5708 1045
5708 1353
5709 776
5709 776
5709 4709
5709 1665
5710 776
5710 817
5710 1019
5710 776
5710 817
5710 1019
5711 776
5711 1019
5711 776
5711 1019
5712 776
5712 957
5712 1019
5712 776
5712 957
5712 1019
5712 954
5712 1029
5713 1016
5713 1016
5713 776
5713 776
5714 776
5714 997
5714 1006
5714 776
5714 997
5714 1006
5714 1353
5715 776
5715 776
5715 1019
5715 1019
5716 776
5716 1045
5716 776
5716 1045
5717 776
5717 776
5717 2657
5717 961
5717 961
5718 776
5718 776
5718 3048
5718 243
5718 4051
5718 4315
5718 3670
5718 5809
5718 3970
5719 776
5719 946
5719 954
5719 951
5719 956
5719 998
5719 776
5719 946
5719 954
5719 951
5719 956
5719 998
5719 2365
5719 2310
5719 5192
5720 1552
5720 3483
5720 778
5720 778
5721 4486
5721 778
5721 778
5721 3943
5722 778
5722 778
5722 777
5722 972
5722 4789
5723 778
5723 778
5723 1674
5723 2093
5724 1870
5724 2297
5724 779
5724 779
5725 880
5725 880
5725 779
5725 779
5725 1781
5725 4225
5726 779
5726 779
5726 779
5726 779
5727 779
5727 889
5727 779
5727 889
5728 779
5728 779
5728 4573
5728 1206
5728 1250
5728 1781
5728 1398
5729 1509
5729 779
5729 779
5729 4644
5730 1092
5730 1015
5730 1015
5730 1115
5730 1527
5730 2177
5730 779
5730 779
5730 4103
5730 3729
5730 4271
5731 1795
5731 779
5731 779
5731 2445
5732 889
5732 889
5732 779
5732 779
5732 833
5732 833
5732 1207
5733 783
5733 783
5733 779
5733 889
5733 779
5733 889
5733 1418
5733 1991
5733 1250
5734 971
5734 971
5734 779
5734 779
5735 1916
5735 889
5735 889
5735 779
5735 779
5736 780
5736 847
5736 780
5736 847
5737 780
5737 780
5737 976
5737 976
5738 781
5738 781
5738 1509
5738 971
5739 1207
5739 2673
5739 782
5739 782
5739 1206
5739 1215
5739 1502
5739 2228
5739 3181
5739 2701
5739 1713
5739 5199
5739 781
5739 781
5739 1781
5740 971
5740 971
5740 781
5740 781
5740 782
5740 782
5741 4814
5741 782
5741 782
5741 1502
5741 1713
5742 782
5742 782
5742 1713
5742 1189
5743 782
5743 782
5743 781
5743 358
5743 1992
5744 782
5744 782
5744 1215
5744 781
5745 782
5745 889
5745 782
5745 889
5746 782
5746 952
5746 782
5746 952
5747 782
5747 782
5747 783
5747 783
5747 4644
5748 784
5748 828
5748 784
5748 828
5748 1769
5749 784
5749 1035
5749 784
5749 1035
5750 785
5750 906
5750 785
5750 906
5750 2469
5751 891
5751 891
5751 785
5751 785
5751 2200
5751 5344
5751 6134
5752 1045
5752 1045
5752 785
5752 785
5753 787
5753 864
5753 787
5753 864
5754 788
5754 788
5754 2101
5754 3183
5754 1196
5754 1964
5754 2412
5754 2990
5755 788
5755 790
5755 788
5755 790
5755 2456
5756 788
5756 788
5756 1868
5756 2076
5756 612
5757 788
5757 790
5757 788
5757 790
5758 788
5758 788
5758 3312
5758 3324
5758 4255
5758 4043
5758 4129
5759 788
5759 790
5759 788
5759 790
5760 2112
5760 2627
5760 788
5760 788
5760 2557
5760 3365
5760 3976
5760 5801
5760 4218
5760 2937
5761 1184
5761 788
5761 788
5761 1208
5762 1294
5762 1490
5762 788
5762 788
5763 788
5763 790
5763 788
5763 790
5764 788
5764 788
5764 790
5764 790
5764 3793
5765 2539
5765 789
5765 789
5765 338
5766 2940
5766 789
5766 789
5766 2017
5767 790
5767 790
5767 4568
5767 612
5768 793
5768 793
5768 3515
5768 3832
5769 3263
5769 3512
5769 3833
5769 793
5769 793
5769 3515
5769 3832
5770 793
5770 793
5770 3263
5770 3512
5770 3515
5770 3832
5770 3833
5771 793
5771 793
5771 3263
5771 3515
5771 3832
5771 3833
5772 3263
5772 3512
5772 793
5772 793
5772 3515
5772 3833
5773 793
5773 793
5773 3515
5773 3832
5774 793
5774 793
5774 3515
5774 3832
5775 2562
5775 2560
5775 795
5775 795
5776 795
5776 795
5776 5057
5776 2628
5776 2628
5777 3152
5777 795
5777 795
5777 2584
5777 5918
5777 4636
5777 2691
5778 795
5778 858
5778 795
5778 858
5778 1204
5779 2499
5779 5182
5779 796
5779 796
5779 5543
5779 2521
5779 3920
5780 4865
5780 796
5780 800
5780 796
5780 800
5780 1406
5780 2107
5781 796
5781 796
5781 2462
5781 1660
5781 52
5782 797
5782 798
5782 797
5782 798
5782 3327
5782 4661
5783 797
5783 797
5783 1406
5783 796
5784 797
5784 797
5784 1276
5784 2311
5785 797
5785 800
5785 797
5785 800
5786 798
5786 800
5786 798
5786 800
5786 4661
5787 798
5787 798
5787 4650
5787 3812
5787 3666
5787 3729
5788 800
5788 840
5788 800
5788 840
5788 4652
5789 1408
5789 2311
5789 800
5789 800
5790 801
5790 801
5790 4650
5790 5271
5790 3373
5791 801
5791 801
5791 2599
5792 1604
5792 801
5792 801
5793 1225
5793 1546
5793 1905
5793 801
5793 801
5794 801
5794 866
5794 801
5794 866
5795 801
5795 802
5795 801
5795 802
5796 801
5796 801
5796 1759
5796 4650
5797 802
5797 802
5797 1045
5797 1045
5797 4237
5798 1796
5798 2485
5798 803
5798 803
5798 1038
5798 1038
5798 3004
5798 3208
5799 803
5799 803
5799 4723
5799 4827
5800 804
5800 804
5800 1267
5800 1340
5801 1420
5801 805
5801 805
5802 807
5802 807
5802 53
5802 64
5803 808
5803 808
5803 2490
5803 4237
5804 1036
5804 1036
5804 2496
5804 808
5804 808
5805 808
5805 808
5805 1441
5805 2490
5806 808
5806 808
5806 808
5806 808
5807 808
5807 808
5807 808
5807 808
5808 808
5808 808
5808 1492
5808 2438
5809 808
5809 808
5809 808
5809 808
5810 808
5810 808
5810 808
5810 808
5810 808
5810 808
5811 1527
5811 2594
5811 808
5811 808
5811 1289
5811 2352
5812 808
5812 808
5812 1367
5812 1059
5812 1500
5812 1500
5812 1500
5812 2559
5812 1920
5813 810
5813 990
5813 992
5813 810
5813 990
5813 992
5813 3211
5814 810
5814 991
5814 810
5814 991
5815 1427
5815 1898
5815 812
5815 812
5816 2853
5816 5964
5816 812
5816 812
5816 2610
5817 1142
5817 812
5817 812
5817 2157
5817 4132
5817 2701
5818 815
5818 815
5818 812
5818 812
5819 812
5819 1045
5819 812
5819 1045
5819 2894
5820 812
5820 812
5820 1500
5820 1500
5821 1755
5821 2949
5821 1586
5821 812
5821 812
5822 812
5822 1045
5822 812
5822 1045
5823 812
5823 812
5823 841
5823 841
5823 1815
5824 812
5824 812
5824 1925
5824 1897
5825 3522
5825 812
5825 812
5825 3020
5825 3711
5825 3047
5825 4163
5825 4069
5825 3555
5825 2634
5825 4348
5826 2851
5826 1071
5826 812
5826 812
5826 3131
5826 4081
5826 4058
5827 833
5827 833
5827 4784
5827 812
5827 812
5828 1821
5828 812
5828 812
5828 2162
5828 2517
5828 2663
5829 812
5829 812
5829 1326
5829 1670
5829 812
5829 812
5829 1324
5830 3190
5830 812
5830 812
5830 1493
5830 3190
5831 1920
5831 812
5831 812
5831 1437
5832 812
5832 812
5832 1522
5832 1646
5833 1276
5833 812
5833 812
5833 2162
5833 1755
5834 812
5834 812
5834 1908
5834 3587
5834 2272
5835 812
5835 812
5835 2762
5835 5489
5836 812
5836 812
5836 2324
5836 2325
5837 812
5837 812
5837 812
5837 812
5838 813
5838 813
5838 2351
5838 1556
5839 813
5839 838
5839 813
5839 838
5840 814
5840 814
5840 1793
5840 2567
5840 3813
5841 814
5841 814
5841 4523
5841 1174
5841 2343
5842 814
5842 1044
5842 814
5842 1044
5843 815
5843 815
5843 3860
5843 1704
5844 4178
5844 5499
5844 815
5844 815
5845 815
5845 815
5845 1342
5845 3922
5846 3562
5846 815
5846 815
5846 2365
5847 945
5847 945
5847 2784
5847 4667
5847 2917
5847 1886
5847 815
5847 815
5848 2297
5848 815
5848 815
5848 3135
5849 815
5849 815
5849 3444
5849 4281
5850 1036
5850 1036
5850 2496
5850 1954
5850 815
5850 815
5851 815
5851 815
5851 2195
5851 4140
5852 2365
5852 1587
5852 815
5852 815
5852 2943
5853 815
5853 815
5853 1322
5853 1342
5853 3533
5853 3922
5854 815
5854 815
5854 1169
5854 1852
5854 3973
5855 2365
5855 815
5855 815
5855 2515
5856 815
5856 815
5856 1583
5856 1852
5856 2364
5856 4312
5857 815
5857 815
5857 1981
5857 815
5857 815
5858 815
5858 815
5858 2512
5859 815
5859 815
5859 2177
5859 1192
5860 816
5860 816
5860 823
5860 823
5860 1340
5861 1410
5861 816
5861 816
5861 2444
5862 1180
5862 2588
5862 2157
5862 815
5862 815
5862 2155
5862 2943
5863 2790
5863 815
5863 815
5863 3245
5863 2364
5864 1036
5864 1036
5864 2496
5864 1273
5864 815
5864 815
5864 5820
5865 815
5865 815
5865 1340
5865 1620
5866 936
5866 936
5866 816
5866 816
5866 3822
5867 816
5867 816
5867 1009
5867 1009
5868 1045
5868 1045
5868 1024
5868 816
5868 816
5868 1009
5868 1009
5869 816
5869 898
5869 816
5869 898
5870 1045
5870 1045
5870 816
5870 816
5871 816
5871 1006
5871 1012
5871 816
5871 1006
5871 1012
5872 946
5872 946
5872 816
5872 816
5872 2041
5872 2737
5873 815
5873 815
5873 1169
5873 3860
5874 815
5874 815
5874 3263
5874 815
5874 815
5874 1218
5874 1381
5874 3777
5874 3132
5875 815
5875 815
5875 1326
5875 2374
5876 1218
5876 1169
5876 815
5876 815
5877 1191
5877 815
5877 815
5877 1587
5878 815
5878 815
5878 3703
5878 3703
5879 815
5879 815
5879 1587
5879 1169
5880 3041
5880 1981
5880 815
5880 815
5881 815
5881 815
5881 1704
5881 1720
5881 1587
5882 817
5882 952
5882 817
5882 952
5883 817
5883 817
5883 1353
5883 1353
5883 3674
5884 815
5884 815
5884 1125
5884 815
5884 815
5885 1192
5885 1191
5885 815
5885 815
5886 815
5886 815
5886 1342
5886 3922
5887 3140
5887 815
5887 815
5887 1712
5887 2727
5888 815
5888 815
5888 815
5888 815
5889 817
5889 817
5889 585
5889 4711
5890 1045
5890 1045
5890 956
5890 956
5890 815
5890 815
5890 971
5890 971
5891 817
5891 1019
5891 817
5891 1019
5892 817
5892 1045
5892 817
5892 1045
5893 815
5893 815
5893 1170
5893 1812
5894 817
5894 1045
5894 817
5894 1045
5895 815
5895 815
5895 1092
5895 3051
5896 1125
5896 1170
5896 815
5896 815
5896 2584
5896 2624
5897 817
5897 1004
5897 817
5897 1004
5897 2569
5897 1020
5898 815
5898 815
5898 1192
5898 1704
5899 815
5899 815
5899 1340
5899 1035
5899 1035
5900 817
5900 1019
5900 817
5900 1019
5900 1844
5901 815
5901 815
5901 2458
5901 2588
5902 817
5902 817
5902 868
5902 1019
5902 868
5902 1019
5903 1019
5903 1019
5903 817
5903 817
5904 815
5904 815
5904 821
5904 2634
5905 1109
5905 815
5905 815
5905 1123
5905 815
5905 815
5906 815
5906 815
5906 1217
5906 1864
5907 815
5907 815
5907 1704
5907 1184
5908 2034
5908 2177
5908 815
5908 815
5909 815
5909 815
5909 5433
5909 1938
5910 1920
5910 815
5910 815
5910 1831
5911 817
5911 1019
5911 1045
5911 817
5911 1019
5911 1045
5912 1021
5912 1021
5912 817
5912 817
5913 817
5913 1045
5913 817
5913 1045
5914 815
5914 815
5914 1500
5914 2709
5915 815
5915 815
5915 2558
5915 2561
5916 817
5916 1045
5916 817
5916 1045
5916 3111
5917 817
5917 1045
5917 817
5917 1045
5918 815
5918 815
5918 1218
5918 3041
5919 815
5919 815
5919 815
5919 815
5920 818
5920 818
5920 1679
5920 1836
5920 1679
5920 1836
5920 1679
5920 1836
5921 1326
5921 3075
5921 1326
5921 1326
5921 818
5921 818
5921 2937
5922 818
5922 818
5922 967
5922 967
5923 820
5923 876
5923 820
5923 876
5924 820
5924 845
5924 820
5924 845
5924 4931
5925 1620
5925 4834
5925 821
5925 821
5926 1340
5926 1092
5926 822
5926 822
5927 1631
5927 1706
5927 5181
5927 4279
5927 823
5927 823
5927 1638
5927 1374
5928 823
5928 823
5928 823
5928 823
5929 2823
5929 823
5929 823
5929 2333
5930 823
5930 823
5930 2182
5930 5778
5931 823
5931 823
5931 868
5931 868
5931 3787
5932 2182
5932 823
5932 823
5932 2357
5933 864
5933 864
5933 1620
5933 1745
5933 1504
5933 873
5933 873
5933 1793
5933 823
5933 823
5934 1078
5934 823
5934 823
5934 5975
5935 823
5935 823
5935 2182
5935 833
5935 833
5935 1197
5935 1952
5935 1196
5936 825
5936 825
5936 837
5936 837
5937 825
5937 825
5937 1730
5937 845
5937 845
5937 837
5937 837
5938 1271
5938 3320
5938 1857
5938 4460
5938 4471
5938 825
5938 825
5938 4387
5938 2989
5938 4157
5939 2467
5939 825
5939 825
5939 1785
5939 271
5940 825
5940 876
5940 825
5940 876
5941 825
5941 876
5941 825
5941 876
5941 1072
5942 2096
5942 2456
5942 3576
5942 826
5942 826
5943 826
5943 826
5943 1184
5943 3287
5944 826
5944 826
5944 2425
5944 2426
5945 2426
5945 2425
5945 826
5945 826
5945 5788
5946 826
5946 826
5946 2449
5946 2425
5947 1243
5947 2339
5947 2963
5947 5207
5947 826
5947 826
5947 2341
5947 1575
5947 1411
5948 826
5948 826
5948 2425
5948 2426
5948 5788
5949 827
5949 827
5949 2690
5949 5700
5949 5727
5949 5950
5949 4340
5949 1019
5949 1019
5949 2147
5949 734
5950 828
5950 828
5950 2456
5950 5699
5951 829
5951 829
5951 5622
5951 4862
5952 829
5952 842
5952 829
5952 842
5953 829
5953 829
5953 3192
5953 2914
5954 829
5954 829
5954 2915
5954 1802
5954 1795
5954 3313
5954 3680
5955 2005
5955 829
5955 829
5955 3404
5955 1795
5955 3792
5956 829
5956 829
5956 4242
5956 4401
5956 1293
5956 2982
5956 2533
5956 4247
5957 1941
5957 829
5957 829
5957 3126
5957 4460
5958 1226
5958 2315
5958 1156
5958 829
5958 829
5958 1354
5958 2915
5959 829
5959 829
5959 4078
5959 4471
5959 1855
5959 2390
5959 3610
5959 3624
5960 829
5960 829
5960 2996
5960 3016
5960 3015
5960 2341
5961 1276
5961 832
5961 832
5961 3194
5961 3301
5961 1162
5961 4353
5962 4920
5962 832
5962 832
5962 3008
5962 3265
5962 3435
5963 832
5963 832
5963 2952
5963 3400
5963 3237
5963 1842
5964 832
5964 832
5964 2181
5964 2542
5964 2972
5964 4386
5964 3266
5964 4346
5965 1386
5965 832
5965 832
5965 3188
5966 1197
5966 1186
5966 833
5966 833
5967 4198
5967 833
5967 833
5967 1952
5968 1197
5968 997
5968 997
5968 833
5968 833
5968 1196
5969 833
5969 833
5969 1197
5969 1583
5969 3491
5969 4130
5970 832
5970 832
5970 2787
5970 2992
5971 2154
5971 832
5971 832
5971 2955
5971 2543
5972 1037
5972 1037
5972 5297
5972 833
5972 833
5972 3222
5972 5526
5972 5520
5973 1500
5973 1500
5973 2709
5973 833
5973 833
5973 3680
5973 4096
5974 2157
5974 833
5974 833
5974 1197
5975 833
5975 833
5975 1195
5975 3130
5976 1184
5976 1196
5976 833
5976 833
5976 3195
5977 963
5977 963
5977 833
5977 833
5978 833
5978 833
5978 1698
5978 2628
5979 833
5979 833
5979 2485
5979 4848
5980 1964
5980 1198
5980 1189
5980 3203
5980 833
5980 833
5981 2929
5981 833
5981 833
5981 1197
5981 5020
5982 833
5982 833
5982 1189
5982 4772
5982 4777
5983 833
5983 833
5983 5159
5983 2628
5984 1964
5984 833
5984 833
5984 2412
5985 833
5985 833
5985 1198
5985 1184
5986 834
5986 834
5986 1904
5986 1046
5987 834
5987 834
5987 234
5987 5063
5988 834
5988 834
5988 2733
5988 4108
5989 834
5989 834
5989 1044
5989 1046
5989 1044
5989 1046
5990 834
5990 1044
5990 834
5990 1044
5990 908
5991 834
5991 834
5991 4619
5992 834
5992 877
5992 834
5992 877
5993 834
5993 1044
5993 834
5993 1044
5994 835
5994 835
5994 3192
5994 1794
5994 3491
5994 3155
5994 2882
5994 3746
5994 3505
5994 3886
5994 1857
5994 3834
5994 3265
5994 2147
5994 3817
5994 4237
5994 2022
5994 4304
5994 4133
5994 4389
5994 3020
5994 4330
5994 4129
5994 4166
5994 3273
5994 3658
5994 3921
5995 835
5995 835
5995 2557
5995 3568
5995 2880
5995 2972
5995 4207
5995 3066
5995 3463
5995 4451
5995 4346
5996 2315
5996 835
5996 835
5996 2470
5997 1955
5997 1941
5997 835
5997 835
5997 3180
5997 2627
5997 2952
5997 3318
5997 3300
5997 1478
5997 3127
5997 4303
5997 3083
5997 3083
5998 835
5998 835
5998 1210
5998 4158
5998 4465
5998 1410
5998 4347
5999 835
5999 835
5999 2915
5999 2768
5999 1162
5999 3324
5999 3540
5999 3323
5999 2035
5999 3508
5999 3455
5999 3127
5999 4303
5999 4305
5999 4304
5999 4111
5999 2155
5999 3658
5999 245
5999 4346
6000 836
6000 836
6000 864
6000 864
6001 837
6001 837
6001 4931
6001 1923
6001 1150
6002 983
6002 837
6002 837
6002 875
6003 837
6003 837
6003 1785
6003 4388
6003 825
6003 1430
6003 4387
6004 3750
6004 3917
6004 837
6004 837
6004 4460
6005 1829
6005 838
6005 838
6005 1150
6005 4735
6005 5094
6006 838
6006 838
6006 1150
6006 5627
6007 839
6007 839
6007 1899
6007 2496
6008 837
6008 837
6008 825
6008 3916
6008 6120
6009 1536
6009 3719
6009 837
6009 837
6010 837
6010 837
6010 1430
6010 4004
6010 4367
6011 63
6011 70
6011 2970
6011 837
6011 837
6011 4367
6011 1714
6012 838
6012 838
6012 1150
6012 5627
6013 838
6013 838
6013 863
6013 863
6014 838
6014 838
6014 1527
6014 1802
6015 840
6015 840
6015 3860
6015 4248
6016 840
6016 840
6016 2133
6016 2607
6017 840
6017 840
6017 796
6017 801
6017 1406
6018 1914
6018 5163
6018 840
6018 840
6019 2428
6019 5245
6019 837
6019 837
6020 838
6020 838
6020 2256
6020 5566
6020 1087
6020 3176
6020 3251
6021 838
6021 838
6021 838
6021 838
6022 841
6022 841
6022 841
6022 841
6023 1866
6023 3093
6023 841
6023 841
6023 2220
6024 841
6024 841
6024 942
6024 944
6024 945
6024 942
6024 944
6024 945
6024 2575
6024 2578
6024 4377
6024 2228
6025 841
6025 841
6025 1308
6025 5086
6026 841
6026 841
6026 841
6026 841
6027 842
6027 842
6027 4204
6027 2982
6027 1597
6027 4282
6027 5523
6028 2153
6028 842
6028 842
6028 4293
6028 3055
6029 842
6029 842
6029 3067
6029 2750
6029 3664
6029 4237
6029 3427
6029 4331
6030 1904
6030 842
6030 842
6030 2479
6030 1027
6030 1027
6031 842
6031 842
6031 2627
6031 3142
6031 3430
6031 5636
6032 2725
6032 842
6032 842
6032 2366
6032 1157
6033 2270
6033 3703
6033 1770
6033 1852
6033 2251
6033 4263
6033 3925
6033 6077
6033 844
6033 844
6033 4258
6034 2253
6034 2664
6034 844
6034 844
6035 3067
6035 3608
6035 2562
6035 844
6035 844
6036 4503
6036 773
6036 844
6036 844
6037 844
6037 844
6037 5634
6037 2499
6038 1075
6038 848
6038 848
6038 847
6038 847
6039 847
6039 847
6039 846
6039 5859
6039 5861
6040 847
6040 848
6040 847
6040 848
6040 850
6041 847
6041 926
6041 977
6041 847
6041 926
6041 977
6042 847
6042 847
6042 847
6042 847
6043 1880
6043 847
6043 847
6043 3811
6044 847
6044 847
6044 848
6044 848
6044 1933
6044 1074
6044 1802
6044 957
6044 957
6045 847
6045 850
6045 847
6045 850
6045 2177
6046 847
6046 974
6046 847
6046 974
6047 850
6047 850
6047 847
6047 847
6048 977
6048 977
6048 847
6048 847
6049 848
6049 848
6049 1441
6049 4074
6049 2901
6050 848
6050 848
6050 1506
6050 1490
6050 3668
6050 6058
6051 848
6051 848
6051 977
6051 977
6052 978
6052 978
6052 4838
6052 850
6052 976
6052 850
6052 976
6053 850
6053 976
6053 850
6053 976
6054 1075
6054 1076
6054 850
6054 850
6055 851
6055 970
6055 851
6055 970
6056 853
6056 964
6056 853
6056 964
6057 854
6057 854
6057 855
6057 1226
6058 854
6058 854
6058 3836
6058 2542
6058 1284
6059 854
6059 854
6059 1904
6059 2619
6059 4111
6060 854
6060 854
6060 2731
6060 3169
6061 1433
6061 854
6061 854
6061 1737
6062 854
6062 854
6062 854
6062 854
6063 854
6063 855
6063 854
6063 855
6064 855
6064 855
6064 854
6064 854
6064 854
6064 854
6064 3098
6064 2231
6065 1990
6065 854
6065 854
6065 2709
6065 1802
6066 1764
6066 854
6066 854
6066 1670
6067 854
6067 854
6067 1226
6067 1230
6068 854
6068 854
6068 1852
6068 2635
6069 926
6069 926
6069 854
6069 854
6070 854
6070 854
6070 1169
6070 854
6070 854
6071 854
6071 854
6071 854
6071 854
6072 854
6072 854
6072 855
6072 855
6073 854
6073 854
6073 1341
6073 1939
6074 854
6074 854
6074 3139
6074 3004
6074 2479
6075 854
6075 854
6075 1192
6075 1241
6076 1456
6076 854
6076 1045
6076 854
6076 1045
6076 2368
6076 1697
6076 1009
6076 1009
6076 1329
6077 1230
6077 855
6077 855
6077 4675
6077 4994
6078 855
6078 855
6078 2483
6078 3159
6079 2140
6079 855
6079 855
6079 1230
6080 857
6080 857
6080 762
6080 2704
6081 1086
6081 857
6081 857
6081 319
6082 857
6082 857
6082 985
6082 985
6083 857
6083 857
6083 1904
6083 4207
6084 857
6084 857
6084 935
6084 2733
6085 2157
6085 2395
6085 4087
6085 4019
6085 2394
6085 857
6085 857
6085 3957
6085 3939
6086 2744
6086 857
6086 857
6086 4394
6086 6099
6086 2371
6086 1056
6087 929
6087 929
6087 857
6087 857
6088 857
6088 857
6088 1019
6088 1019
6089 3494
6089 857
6089 857
6089 1340
6089 3470
6090 857
6090 857
6090 1964
6090 3167
6091 857
6091 857
6091 1532
6091 2964
6091 3483
6092 1123
6092 1217
6092 857
6092 857
6092 1852
6093 3441
6093 2411
6093 2593
6093 857
6093 857
6093 3596
6093 4162
6093 3009
6093 2022
6093 3754
6093 4208
6093 4192
6093 1848
6093 4434
6093 2935
6093 4076
6093 3468
6093 2356
6093 4281
6093 3654
6094 3015
6094 2996
6094 1164
6094 857
6094 857
6094 4116
6094 5167
6094 4346
6094 2819
6094 3675
6095 3481
6095 498
6095 857
6095 857
6095 1412
6095 4047
6095 2349
6095 4019
6095 3252
6095 1208
6096 3317
6096 3746
6096 857
6096 857
6096 3597
6097 2955
6097 857
6097 857
6097 3886
6097 3291
6097 3127
6097 3881
6097 1387
6097 4378
6097 4361
6097 3149
6098 857
6098 857
6098 3681
6098 2215
6098 1177
6099 2057
6099 857
6099 857
6099 3882
6099 3173
6099 3157
6100 2725
6100 1644
6100 2664
6100 1052
6100 2058
6100 857
6100 857
6100 3126
6100 4031
6100 3756
6100 904
6100 904
6101 857
6101 857
6101 5366
6102 857
6102 857
6102 5604
6102 5304
6102 5383
6103 857
6103 857
6103 1989
6103 5821
6103 3603
6104 915
6104 915
6104 859
6104 859
6105 859
6105 901
6105 859
6105 901
6105 1157
6106 2278
6106 5154
6106 167
6106 859
6106 901
6106 859
6106 901
6106 5851
6107 875
6107 875
6107 2004
6107 859
6107 859
6108 859
6108 874
6108 859
6108 874
6109 901
6109 901
6109 859
6109 859
6109 3338
6110 1631
6110 859
6110 859
6110 875
6110 875
6111 859
6111 875
6111 859
6111 875
6112 859
6112 859
6112 4176
6112 5984
6113 973
6113 973
6113 1144
6113 859
6113 859
6114 859
6114 901
6114 859
6114 901
6115 1225
6115 859
6115 859
6115 2569
6116 3124
6116 3982
6116 3012
6116 861
6116 861
6117 1350
6117 3309
6117 1412
6117 4083
6117 4055
6117 2215
6117 4163
6117 4218
6117 3555
6117 4461
6117 1292
6117 1293
6117 1493
6117 861
6117 861
6117 1201
6117 3977
6118 860
6118 860
6118 3127
6118 3424
6118 1608
6119 860
6119 860
6119 4460
6119 3020
6120 5059
6120 1856
6120 2030
6120 1865
6120 973
6120 973
6120 973
6120 973
6120 860
6120 860
6120 2684
6121 860
6121 860
6121 137
6121 1563
6121 3771
6122 5544
6122 1565
6122 3658
6122 2486
6122 4291
6122 860
6122 860
6122 484
6122 559
6122 4348
6123 3077
6123 2339
6123 1244
6123 2963
6123 3155
6123 3310
6123 860
6123 860
6123 3888
6123 2684
6123 2750
6123 3756
6123 3649
6123 860
6123 860
6124 860
6124 860
6124 1821
6124 2684
6124 3358
6124 4389
6125 3542
6125 4321
6125 860
6125 860
6126 3739
6126 4043
6126 860
6126 860
6127 860
6127 860
6127 2133
6127 4321
6127 4461
6127 4584
6128 860
6128 860
6128 2958
6128 3048
6129 4069
6129 4379
6129 860
6129 860
6130 860
6130 860
6130 3837
6130 1045
6130 1045
6131 860
6131 860
6131 3358
6131 3817
6132 860
6132 860
6132 1149
6132 3195
6132 3542
6132 1011
6132 1011
6133 860
6133 860
6133 1615
6133 3128
6133 2077
6134 2883
6134 3505
6134 2215
6134 3127
6134 860
6134 860
6134 4154
6134 3024
6135 3321
6135 3195
6135 860
6135 860
6135 3012
6135 4460
6136 3311
6136 3723
6136 3430
6136 4053
6136 2894
6136 860
6136 860
6136 2997
6136 3410
6136 3770
6136 3739
6136 4255
6136 4149
6136 4307
6136 4414
6136 1936
6136 1177
6137 3691
6137 860
6137 860
6137 4078
6137 3993
6137 4266
6138 1525
6138 3318
6138 3397
6138 860
6138 860
6138 2980
6138 1615
6138 4117
6138 4385
6138 3808
6138 3179
6138 3190
6139 860
6139 860
6139 4454
6139 4294
6140 863
6140 863
6140 1063
6140 1137
6140 1321
6140 1921
6140 3631
6141 1036
6141 1036
6141 2496
6141 863
6141 863
6142 2535
6142 2566
6142 2581
6142 2582
6142 3611
6142 863
6142 863
6143 2374
6143 2177
6143 863
6143 863
6144 1092
6144 2026
6144 4221
6144 863
6144 863
6145 863
6145 863
6145 1319
6145 1481
6145 3332
6146 1500
6146 2709
6146 4314
6146 863
6146 863
6147 4729
6147 863
6147 863
6147 1490
6148 1634
6148 2333
6148 863
6148 863
6149 863
6149 863
6149 906
6149 906
6150 1745
6150 863
6150 863
6150 1632
6150 1812
6150 3019
6151 863
6151 863
6151 2301
6151 2683
6152 863
6152 863
6152 2297
6152 1537
6153 3046
6153 863
6153 863
6153 1698
6153 1302
6154 863
6154 863
6154 870
6154 870
6155 1728
6155 863
6155 863
6155 1499
6156 1035
6156 1035
6156 863
6156 863
6156 2348
6157 863
6157 863
6157 3663
6157 3902
6157 2954
6158 863
6158 863
6158 941
6158 941
6159 2458
6159 2278
6159 1441
6159 864
6159 864
6159 3288
6160 864
6160 864
6160 2935
6160 4281
6161 3858
6161 864
6161 864
6161 1620
6162 1707
6162 2245
6162 4818
6162 864
6162 864
6162 1920
6162 6122
6163 1193
6163 1217
6163 1331
6163 1704
6163 864
6163 864
6163 2364
6163 3295
6164 864
6164 864
6164 1745
6164 1812
6165 911
6165 864
6165 864
6165 1486
6166 864
6166 864
6166 975
6166 975
6167 2805
6167 864
6167 864
6167 3306
6168 1410
6168 864
6168 864
6168 3158
6168 3178
6168 5531
6169 864
6169 864
6169 1707
6169 1812
6169 3790
6170 3070
6170 3071
6170 3072
6170 864
6170 864
6171 1326
6171 1326
6171 864
6171 864
6172 864
6172 864
6172 1134
6172 1620
6172 1812
6173 864
6173 864
6173 3295
6173 1342
6173 1852
6173 3922
6174 864
6174 864
6174 1745
6174 3295
6175 1326
6175 1745
6175 864
6175 864
6176 864
6176 864
6176 3295
6176 936
6176 936
6177 1189
6177 2108
6177 864
6177 864
6177 3022
6177 3295
6177 3790
6178 864
6178 864
6178 1504
6178 3745
6179 864
6179 864
6179 864
6179 864
6180 864
6180 864
6180 2722
6180 3295
6180 3790
6181 864
6181 952
6181 962
6181 984
6181 1045
6181 864
6181 952
6181 962
6181 984
6181 1045
6181 1441
6182 1718
6182 2086
6182 864
6182 864
6183 864
6183 864
6183 3295
6183 3013
6183 4281
6183 1134
6183 1707
6184 864
6184 864
6184 1707
6184 3242
6184 3205
6185 864
6185 864
6185 1812
6185 1363
6185 3295
6186 1707
6186 864
6186 864
6186 1134
6187 864
6187 864
6187 2314
6187 3295
6187 1620
6187 1812
6188 864
6188 864
6188 3167
6188 864
6188 864
6188 1436
6189 864
6189 864
6189 4748
6189 2397
6190 864
6190 864
6190 1707
6190 1745
6191 864
6191 1031
6191 864
6191 1031
6191 2314
6191 4029
6192 864
6192 864
6192 3445
6192 1326
6193 864
6193 864
6193 1620
6193 3004
6193 47
6194 871
6194 864
6194 864
6194 1326
6195 936
6195 936
6195 1427
6195 864
6195 864
6195 2513
6196 864
6196 864
6196 1424
6196 2928
6196 2444
6197 864
6197 864
6197 1326
6197 1620
6197 3295
6198 864
6198 864
6198 2058
6198 3387
6198 2886
6198 3079
6198 4161
6198 4159
6198 3251
6198 4166
6198 2486
6198 1493
6198 6092
6199 2458
6199 864
6199 864
6199 2458
6199 3356
6200 1326
6200 1326
6200 1620
6200 864
6200 864
6200 1812
6200 3014
6201 1932
6201 864
6201 864
6201 1180
6201 1931
6202 864
6202 864
6202 1641
6202 5299
6203 864
6203 864
6203 864
6203 864
6204 864
6204 864
6204 1141
6204 1247
6205 865
6205 879
6205 865
6205 879
6205 1184
6206 867
6206 867
6206 5232
6206 5233
6207 2177
6207 868
6207 868
6207 712
6207 847
6208 868
6208 868
6208 4185
6208 2177
6209 3787
6209 3787
6209 868
6209 868
6210 868
6210 868
6210 868
6210 868
6211 3787
6211 868
6211 868
6212 868
6212 868
6212 3334
6212 2965
6213 2164
6213 868
6213 868
6213 3496
6213 4083
6214 1886
6214 868
6214 868
6214 1432
6214 1689
6215 4747
6215 868
6215 868
6215 2348
6216 868
6216 868
6216 4096
6216 2809
6217 1445
6217 1619
6217 868
6217 868
6218 959
6218 959
6218 2536
6218 3014
6218 868
6218 868
6218 947
6218 868
6218 868
6218 947
6219 868
6219 1004
6219 868
6219 1004
6220 868
6220 868
6220 1365
6220 2033
6221 868
6221 868
6221 1211
6221 2926
6222 868
6222 868
6222 2243
6222 2222
6223 868
6223 868
6223 1365
6223 2033
6224 868
6224 868
6224 1051
6224 2507
6224 2630
6225 869
6225 869
6225 1384
6225 1384
6225 2157
6225 2161
6225 2612
6225 3136
6226 869
6226 869
6226 2161
6226 2889
6226 3136
6227 869
6227 869
6227 2816
6227 3520
6227 3614
6227 1384
6227 2161
6227 2889
6228 869
6228 869
6228 2161
6228 4058
6229 2157
6229 2612
6229 3136
6229 3364
6229 3876
6229 2716
6229 4267
6229 869
6229 869
6229 3610
6229 4211
6229 3463
6230 1197
6230 1408
6230 869
6230 869
6230 4096
6230 2109
6231 869
6231 1019
6231 869
6231 1019
6232 2157
6232 3414
6232 869
6232 869
6232 2631
6232 4043
6233 2510
6233 2157
6233 2816
6233 869
6233 869
6233 3615
6234 869
6234 869
6234 2889
6234 3519
6235 869
6235 869
6235 1787
6235 2612
6235 2816
6235 2889
6236 870
6236 870
6236 2152
6236 2255
6236 2150
6236 1410
6236 1929
6237 2457
6237 5208
6237 870
6237 870
6238 870
6238 870
6238 902
6238 902
6239 2285
6239 872
6239 872
6239 2823
6240 872
6240 872
6240 1403
6240 2253
6240 2022
6241 874
6241 874
6241 901
6241 901
6242 874
6242 874
6242 3495
6242 3377
6242 1220
6242 1220
6243 4229
6243 874
6243 874
6243 1356
6243 5808
6243 2400
6244 874
6244 874
6244 1157
6244 1220
6244 3338
6244 3455
6244 3495
6245 874
6245 874
6245 1715
6245 1788
6246 874
6246 901
6246 874
6246 901
6246 3505
6247 874
6247 875
6247 874
6247 875
6248 874
6248 875
6248 874
6248 875
6248 1220
6249 874
6249 875
6249 874
6249 875
6250 875
6250 901
6250 875
6250 901
6250 1157
6250 3013
6250 874
6250 874
6251 874
6251 901
6251 874
6251 901
6252 874
6252 874
6252 901
6252 901
6253 874
6253 875
6253 874
6253 875
6254 874
6254 875
6254 874
6254 875
6254 901
6254 901
6255 875
6255 875
6255 1220
6255 874
6255 874
6256 874
6256 901
6256 874
6256 901
6257 901
6257 901
6257 874
6257 874
6258 874
6258 875
6258 874
6258 875
6258 1157
6259 901
6259 901
6259 874
6259 874
6259 1157
6259 3479
6259 854
6260 874
6260 874
6260 901
6260 874
6260 874
6260 901
6260 1157
6261 874
6261 901
6261 874
6261 901
6261 1157
6261 1527
6261 2054
6261 2756
6262 875
6262 875
6262 874
6262 874
6263 875
6263 875
6263 3715
6263 3705
6264 875
6264 875
6264 1220
6264 2301
6264 3143
6264 3267
6264 2444
6264 4020
6264 4022
6264 718
6265 901
6265 901
6265 875
6265 875
6266 875
6266 901
6266 875
6266 901
6266 3362
6267 875
6267 875
6267 901
6267 901
6268 877
6268 1046
6268 877
6268 1046
6269 877
6269 877
6269 1044
6269 1044
6270 877
6270 1046
6270 877
6270 1046
6271 878
6271 878
6271 1924
6271 4682
6271 5813
6271 2745
6272 1453
6272 878
6272 878
6272 1465
6272 1469
6273 880
6273 880
6273 777
6273 1782
6273 4133
6274 2654
6274 880
6274 880
6274 1782
6275 880
6275 880
6275 1757
6275 1056
6276 2198
6276 880
6276 880
6276 4445
6277 880
6277 972
6277 880
6277 972
6278 881
6278 881
6278 2723
6278 2992
6279 883
6279 883
6279 4831
6279 5162
6279 1644
6280 884
6280 970
6280 884
6280 970
6281 885
6281 885
6281 887
6281 887
6282 886
6282 886
6282 4780
6282 3685
6283 1691
6283 2114
6283 887
6283 887
6283 1657
6283 1340
6283 1088
6284 889
6284 889
6284 931
6284 931
6284 2105
6285 1870
6285 890
6285 890
6285 1335
6285 1451
6285 1147
6286 890
6286 891
6286 1043
6286 890
6286 891
6286 1043
6286 1336
6287 891
6287 891
6287 890
6287 890
6288 891
6288 891
6288 890
6288 890
6289 890
6289 890
6289 891
6289 891
6290 1432
6290 1831
6290 890
6290 890
6290 2831
6291 890
6291 890
6291 1679
6291 1836
6292 890
6292 890
6292 1679
6292 1836
6293 890
6293 890
6293 1609
6293 4478
6294 891
6294 891
6294 1947
6294 3075
6295 1493
6295 891
6295 891
6295 3766
6296 891
6296 891
6296 2499
6296 2507
6297 899
6297 899
6297 891
6297 891
6298 891
6298 899
6298 891
6298 899
6299 891
6299 891
6299 2865
6299 2868
6299 5551
6300 891
6300 891
6300 1039
6300 1039
6301 892
6301 892
6301 3429
6301 3428
6302 892
6302 892
6302 2217
6302 3232
6303 892
6303 892
6303 1746
6303 2157
6304 892
6304 892
6304 1115
6304 2702
6305 1092
6305 892
6305 892
6305 4039
6306 3015
6306 1919
6306 1802
6306 3133
6306 3481
6306 3441
6306 4053
6306 4047
6306 3466
6306 2355
6306 2022
6306 3024
6306 2933
6306 4455
6306 893
6306 893
6306 3083
6306 3463
6306 4451
6307 2936
6307 3463
6307 893
6307 893
6307 3083
6307 4479
6307 2982
6307 4063
6307 3981
6308 1098
6308 2716
6308 3123
6308 4426
6308 4456
6308 893
6308 893
6308 2376
6309 4148
6309 893
6309 893
6309 1493
6309 3083
6310 3505
6310 3681
6310 3775
6310 2520
6310 1865
6310 3471
6310 1493
6310 893
6310 893
6310 3957
6311 2866
6311 894
6311 894
6311 3617
6312 3212
6312 1071
6312 895
6312 895
6312 4094
6312 4095
6312 5652
6313 895
6313 895
6313 2975
6313 4381
6313 5459
6314 1184
6314 896
6314 896
6314 2147
6314 3978
6314 3739
6315 896
6315 896
6315 2776
6315 1023
6315 1023
6316 1553
6316 896
6316 1007
6316 896
6316 1007
6316 1351
6316 1003
6317 3083
6317 5378
6317 997
6317 997
6317 1165
6317 1351
6317 2100
6317 896
6317 896
6318 2776
6318 896
6318 959
6318 968
6318 896
6318 959
6318 968
6319 897
6319 1000
6319 897
6319 1000
6320 898
6320 1045
6320 898
6320 1045
6321 1019
6321 1019
6321 898
6321 898
6322 898
6322 1045
6322 898
6322 1045
6323 1757
6323 1541
6323 898
6323 1009
6323 898
6323 1009
6323 2967
6324 3022
6324 899
6324 899
6324 1631
6325 899
6325 899
6325 899
6325 899
6326 899
6326 899
6326 934
6326 934
6327 2458
6327 899
6327 899
6327 2335
6327 2336
6327 2338
6327 1326
6327 1092
6327 1326
6327 3075
6328 900
6328 900
6328 1744
6328 1790
6328 1905
6328 2991
6328 233
6329 901
6329 901
6329 1220
6329 1429
6329 1436
6329 1593
6329 1657
6329 4869
6329 1428
6330 940
6330 940
6330 1615
6330 901
6330 901
6330 1220
6331 901
6331 901
6331 901
6331 901
6331 1220
6332 901
6332 901
6332 1157
6332 1180
6333 901
6333 901
6333 1470
6333 2301
6334 1715
6334 901
6334 901
6334 1553
6334 1157
6334 1036
6334 1036
6334 2496
6334 1251
6335 901
6335 901
6335 1229
6335 2804
6336 2835
6336 1615
6336 1614
6336 902
6336 902
6336 2066
6336 1037
6336 1037
6337 904
6337 904
6337 2329
6337 1126
6338 904
6338 904
6338 3919
6338 3957
6338 4278
6339 4460
6339 4208
6339 4364
6339 3772
6339 4460
6339 904
6339 904
6339 3083
6339 1936
6339 4389
6339 3658
6339 3610
6339 4465
6339 2738
6340 2458
6340 3013
6340 904
6340 904
6341 3830
6341 904
6341 904
6341 2458
6342 2787
6342 3400
6342 3119
6342 3508
6342 3959
6342 3876
6342 3751
6342 1842
6342 4288
6342 4194
6342 3984
6342 2516
6342 966
6342 966
6342 3426
6342 904
6342 904
6342 2214
6343 2915
6343 3317
6343 2954
6343 3025
6343 4305
6343 904
6343 904
6343 3083
6343 1597
6343 361
6344 2894
6344 1563
6344 904
6344 904
6345 3337
6345 4289
6345 904
6345 904
6345 4017
6346 3192
6346 1919
6346 1614
6346 1842
6346 4207
6346 4218
6346 4426
6346 4308
6346 4304
6346 2029
6346 1936
6346 2935
6346 4297
6346 3149
6346 4447
6346 905
6346 905
6347 1955
6347 3792
6347 905
6347 905
6348 2723
6348 3514
6348 3797
6348 4077
6348 5283
6348 4405
6348 905
6348 905
6349 905
6349 913
6349 905
6349 913
6350 906
6350 906
6350 906
6350 906
6351 906
6351 906
6351 1758
6351 2222
6351 3074
6352 906
6352 906
6352 2161
6352 906
6352 906
6353 906
6353 906
6353 1229
6353 11
6353 6116
6354 906
6354 906
6354 1229
6354 1326
6354 2222
6354 3164
6355 906
6355 906
6355 2100
6355 5378
6356 906
6356 906
6356 1229
6356 5992
6356 159
6356 5248
6356 4155
6357 906
6357 906
6357 1816
6357 2157
6357 1631
6358 1036
6358 1036
6358 2496
6358 2790
6358 906
6358 906
6358 2222
6358 2769
6358 3073
6358 1229
6358 1422
6359 906
6359 906
6359 2157
6359 2428
6359 906
6359 906
6360 906
6360 906
6360 906
6360 906
6360 2222
6361 909
6361 909
6361 908
6361 907
6361 907
6362 907
6362 907
6362 1044
6362 1044
6363 1104
6363 907
6363 907
6363 2521
6364 908
6364 908
6364 2458
6364 3066
6364 2396
6365 2183
6365 2228
6365 910
6365 910
6365 3622
6365 3579
6365 4020
6366 1520
6366 911
6366 911
6366 1554
6366 911
6366 911
6366 4350
6367 912
6367 912
6367 2756
6367 2842
6368 2935
6368 4297
6368 914
6368 913
6368 913
6368 1687
6368 4244
6368 2728
6369 2866
6369 3780
6369 3890
6369 3665
6369 3670
6369 3149
6369 913
6369 913
6369 3015
6369 2376
6370 2627
6370 2614
6370 914
6370 914
6371 1799
6371 2165
6371 914
6371 914
6372 1045
6372 1045
6372 915
6372 915
6373 1193
6373 3393
6373 1410
6373 915
6373 915
6374 916
6374 916
6374 916
6374 916
6375 916
6375 916
6375 916
6375 916
6376 916
6376 916
6376 4367
6376 2118
6376 3621
6376 4108
6376 2438
6377 916
6377 916
6377 3463
6377 2508
6378 916
6378 916
6378 916
6378 916
6379 1036
6379 1036
6379 2496
6379 1938
6379 916
6379 916
6380 1679
6380 1836
6380 1679
6380 1836
6380 1500
6380 1500
6380 2709
6380 1805
6380 2709
6380 916
6380 916
6380 3285
6381 1942
6381 1592
6381 916
6381 916
6382 916
6382 916
6382 5668
6382 4429
6383 916
6383 916
6383 1607
6383 2040
6384 916
6384 916
6384 2713
6384 1500
6385 4723
6385 916
6385 916
6385 2479
6386 916
6386 916
6386 1035
6386 1035
6387 1537
6387 916
6387 916
6387 2649
6387 2650
6388 916
6388 1036
6388 916
6388 1036
6388 2496
6389 916
6389 916
6389 916
6389 916
6390 917
6390 917
6390 1924
6390 5047
6391 918
6391 918
6391 998
6391 998
6392 918
6392 918
6392 3341
6392 1573
6392 3767
6393 3732
6393 3919
6393 918
6393 918
6394 919
6394 919
6394 2023
6394 950
6394 950
6395 919
6395 919
6395 1353
6395 1754
6396 924
6396 924
6396 3597
6396 3756
6396 3798
6396 3464
6396 2543
6397 924
6397 924
6397 3576
6397 3577
6398 924
6398 924
6398 1941
6398 1940
6398 1943
6398 2996
6399 924
6399 924
6399 1941
6399 2181
6399 3984
6399 3282
6399 2935
6399 2606
6399 4479
6399 3649
6400 924
6400 924
6400 1941
6400 2996
6401 924
6401 924
6401 1476
6401 4047
6401 4411
6401 3875
6402 2153
6402 924
6402 924
6402 2251
6402 2996
6402 2914
6402 1639
6402 3934
6402 4419
6402 2543
6403 2569
6403 2660
6403 925
6403 925
6403 1071
6404 926
6404 977
6404 926
6404 977
6404 1077
6405 2929
6405 5338
6405 927
6405 927
6405 3714
6406 927
6406 927
6406 2297
6406 3763
6407 927
6407 927
6407 1583
6407 3838
6408 3494
6408 5542
6408 927
6408 927
6408 1683
6409 1036
6409 1036
6409 2496
6409 927
6409 927
6410 929
6410 929
6410 929
6410 929
6411 929
6411 929
6411 929
6411 929
6412 929
6412 929
6412 929
6412 929
6413 929
6413 929
6413 929
6413 929
6414 929
6414 929
6414 929
6414 929
6415 929
6415 929
6415 929
6415 929
6416 1369
6416 1876
6416 3274
6416 930
6416 930
6416 2297
6417 945
6417 945
6417 1071
6417 2102
6417 5181
6417 930
6417 930
6418 932
6418 932
6418 2560
6418 2565
6419 5058
6419 1866
6419 4390
6419 2877
6419 1523
6419 933
6419 933
6419 2544
6420 1523
6420 933
6420 933
6420 2147
6421 1523
6421 1816
6421 3450
6421 1956
6421 1523
6421 2065
6421 4134
6421 933
6421 933
6421 1321
6422 933
6422 933
6422 1813
6422 5892
6423 933
6423 933
6423 3291
6423 1436
6423 1816
6423 1019
6423 1019
6424 933
6424 933
6424 1816
6424 3451
6425 933
6425 933
6425 1197
6425 2593
6425 3685
6426 933
6426 933
6426 1427
6426 1523
6426 1816
6426 2093
6427 933
6427 933
6427 2653
6427 2454
6428 933
6428 933
6428 2537
6428 1816
6429 934
6429 934
6429 1920
6429 2586
6430 1189
6430 2628
6430 2827
6430 2829
6430 3203
6430 935
6430 935
6430 1462
6430 3306
6430 624
6431 935
6431 935
6431 2629
6431 3928
6432 935
6432 935
6432 3306
6432 3423
6433 3096
6433 3543
6433 935
6433 935
6433 3412
6434 1399
6434 3297
6434 1452
6434 935
6434 935
6435 1092
6435 1744
6435 1368
6435 935
6435 935
6436 936
6436 936
6436 3569
6436 3488
6437 1321
6437 1321
6437 936
6437 936
6437 261
6437 3265
6438 1019
6438 1019
6438 936
6438 936
6439 1886
6439 1408
6439 936
6439 936
6440 3004
6440 5290
6440 936
6440 936
6440 4042
6441 1045
6441 1045
6441 936
6441 936
6442 1036
6442 1036
6442 2496
6442 936
6442 936
6443 939
6443 939
6443 936
6443 936
6444 936
6444 936
6444 1471
6444 2211
6444 2627
6445 936
6445 936
6445 766
6445 1661
6446 936
6446 936
6446 1380
6446 977
6446 977
6447 936
6447 936
6447 1340
6447 1921
6448 936
6448 936
6448 2041
6448 2737
6449 4356
6449 3297
6449 937
6449 937
6450 1721
6450 2377
6450 3578
6450 2462
6450 2550
6450 5037
6450 937
6450 937
6450 1922
6451 2455
6451 937
6451 937
6451 2866
6451 1583
6452 1436
6452 937
6452 937
6452 2849
6452 2676
6452 5995
6453 5300
6453 938
6453 938
6453 1798
6453 2139
6453 1612
6454 1243
6454 1893
6454 939
6454 939
6455 1189
6455 4321
6455 939
6455 939
6455 4320
6456 2198
6456 939
6456 939
6456 5654
6456 1843
6456 1583
6456 2545
6457 939
6457 939
6457 4321
6457 2336
6458 2860
6458 939
6458 939
6458 2843
6459 939
6459 939
6459 1843
6459 1244
6460 939
6460 939
6460 1184
6460 1184
6461 940
6461 940
6461 1095
6461 3643
6461 1095
6462 2335
6462 940
6462 940
6462 2338
6462 3139
6463 940
6463 941
6463 940
6463 941
6464 940
6464 940
6464 1221
6464 1256
6464 4673
6465 383
6465 941
6465 941
6465 745
6465 2719
6466 1370
6466 5203
6466 1368
6466 941
6466 941
6466 4695
6467 941
6467 941
6467 941
6467 941
6467 941
6467 941
6468 941
6468 941
6468 1470
6468 4270
6469 2319
6469 2321
6469 941
6469 941
6470 1659
6470 941
6470 941
6470 5359
6470 6137
6471 2467
6471 5330
6471 941
6471 941
6471 3010
6471 4601
6472 2268
6472 941
6472 941
6472 1092
6472 941
6472 941
6473 942
6473 944
6473 942
6473 944
6473 1325
6474 942
6474 943
6474 944
6474 942
6474 943
6474 944
6475 942
6475 944
6475 945
6475 942
6475 944
6475 945
6475 5161
6476 942
6476 942
6476 944
6476 944
6477 942
6477 942
6477 945
6477 945
6477 4377
6478 942
6478 944
6478 942
6478 944
6479 2198
6479 942
6479 942
6479 5735
6480 942
6480 944
6480 942
6480 944
6480 1038
6480 1038
6480 2167
6480 3727
6480 3668
6480 3668
6480 17
6481 2342
6481 942
6481 942
6481 5186
6481 2322
6481 5292
6481 2643
6481 3131
6482 943
6482 943
6482 3043
6482 2784
6483 1445
6483 943
6483 943
6483 945
6483 945
6483 945
6483 945
6483 945
6483 945
6483 2857
6484 945
6484 945
6484 943
6484 943
6484 2216
6484 3004
6485 945
6485 945
6485 945
6485 945
6485 945
6485 945
6485 944
6485 944
6485 1480
6486 944
6486 945
6486 944
6486 945
6487 944
6487 945
6487 944
6487 945
6487 4377
6488 1325
6488 1480
6488 944
6488 944
6488 1852
6488 1587
6488 1921
6488 4365
6488 1410
6488 1795
6489 945
6489 945
6489 4377
6489 944
6489 944
6489 1325
6490 944
6490 945
6490 944
6490 945
6491 944
6491 945
6491 944
6491 945
6491 4377
6491 5347
6492 944
6492 945
6492 944
6492 945
6492 945
6492 945
6493 945
6493 945
6493 4377
6493 945
6493 945
6493 4737
6493 945
6493 945
6493 1480
6494 1340
6494 945
6494 945
6494 4377
6495 945
6495 945
6495 4268
6495 4377
6496 4257
6496 945
6496 945
6496 3941
6497 945
6497 945
6497 2857
6497 4263
6497 4377
6498 945
6498 945
6498 4377
6498 5986
6499 4010
6499 945
6499 945
6499 4377
6499 3203
6499 146
6500 945
6500 945
6500 4377
6501 945
6501 945
6501 2857
6501 4377
6502 947
6502 947
6502 945
6502 945
6502 4377
6503 2854
6503 945
6503 945
6503 4377
6504 3858
6504 945
6504 945
6504 2365
6504 4257
6504 4377
6504 4268
6505 945
6505 945
6505 2132
6505 2631
6506 945
6506 945
6506 143
6506 144
6507 945
6507 945
6507 4239
6508 945
6508 945
6508 2032
6508 5512
6509 945
6509 945
6509 945
6509 945
6509 4377
6510 945
6510 945
6510 945
6510 945
6510 4085
6511 945
6511 945
6511 945
6511 945
6511 2858
6512 2157
6512 945
6512 945
6512 4377
6513 945
6513 945
6513 2378
6513 2857
6513 4377
6513 3822
6514 945
6514 945
6514 5956
6514 3822
6515 945
6515 945
6515 2857
6515 2858
6516 945
6516 945
6516 945
6516 945
6516 2857
6516 5088
6517 5063
6517 1831
6517 945
6517 945
6517 4377
6517 3941
6518 945
6518 945
6518 4377
6518 3371
6518 2783
6519 1148
6519 945
6519 945
6519 4377
6519 5697
6519 2851
6520 3364
6520 945
6520 945
6520 1919
6520 5244
6521 945
6521 945
6521 945
6521 945
6521 4377
6521 4377
6522 945
6522 945
6522 2633
6522 1541
6523 945
6523 945
6523 2611
6523 3297
6524 945
6524 945
6524 2378
6524 4377
6525 945
6525 945
6525 945
6525 945
6526 945
6526 945
6526 945
6526 945
6526 1480
6526 4377
6526 1152
6526 1153
6526 4886
6527 945
6527 945
6527 1480
6527 2476
6527 2816
6527 4377
6527 945
6527 945
6527 4377
6528 1500
6528 2709
6528 945
6528 945
6528 4377
6528 1500
6529 945
6529 945
6529 945
6529 945
6529 4377
6530 945
6530 945
6530 2889
6530 3403
6530 3412
6530 4377
6531 945
6531 945
6531 945
6531 945
6531 4377
6532 945
6532 945
6532 945
6532 945
6532 3004
6532 2207
6533 945
6533 945
6533 1325
6533 2583
6533 3084
6534 945
6534 945
6534 4377
6534 5373
6535 945
6535 945
6535 4377
6535 5521
6536 2220
6536 2583
6536 2760
6536 5411
6536 945
6536 945
6536 2216
6537 945
6537 945
6537 3969
6538 945
6538 945
6538 4377
6538 1679
6538 1836
6539 1480
6539 945
6539 945
6539 4377
6540 945
6540 945
6540 4377
6540 2216
6540 6121
6541 945
6541 945
6541 4377
6541 2651
6541 1107
6541 1473
6541 2010
6541 2521
6541 2577
6541 2144
6542 1661
6542 945
6542 945
6542 4377
6542 4157
6542 3190
6543 945
6543 945
6543 2858
6543 4377
6544 1108
6544 5480
6544 945
6544 945
6544 4377
6545 945
6545 945
6545 945
6545 945
6545 4377
6546 945
6546 945
6546 4377
6547 945
6547 945
6547 2854
6547 2348
6547 5729
6548 945
6548 945
6548 945
6548 945
6548 4377
6549 945
6549 945
6549 4377
6549 3104
6550 1541
6550 1480
6550 945
6550 945
6550 945
6550 945
6550 1480
6550 945
6550 945
6550 945
6550 945
6550 945
6550 945
6550 945
6550 945
6551 945
6551 945
6551 945
6551 945
6551 4377
6552 945
6552 945
6552 4377
6552 3488
6553 945
6553 945
6553 1541
6553 4377
6554 945
6554 945
6554 1480
6554 4377
6555 945
6555 945
6555 4377
6555 1946
6555 4264
6556 1480
6556 945
6556 945
6556 945
6556 945
6556 4377
6557 945
6557 945
6557 2378
6557 4377
6558 5067
6558 945
6558 945
6558 4377
6558 2378
6558 1920
6558 4089
6558 5895
6558 1362
6558 4904
6559 945
6559 945
6559 1209
6559 4377
6560 945
6560 945
6560 4377
6560 1281
6561 945
6561 945
6561 4377
6561 1161
6562 945
6562 945
6562 4377
6562 1334
6563 945
6563 945
6563 945
6563 945
6564 2324
6564 945
6564 945
6564 1679
6564 1836
6564 1500
6565 945
6565 945
6565 1267
6565 4377
6565 4842
6566 945
6566 945
6566 4377
6566 945
6566 945
6566 4377
6566 3942
6567 2017
6567 945
6567 945
6567 4377
6567 1647
6568 945
6568 945
6568 945
6568 945
6568 4377
6569 945
6569 945
6569 4377
6569 3106
6570 945
6570 945
6570 1390
6570 2202
6570 2823
6570 1522
6571 945
6571 945
6571 945
6571 945
6572 945
6572 945
6572 4377
6572 2903
6573 945
6573 945
6573 945
6573 945
6573 4377
6574 945
6574 945
6574 2309
6574 3851
6575 947
6575 947
6575 1351
6575 949
6575 949
6576 946
6576 946
6576 963
6576 963
6577 1045
6577 1045
6577 3160
6577 3070
6577 3071
6577 947
6577 947
6577 595
6577 961
6577 953
6577 1353
6578 952
6578 952
6578 947
6578 947
6579 1857
6579 1920
6579 947
6579 1019
6579 947
6579 1019
6579 896
6580 2065
6580 2102
6580 947
6580 1019
6580 947
6580 1019
6580 1565
6581 947
6581 957
6581 1019
6581 947
6581 957
6581 1019
6582 1037
6582 1037
6582 947
6582 947
6582 951
6583 5973
6583 947
6583 1019
6583 947
6583 1019
6583 1165
6584 947
6584 1006
6584 1019
6584 947
6584 1006
6584 1019
6585 947
6585 964
6585 947
6585 964
6586 951
6586 951
6586 947
6586 947
6587 947
6587 959
6587 1006
6587 947
6587 959
6587 1006
6587 1351
6587 2707
6588 947
6588 963
6588 947
6588 963
6589 947
6589 947
6589 2701
6589 3684
6589 5834
6589 1000
6589 1025
6589 1000
6589 1025
6589 2958
6589 1003
6590 947
6590 947
6590 1920
6590 5148
6590 1876
6591 947
6591 947
6591 1025
6591 1025
6591 1139
6591 4643
6592 947
6592 1000
6592 1012
6592 947
6592 1000
6592 1012
6592 1672
6593 947
6593 947
6593 1748
6593 5790
6594 1092
6594 947
6594 947
6594 1223
6595 949
6595 949
6595 1352
6595 4711
6596 3987
6596 1006
6596 1006
6596 951
6596 1019
6596 951
6596 1019
6596 2198
6596 2392
6596 3981
6596 1470
6596 3474
6596 952
6597 951
6597 1012
6597 1019
6597 951
6597 1012
6597 1019
6598 951
6598 1045
6598 951
6598 1045
6599 5348
6599 952
6599 952
6599 4319
6600 952
6600 1019
6600 952
6600 1019
6601 952
6601 964
6601 952
6601 964
6602 952
6602 950
6602 952
6602 950
6603 954
6603 954
6603 2776
6603 2931
6604 952
6604 963
6604 952
6604 963
6605 2865
6605 952
6605 952
6605 1672
6605 2223
6606 952
6606 1006
6606 952
6606 1006
6607 950
6607 1019
6607 950
6607 1019
6608 2309
6608 950
6608 950
6608 1008
6609 952
6609 957
6609 952
6609 957
6609 1019
6609 1019
6609 1433
6609 1355
6609 3332
6609 3416
6609 5474
6610 952
6610 957
6610 952
6610 957
6611 1006
6611 1006
6611 952
6611 952
6612 953
6612 953
6612 1045
6612 1045
6613 5084
6613 2068
6613 951
6613 951
6614 951
6614 1004
6614 951
6614 1004
6615 952
6615 952
6615 2863
6615 2041
6615 2737
6616 952
6616 1004
6616 1019
6616 952
6616 1004
6616 1019
6617 950
6617 960
6617 950
6617 960
6618 3754
6618 952
6618 957
6618 959
6618 1006
6618 952
6618 957
6618 959
6618 1006
6618 4708
6619 953
6619 1002
6619 1045
6619 953
6619 1002
6619 1045
6620 4629
6620 1363
6620 2282
6620 951
6620 951
6621 952
6621 1023
6621 952
6621 1023
6622 952
6622 952
6622 1197
6622 1527
6623 2610
6623 595
6623 950
6623 950
6624 950
6624 1019
6624 950
6624 1019
6625 950
6625 996
6625 950
6625 996
6626 1006
6626 1006
6626 3091
6626 950
6626 950
6626 1353
6627 950
6627 1006
6627 950
6627 1006
6628 1006
6628 1006
6628 950
6628 950
6629 950
6629 1019
6629 950
6629 1019
6630 1071
6630 3052
6630 950
6630 963
6630 1045
6630 950
6630 963
6630 1045
6631 951
6631 951
6631 1904
6631 5619
6631 1492
6631 1010
6631 6117
6632 951
6632 964
6632 951
6632 964
6632 1480
6633 951
6633 1045
6633 951
6633 1045
6634 952
6634 1045
6634 952
6634 1045
6635 950
6635 1045
6635 950
6635 1045
6636 952
6636 1003
6636 952
6636 1003
6637 951
6637 958
6637 951
6637 958
6637 1679
6637 1754
6637 1836
6637 952
6637 952
6638 950
6638 1045
6638 950
6638 1045
6638 1341
6639 1463
6639 1456
6639 951
6639 958
6639 964
6639 951
6639 958
6639 964
6639 1672
6639 4708
6639 4044
6639 6131
6640 4938
6640 1969
6640 951
6640 951
6640 2378
6641 951
6641 958
6641 951
6641 958
6641 3038
6642 967
6642 967
6642 957
6642 957
6642 4238
6643 950
6643 1004
6643 950
6643 1004
6644 963
6644 963
6644 950
6644 950
6644 3543
6644 5752
6645 1045
6645 1045
6645 950
6645 950
6645 1724
6646 950
6646 950
6646 1004
6646 1004
6647 950
6647 1021
6647 950
6647 1021
6648 1002
6648 1002
6648 950
6648 950
6649 952
6649 1006
6649 952
6649 1006
6649 2889
6650 1025
6650 1025
6650 1353
6650 956
6650 956
6651 4997
6651 5063
6651 956
6651 956
6652 951
6652 1045
6652 951
6652 1045
6653 957
6653 957
6653 933
6653 2849
6654 1045
6654 1045
6654 952
6654 952
6655 1149
6655 956
6655 956
6655 2007
6655 2563
6655 221
6655 3281
6655 1019
6655 1019
6656 956
6656 956
6656 3985
6656 5982
6657 956
6657 956
6657 1019
6657 1019
6658 951
6658 959
6658 951
6658 959
6658 1023
6658 1023
6659 951
6659 952
6659 951
6659 952
6660 1989
6660 1990
6660 956
6660 956
6661 1876
6661 957
6661 957
6661 3436
6661 1257
6662 1708
6662 3363
6662 2709
6662 957
6662 957
6662 4246
6663 957
6663 957
6663 4714
6663 3865
6664 1012
6664 1025
6664 1012
6664 1025
6664 956
6664 956
6665 956
6665 1019
6665 956
6665 1019
6666 959
6666 959
6666 1165
6666 957
6666 957
6667 1103
6667 5227
6667 5648
6667 1017
6667 1017
6667 957
6667 957
6667 4533
6667 1103
6668 952
6668 952
6668 1003
6668 1003
6668 1353
6668 2931
6669 1045
6669 1045
6669 957
6669 1017
6669 957
6669 1017
6669 959
6669 1005
6669 1023
6669 959
6669 1005
6669 1023
6669 998
6670 957
6670 1019
6670 957
6670 1019
6671 1679
6671 1836
6671 1500
6671 957
6671 957
6672 957
6672 1045
6672 957
6672 1045
6672 3381
6673 956
6673 956
6673 4909
6674 956
6674 956
6674 1785
6674 2394
6675 959
6675 1006
6675 959
6675 1006
6675 2227
6676 4069
6676 4149
6676 958
6676 958
6676 3875
6676 3055
6676 1493
6676 3266
6676 4291
6676 4479
6677 3504
6677 3124
6677 1045
6677 1045
6677 4208
6677 958
6677 958
6678 1082
6678 3681
6678 2289
6678 3976
6678 3751
6678 4241
6678 4460
6678 958
6678 958
6679 2427
6679 3313
6679 3691
6679 4288
6679 4163
6679 958
6679 958
6680 963
6680 997
6680 963
6680 997
6680 958
6680 958
6680 1019
6680 1019
6681 3721
6681 4154
6681 3980
6681 958
6681 958
6681 4282
6681 4124
6682 3393
6682 3522
6682 2882
6682 4083
6682 2980
6682 4054
6682 3751
6682 4077
6682 2684
6682 958
6682 958
6683 2787
6683 3192
6683 1098
6683 1857
6683 958
6683 958
6684 959
6684 1002
6684 959
6684 1002
6685 959
6685 959
6685 2776
6685 2931
6686 961
6686 963
6686 961
6686 963
6687 961
6687 963
6687 961
6687 963
6688 1827
6688 1414
6688 3542
6688 955
6688 959
6688 959
6689 960
6689 960
6689 2198
6689 1023
6690 960
6690 960
6690 4202
6690 4202
6690 3823
6690 4321
6690 968
6690 968
6691 962
6691 962
6691 966
6691 966
6691 1165
6692 4972
6692 958
6692 958
6692 2722
6692 3073
6692 4005
6693 958
6693 1019
6693 958
6693 1019
6693 1754
6694 959
6694 959
6694 1165
6694 1008
6694 1008
6694 134
6695 959
6695 959
6695 1012
6695 1012
6696 959
6696 959
6696 1189
6696 1366
6696 356
6696 828
6697 958
6697 1045
6697 958
6697 1045
6698 959
6698 959
6698 1715
6698 2458
6699 1019
6699 1019
6699 963
6699 963
6699 3995
6700 1025
6700 1025
6700 1165
6700 964
6700 964
6700 1672
6700 2239
6701 964
6701 1045
6701 964
6701 1045
6701 1353
6701 1754
6702 963
6702 963
6702 1019
6702 1019
6703 963
6703 1014
6703 963
6703 1014
6704 963
6704 1045
6704 963
6704 1045
6705 3392
6705 963
6705 1035
6705 963
6705 1035
6705 2505
6705 2735
6706 963
6706 1045
6706 963
6706 1045
6707 963
6707 1045
6707 963
6707 1045
6708 963
6708 1022
6708 963
6708 1022
6709 964
6709 964
6709 1012
6709 1012
6710 964
6710 1012
6710 964
6710 1012
6711 1266
6711 3782
6711 3315
6711 2289
6711 3126
6711 2516
6711 3998
6711 966
6711 966
6711 2936
6711 1493
6711 3273
6711 1376
6712 3309
6712 3481
6712 3691
6712 3571
6712 1937
6712 2037
6712 4103
6712 4218
6712 4442
6712 966
6712 966
6712 3184
6712 3179
6713 2058
6713 2880
6713 3451
6713 966
6713 966
6714 2614
6714 966
6714 966
6714 4228
6714 4384
6714 245
6715 1544
6715 1445
6715 3203
6715 2883
6715 2557
6715 3326
6715 3685
6715 966
6715 966
6715 3427
6715 2543
6716 3455
6716 3451
6716 3012
6716 966
6716 966
6716 2807
6717 2557
6717 3067
6717 966
6717 966
6717 3083
6717 1687
6717 3449
6718 1004
6718 1004
6718 967
6718 967
6718 3176
6719 897
6719 2776
6719 967
6719 967
6720 968
6720 968
6720 1022
6720 1019
6720 1022
6720 1019
6721 1517
6721 1852
6721 968
6721 968
6721 2336
6722 969
6722 969
6722 4296
6722 4383
6722 3618
6722 3682
6723 969
6723 969
6723 1095
6723 2228
6723 2701
6724 969
6724 969
6724 3621
6724 2845
6724 3972
6724 4015
6724 2202
6724 4006
6724 4432
6725 2630
6725 969
6725 969
6725 3630
6726 969
6726 969
6726 2202
6726 2075
6726 2611
6727 969
6727 969
6727 2510
6727 4731
6728 970
6728 970
6728 1135
6728 1961
6729 1795
6729 971
6729 971
6729 690
6729 889
6730 971
6730 971
6730 1509
6730 1769
6731 971
6731 971
6731 1781
6731 2946
6732 971
6732 971
6732 1509
6732 1781
6733 1250
6733 971
6733 971
6733 1250
6734 971
6734 971
6734 1418
6734 1418
6735 973
6735 973
6735 973
6735 973
6736 973
6736 973
6736 1326
6736 1326
6737 2809
6737 973
6737 973
6737 1326
6738 1149
6738 2931
6738 973
6738 973
6738 1326
6738 2481
6738 2805
6738 3191
6738 3818
6738 2058
6738 2467
6738 5762
6738 3176
6738 3711
6739 1326
6739 3350
6739 973
6739 973
6740 2903
6740 973
6740 973
6740 2577
6741 976
6741 976
6741 974
6741 974
6742 974
6742 976
6742 974
6742 976
6743 974
6743 976
6743 978
6743 974
6743 976
6743 978
6743 709
6743 926
6744 973
6744 973
6744 1326
6744 3014
6744 1326
6744 4221
6745 976
6745 976
6745 974
6745 974
6746 974
6746 976
6746 978
6746 974
6746 976
6746 978
6747 974
6747 978
6747 974
6747 978
6748 974
6748 976
6748 974
6748 976
6749 974
6749 976
6749 974
6749 976
6750 974
6750 974
6750 976
6750 976
6751 974
6751 976
6751 978
6751 974
6751 976
6751 978
6752 4919
6752 3006
6752 975
6752 975
6753 975
6753 975
6753 1036
6753 1036
6753 2496
6754 3176
6754 975
6754 975
6754 1523
6754 1956
6754 3014
6755 3006
6755 975
6755 975
6755 3500
6756 3006
6756 975
6756 975
6756 3759
6757 976
6757 978
6757 976
6757 978
6758 976
6758 976
6758 978
6758 978
6759 976
6759 978
6759 976
6759 978
6760 976
6760 976
6760 1032
6760 1032
6761 976
6761 976
6761 3435
6761 3411
6762 976
6762 978
6762 976
6762 978
6763 977
6763 977
6763 1077
6763 4916
6764 978
6764 978
6764 978
6764 978
6765 1436
6765 979
6765 979
6765 3065
6765 3397
6765 3406
6765 3257
6765 4355
6765 3067
6765 3669
6766 2051
6766 980
6766 980
6766 1585
6766 1685
6767 1321
6767 980
6767 980
6767 2600
6767 5126
6768 980
6768 980
6768 1736
6768 3014
6769 1538
6769 2100
6769 981
6769 981
6770 983
6770 983
6770 2832
6770 3004
6770 3297
6771 983
6771 983
6771 1802
6771 2344
6771 3014
6771 3298
6772 1651
6772 983
6772 983
6772 1593
6773 984
6773 985
6773 984
6773 985
6774 1115
6774 984
6774 984
6774 1116
6775 2478
6775 984
6775 984
6775 1045
6775 1045
6776 2651
6776 985
6776 985
6776 3750
6777 1367
6777 985
6777 985
6777 3656
6778 1515
6778 985
6778 985
6778 1583
6779 985
6779 985
6779 2177
6779 3542
6780 1389
6780 1531
6780 985
6780 985
6781 1679
6781 1836
6781 986
6781 986
6782 986
6782 986
6782 2589
6782 2295
6783 1679
6783 1679
6783 1836
6783 1836
6783 2260
6783 1679
6783 1836
6783 3225
6783 986
6783 986
6783 1679
6783 1836
6783 3764
6783 2734
6783 4956
6784 2459
6784 987
6784 987
6784 1679
6784 1836
6784 3900
6784 3909
6785 987
6785 987
6785 1679
6785 1836
6785 2459
6785 1805
6785 5371
6785 3684
6786 1197
6786 987
6786 987
6786 2322
6786 2635
6787 987
6787 987
6787 3900
6787 5179
6788 987
6788 987
6788 1510
6788 1660
6788 3932
6789 988
6789 988
6789 1133
6789 2585
6789 4858
6790 1393
6790 5165
6790 988
6790 988
6790 2572
6791 988
6791 988
6791 2536
6791 2722
6791 5340
6792 988
6792 988
6792 1392
6792 1393
6792 1892
6792 581
6792 4822
6793 990
6793 990
6793 4868
6793 1940
6793 2996
6793 3792
6793 3695
6793 4240
6793 4376
6793 4466
6794 990
6794 992
6794 990
6794 992
6794 227
6795 6112
6795 990
6795 990
6795 810
6796 990
6796 992
6796 990
6796 992
6797 990
6797 991
6797 990
6797 991
6797 224
6798 991
6798 991
6798 4864
6799 990
6799 992
6799 990
6799 992
6800 990
6800 992
6800 990
6800 992
6800 222
6801 992
6801 992
6801 2279
6801 842
6802 1615
6802 4069
6802 994
6802 994
6802 4111
6803 1156
6803 3400
6803 1210
6803 3398
6803 3876
6803 2215
6803 1841
6803 4149
6803 3025
6803 994
6803 994
6803 2641
6803 3151
6803 4277
6803 2997
6803 4348
6804 1794
6804 4448
6804 994
6804 994
6804 2641
6804 2486
6804 3149
6804 3083
6804 2165
6804 3266
6805 1955
6805 1614
6805 1210
6805 3725
6805 4014
6805 3681
6805 3291
6805 4117
6805 4236
6805 4442
6805 3227
6805 994
6805 994
6806 1098
6806 3126
6806 1841
6806 3664
6806 4266
6806 4307
6806 994
6806 994
6806 3083
6807 1257
6807 1210
6807 4936
6807 3301
6807 995
6807 995
6807 3837
6807 4437
6807 4419
6807 4361
6807 3471
6808 996
6808 996
6808 1045
6808 1045
6809 997
6809 1019
6809 997
6809 1019
6810 997
6810 1000
6810 997
6810 1000
6810 4711
6811 1646
6811 1642
6811 999
6811 999
6811 3007
6812 1019
6812 1019
6812 1001
6812 1001
6813 1001
6813 1001
6813 1764
6813 1821
6813 1148
6813 1500
6814 1002
6814 1002
6814 1436
6814 2228
6815 1002
6815 1019
6815 1002
6815 1019
6816 1002
6816 1005
6816 1019
6816 1002
6816 1005
6816 1019
6817 1002
6817 1019
6817 1002
6817 1019
6818 1003
6818 1003
6818 1025
6818 1025
6818 956
6819 1005
6819 1005
6819 1863
6819 1181
6819 3265
6820 4161
6820 1005
6820 1005
6820 6091
6820 2543
6820 4247
6821 3978
6821 1004
6821 1004
6821 955
6821 6081
6822 1006
6822 1004
6822 1006
6822 1004
6823 1004
6823 1004
6823 4709
6823 1011
6824 1203
6824 2165
6824 1005
6824 1005
6824 1637
6824 2533
6824 1540
6825 3993
6825 1401
6825 4148
6825 4460
6825 3293
6825 3294
6825 1005
6825 1005
6825 1865
6825 4133
6825 2641
6825 2938
6825 3921
6825 1298
6826 1006
6826 1019
6826 1006
6826 1019
6826 3164
6827 1583
6827 1004
6827 1004
6827 2125
6828 1006
6828 1006
6828 954
6828 4715
6829 1006
6829 1006
6829 4151
6829 4016
6830 1004
6830 1019
6830 1004
6830 1019
6831 4572
6831 1503
6831 1004
6831 1004
6831 3157
6831 3362
6831 1938
6831 1640
6832 1006
6832 1006
6832 3357
6832 3747
6833 1006
6833 1045
6833 1006
6833 1045
6834 1004
6834 1004
6834 4321
6834 4433
6835 2245
6835 1004
6835 1004
6835 1010
6836 1004
6836 1014
6836 1004
6836 1014
6837 1004
6837 1037
6837 1004
6837 1037
6837 3739
6837 1189
6837 4321
6838 1004
6838 1004
6838 1010
6838 1010
6839 1004
6839 1024
6839 1004
6839 1024
6840 1045
6840 1045
6840 1004
6840 1004
6841 1004
6841 1024
6841 1004
6841 1024
6842 1004
6842 1045
6842 1004
6842 1045
6843 2322
6843 1004
6843 1004
6843 1445
6843 3191
6844 1008
6844 1023
6844 1025
6844 1008
6844 1023
6844 1025
6844 1351
6844 3680
6845 1008
6845 1045
6845 1008
6845 1045
6845 2891
6846 3454
6846 1045
6846 1045
6846 1008
6846 1008
6847 1009
6847 1045
6847 1009
6847 1045
6848 1009
6848 1045
6848 1009
6848 1045
6849 2322
6849 1045
6849 1045
6849 1009
6849 1009
6849 4101
6850 1045
6850 1045
6850 1009
6850 1009
6850 1013
6850 1013
6851 843
6851 1011
6851 1011
6851 3451
6851 643
6851 2426
6852 1011
6852 1011
6852 1045
6852 1045
6853 1011
6853 1011
6853 2739
6853 1118
6854 1009
6854 1045
6854 1009
6854 1045
6855 1009
6855 1009
6855 1092
6855 3622
6855 1904
6855 2521
6855 4328
6856 1012
6856 1012
6856 1352
6856 1351
6857 1012
6857 1025
6857 1012
6857 1025
6857 1284
6857 1417
6858 1012
6858 1012
6858 2307
6858 1297
6858 2170
6858 3469
6858 438
6859 1016
6859 1016
6859 1754
6859 3865
6860 1018
6860 1018
6860 1045
6860 1045
6860 2322
6860 1831
6860 3863
6860 4004
6860 4136
6860 3826
6861 3386
6861 6040
6861 1019
6861 1019
6862 1448
6862 3697
6862 3735
6862 1019
6862 1019
6863 1019
6863 1019
6863 597
6863 1353
6864 1471
6864 2365
6864 1019
6864 1019
6865 1019
6865 1045
6865 1019
6865 1045
6866 4267
6866 4255
6866 2474
6866 1019
6866 1019
6867 1022
6867 1045
6867 1022
6867 1045
6867 1008
6868 1022
6868 1019
6868 1045
6868 1022
6868 1019
6868 1045
6868 595
6869 1344
6869 1022
6869 1022
6869 4004
6869 4758
6870 1019
6870 1019
6870 4319
6871 1023
6871 1019
6871 1023
6871 1019
6872 3139
6872 1025
6872 1025
6873 1657
6873 1583
6873 1025
6873 1025
6874 1026
6874 1026
6874 759
6874 1575
6875 2986
6875 4492
6875 3513
6875 1026
6875 1026
6875 3155
6876 1019
6876 1019
6876 1025
6876 1025
6877 1025
6877 1025
6877 2865
6877 3232
6878 1045
6878 1045
6878 1019
6878 1019
6879 1019
6879 1045
6879 1019
6879 1045
6880 1092
6880 4295
6880 1019
6880 1019
6881 3843
6881 1583
6881 1019
6881 1019
6881 2322
6882 1679
6882 1836
6882 1028
6882 1028
6882 1679
6882 1836
6882 1679
6882 1836
6882 2162
6883 1045
6883 1045
6883 1019
6883 1019
6884 1019
6884 1045
6884 1019
6884 1045
6885 1019
6885 1019
6885 3677
6885 950
6885 1364
6885 3202
6886 1727
6886 5050
6886 5288
6886 1028
6886 1028
6886 2015
6887 1666
6887 2865
6887 1028
6887 1028
6888 3454
6888 1028
6888 1028
6888 3169
6889 1019
6889 1045
6889 1019
6889 1045
6890 2833
6890 3867
6890 1340
6890 5505
6890 1019
6890 1019
6890 837
6891 2348
6891 2538
6891 1029
6891 1029
6892 1028
6892 1028
6892 2182
6893 3155
6893 2746
6893 3290
6893 3466
6893 4218
6893 2933
6893 1028
6893 1028
6893 4422
6893 4420
6893 1493
6894 1028
6894 1028
6894 2442
6894 5238
6895 1028
6895 1028
6895 3215
6895 3217
6896 2967
6896 1019
6896 1045
6896 1019
6896 1045
6897 1410
6897 1661
6897 1019
6897 1019
6898 1019
6898 1045
6898 1019
6898 1045
6899 1028
6899 1028
6899 3215
6900 1028
6900 1028
6900 1028
6900 1028
6900 1104
6901 1028
6901 1028
6901 1028
6901 1028
6902 1028
6902 1028
6902 1102
6903 1028
6903 1028
6903 2442
6903 3100
6904 2709
6904 2714
6904 2821
6904 4974
6904 1028
6904 1028
6904 3217
6905 1028
6905 1028
6905 1028
6905 1028
6905 4087
6906 1028
6906 1028
6906 1028
6906 1028
6907 1019
6907 1045
6907 1019
6907 1045
6908 1028
6908 1028
6908 4489
6908 1523
6909 1028
6909 1028
6909 1886
6909 2442
6909 2503
6909 3217
6910 1028
6910 1028
6910 1028
6910 1028
6911 1028
6911 1028
6911 1028
6911 1028
6911 1028
6911 1028
6912 2463
6912 5262
6912 1028
6912 1028
6912 1441
6912 1444
6912 4408
6912 6136
6913 5239
6913 5250
6913 5268
6913 1028
6913 1028
6913 4574
6914 1028
6914 1028
6914 1092
6914 1840
6914 3617
6914 1852
6914 2202
6915 1028
6915 1028
6915 1028
6915 1028
6915 2442
6916 1019
6916 1019
6916 3949
6916 3953
6916 4140
6916 3955
6916 4364
6917 1019
6917 1045
6917 1019
6917 1045
6918 1045
6918 1045
6918 1019
6918 1019
6919 1019
6919 1045
6919 1019
6919 1045
6920 1019
6920 1045
6920 1019
6920 1045
6921 1579
6921 1019
6921 1019
6921 2198
6921 2198
6922 1071
6922 1924
6922 4004
6922 4004
6922 4004
6922 4004
6922 1019
6922 1019
6923 1019
6923 1045
6923 1019
6923 1045
6924 1019
6924 1045
6924 1019
6924 1045
6925 1019
6925 1019
6925 1184
6925 1852
6925 3863
6926 1019
6926 1019
6926 1045
6926 1045
6927 1019
6927 1045
6927 1019
6927 1045
6928 1019
6928 1019
6928 4295
6928 1565
6929 1019
6929 1019
6929 2982
6929 3978
6929 3524
6929 2543
6929 3386
6929 4348
6929 4347
6929 4247
6929 4346
6929 3675
6930 1045
6930 1045
6930 1019
6930 1019
6931 1019
6931 1019
6931 2198
6931 1436
6931 2809
6931 2571
6932 4859
6932 1019
6932 1045
6932 1019
6932 1045
6933 1035
6933 1035
6933 1019
6933 1019
6934 1019
6934 1045
6934 1019
6934 1045
6935 2699
6935 2700
6935 1019
6935 1019
6936 1019
6936 1019
6936 3773
6936 3837
6937 1019
6937 1019
6937 3426
6937 1149
6938 1019
6938 1045
6938 1019
6938 1045
6939 1045
6939 1045
6939 1019
6939 1019
6940 1019
6940 1019
6940 4340
6940 2657
6941 1019
6941 1019
6941 3569
6941 3666
6942 3454
6942 3203
6942 1019
6942 1019
6943 1019
6943 1019
6943 1045
6943 1045
6944 340
6944 1030
6944 1030
6944 4555
6945 1031
6945 1033
6945 1031
6945 1033
6945 1521
6946 1019
6946 1045
6946 1019
6946 1045
6946 3940
6947 2323
6947 1035
6947 1035
6947 1019
6947 1019
6948 1019
6948 1045
6948 1019
6948 1045
6949 1019
6949 1045
6949 1019
6949 1045
6950 1045
6950 1045
6950 1019
6950 1019
6950 4004
6951 3197
6951 1019
6951 1019
6951 3265
6952 1045
6952 1045
6952 1019
6952 1019
6953 1259
6953 1036
6953 1036
6953 2496
6953 1019
6953 1019
6954 1019
6954 1045
6954 1019
6954 1045
6955 1032
6955 1033
6955 1032
6955 1033
6956 1019
6956 1019
6956 4706
6956 5971
6956 3101
6957 1019
6957 1019
6957 2564
6957 1328
6957 1431
6958 1032
6958 1032
6958 1033
6958 1738
6959 1032
6959 1032
6959 1032
6959 1032
6960 5710
6960 3579
6960 3579
6960 1680
6960 1032
6960 1032
6961 1032
6961 1032
6961 3861
6961 5785
6962 1032
6962 1032
6962 1032
6962 1032
6962 2348
6963 1032
6963 1032
6963 1984
6963 1988
6964 1032
6964 1032
6964 1807
6964 2254
6965 1033
6965 1032
6965 1033
6965 1032
6965 1032
6965 1032
6966 1032
6966 1032
6966 1033
6966 1033
6966 2254
6967 1033
6967 1032
6967 1033
6967 1032
6968 2206
6968 3127
6968 1649
6968 2889
6968 1032
6968 1032
6968 3951
6968 3954
6969 1033
6969 1032
6969 1033
6969 1032
6970 1033
6970 1033
6970 3265
6970 1695
6971 1033
6971 1032
6971 1033
6971 1032
6972 1725
6972 1032
6972 1032
6972 1725
6973 1033
6973 1033
6973 1033
6973 1033
6974 1033
6974 1032
6974 1033
6974 1032
6975 1033
6975 1033
6975 2615
6975 4291
6976 1034
6976 1034
6976 1033
6976 1033
6976 2938
6977 1033
6977 1032
6977 1033
6977 1032
6978 1032
6978 1032
6978 1304
6978 2604
6978 3431
6978 1033
6978 4026
6979 1820
6979 1019
6979 1019
6979 1831
6980 1032
6980 1032
6980 1566
6980 2407
6981 1032
6981 1032
6981 1032
6981 1032
6982 1699
6982 1343
6982 1019
6982 1019
6983 1032
6983 1032
6983 1245
6983 1061
6984 1032
6984 1032
6984 1521
6984 1521
6984 3036
6985 1032
6985 1032
6985 1032
6985 1032
6986 1034
6986 1034
6986 1337
6986 1984
6986 2777
6986 4449
6987 1606
6987 1725
6987 1032
6987 1032
6988 1032
6988 1032
6988 2482
6988 1807
6989 1034
6989 1034
6989 1521
6990 1034
6990 1034
6990 1889
6990 2062
6990 4145
6990 5167
6990 5399
6991 1019
6991 1019
6991 3397
6991 895
6992 1032
6992 1032
6992 1032
6992 1032
6993 1725
6993 1032
6993 1032
6993 2254
6994 1019
6994 1019
6994 2656
6994 3235
6995 1019
6995 1045
6995 1019
6995 1045
6996 1045
6996 1045
6996 1019
6996 1019
6997 1019
6997 1045
6997 1019
6997 1045
6997 1904
6998 1037
6998 1037
6998 1019
6998 1019
6999 3542
6999 1019
6999 1019
6999 4321
7000 2125
7000 1019
7000 1045
7000 1019
7000 1045
7001 1019
7001 1045
7001 1019
7001 1045
7002 1019
7002 1045
7002 1019
7002 1045
7003 2420
7003 1384
7003 1019
7003 1019
7003 4096
7004 1019
7004 1019
7004 1370
7004 2762
7004 3435
7005 4714
7005 1019
7005 1019
7005 948
7006 2367
7006 3177
7006 1019
7006 1019
7006 3159
7006 3171
7007 1019
7007 1019
7007 1954
7007 3454
7008 1019
7008 1019
7008 2585
7008 4358
7009 1019
7009 1045
7009 1019
7009 1045
7010 1642
7010 5287
7010 1019
7010 1019
7010 955
7010 5429
7010 2943
7010 4181
7010 3125
7011 1344
7011 1019
7011 1019
7011 1340
7012 1019
7012 1045
7012 1019
7012 1045
7012 1399
7013 2801
7013 2507
7013 1019
7013 1019
7014 1019
7014 1045
7014 1019
7014 1045
7014 2161
7015 1019
7015 1045
7015 1019
7015 1045
7016 3542
7016 1920
7016 1019
7016 1019
7017 1019
7017 1045
7017 1019
7017 1045
7018 1019
7018 1019
7018 1467
7018 3817
7019 4860
7019 1255
7019 3397
7019 5737
7019 1019
7019 1019
7019 4321
7020 1019
7020 1019
7020 1071
7020 3053
7021 1045
7021 1045
7021 1019
7021 1019
7021 2139
7022 1019
7022 1019
7022 1045
7022 1045
7023 1019
7023 1019
7023 1197
7023 1661
7024 3835
7024 1019
7024 1019
7024 2322
7025 1924
7025 1036
7025 1036
7025 2496
7025 2394
7025 1035
7025 1035
7026 1035
7026 1036
7026 1035
7026 1036
7026 2496
7027 1035
7027 1036
7027 1035
7027 1036
7027 2496
7028 1036
7028 1036
7028 2496
7028 1035
7028 1035
7029 2157
7029 1500
7029 1500
7029 1427
7029 1035
7029 1035
7030 1036
7030 1036
7030 2496
7030 1035
7030 1035
7030 1184
7031 1035
7031 1045
7031 1035
7031 1045
7031 2889
7032 1092
7032 2297
7032 1035
7032 1035
7033 1019
7033 1019
7033 2967
7033 1943
7034 1045
7034 1045
7034 1019
7034 1019
7035 1035
7035 1035
7035 2708
7035 3811
7036 1019
7036 1019
7036 1045
7036 1045
7037 1019
7037 1045
7037 1019
7037 1045
7038 1019
7038 1019
7038 1563
7038 2701
7038 3004
7038 5871
7038 5873
7039 1035
7039 1035
7039 3011
7039 3822
7040 2079
7040 1019
7040 1019
7041 1035
7041 1035
7041 1699
7041 3476
7042 1035
7042 1035
7042 1679
7042 1836
7042 2120
7043 1019
7043 1019
7043 3750
7043 3146
7043 3940
7043 4089
7044 3678
7044 1019
7044 1019
7044 4056
7044 2521
7045 1035
7045 1035
7045 1904
7045 1679
7045 1836
7046 1920
7046 1035
7046 1035
7046 1363
7046 1920
7047 2343
7047 1019
7047 1019
7047 1470
7047 1586
7048 1035
7048 1035
7048 1036
7048 1036
7048 2496
7049 1527
7049 2054
7049 1560
7049 1035
7049 1035
7050 1035
7050 1035
7050 1160
7050 1567
7051 1036
7051 1036
7051 2496
7051 1035
7051 1035
7052 3023
7052 1036
7052 1036
7052 2496
7053 4359
7053 1036
7053 1036
7053 2496
7054 2458
7054 1036
7054 1036
7054 2496
7055 2678
7055 1036
7055 1036
7055 2496
7056 1036
7056 1036
7056 2496
7056 3868
7057 1063
7057 2833
7057 1036
7057 1036
7057 2496
7058 3715
7058 1036
7058 1036
7058 2496
7059 1036
7059 1036
7059 2496
7059 1881
7060 1036
7060 1037
7060 1036
7060 1037
7060 2496
7061 1036
7061 1036
7061 2496
7061 2394
7062 3858
7062 1036
7062 1036
7062 2496
7063 1036
7063 1036
7063 2496
7063 2635
7064 3167
7064 1904
7064 3167
7064 11
7064 1436
7064 1036
7064 1036
7064 2496
7065 1612
7065 1036
7065 1036
7065 2496
7065 2709
7066 1273
7066 1036
7066 1036
7066 2496
7067 1036
7067 1036
7067 2496
7067 3729
7068 1748
7068 1036
7068 1036
7068 2496
7069 6068
7069 1036
7069 1036
7069 2496
7070 5189
7070 1036
7070 1036
7070 2496
7070 4004
7071 5376
7071 1036
7071 1036
7071 2496
7072 1920
7072 1036
7072 1036
7072 2496
7073 2640
7073 1037
7073 1037
7073 1987
7074 1036
7074 1036
7074 2496
7074 1071
7075 1036
7075 1036
7075 2394
7075 2496
7076 2468
7076 1036
7076 1036
7076 2496
7077 2162
7077 2764
7077 1036
7077 1036
7077 1331
7077 2496
7077 2585
7077 3437
7077 3144
7078 1748
7078 1036
7078 1036
7078 2496
7079 1036
7079 1036
7079 2496
7079 1127
7080 1036
7080 1036
7080 2258
7080 2496
7081 1037
7081 1037
7081 2017
7081 4203
7082 1037
7082 1037
7082 1036
7082 1036
7082 2496
7083 1583
7083 1036
7083 1036
7083 2496
7084 1037
7084 1037
7084 1340
7084 1343
7085 1436
7085 2026
7085 1036
7085 1036
7085 2496
7086 2798
7086 1260
7086 1037
7086 1037
7086 3253
7086 3842
7087 1631
7087 1488
7087 1036
7087 1036
7087 2496
7088 1037
7088 1037
7088 1037
7088 1037
7089 1036
7089 1036
7089 1930
7089 2496
7090 1036
7090 1039
7090 1036
7090 1039
7090 2496
7091 3044
7091 1036
7091 1036
7091 2496
7092 1045
7092 1045
7092 1920
7092 1036
7092 1036
7092 2496
7092 4460
7093 1622
7093 1735
7093 2833
7093 1036
7093 1036
7093 2496
7094 2245
7094 1036
7094 1036
7094 2496
7095 1036
7095 1036
7095 2496
7095 2903
7096 1036
7096 1036
7096 2496
7096 3297
7097 1036
7097 1036
7097 2496
7097 1757
7098 1037
7098 1037
7098 1340
7098 2831
7099 1036
7099 1036
7099 2496
7099 1317
7100 1036
7100 1036
7100 2496
7100 1757
7101 1092
7101 1036
7101 1036
7101 2496
7102 1036
7102 1036
7102 2496
7102 3812
7103 1036
7103 1036
7103 2496
7103 2924
7104 3004
7104 1036
7104 1036
7104 2496
7105 1036
7105 1036
7105 2496
7105 2547
7106 1036
7106 1036
7106 2496
7106 2860
7107 2297
7107 1036
7107 1036
7107 2496
7108 1036
7108 1036
7108 2297
7108 2496
7109 1628
7109 1036
7109 1036
7109 2496
7109 3487
7110 1037
7110 1037
7110 1821
7110 3146
7111 1941
7111 2787
7111 2349
7111 3324
7111 4031
7111 4421
7111 4419
7111 3577
7111 3875
7111 4411
7111 4414
7111 1037
7111 1037
7111 3649
7111 40
7112 1036
7112 1045
7112 1036
7112 1045
7112 2496
7113 1929
7113 1036
7113 1036
7113 2496
7114 1336
7114 1036
7114 1036
7114 2496
7114 1500
7114 2709
7115 1036
7115 1036
7115 2496
7115 2681
7116 2704
7116 1036
7116 1036
7116 2496
7116 892
7117 1036
7117 1036
7117 1631
7117 2496
7118 1036
7118 1036
7118 2496
7118 4885
7119 3972
7119 4146
7119 1037
7119 1037
7120 1036
7120 1036
7120 2496
7120 1045
7120 1045
7121 2297
7121 1036
7121 1036
7121 2496
7122 1036
7122 1036
7122 2496
7122 1037
7122 1037
7123 1038
7123 1038
7123 1679
7123 1679
7123 1836
7123 1836
7124 1036
7124 1036
7124 2202
7124 2496
7124 3632
7124 3972
7125 1036
7125 1036
7125 1730
7125 2496
7126 1036
7126 1036
7126 1679
7126 1836
7126 2496
7126 2734
7127 1658
7127 1036
7127 1036
7127 2496
7127 2896
7128 5308
7128 1036
7128 1036
7128 2496
7129 2394
7129 1036
7129 1036
7129 2496
7130 1036
7130 1036
7130 2496
7130 2577
7131 1036
7131 1036
7131 2496
7131 4369
7132 1340
7132 1036
7132 1036
7132 2496
7133 1631
7133 1036
7133 1036
7133 2496
7134 1036
7134 1036
7134 1092
7134 2496
7135 1036
7135 1036
7135 2496
7135 836
7136 1037
7136 1037
7136 1679
7136 1823
7136 1836
7136 3909
7136 3764
7136 4325
7136 4326
7136 6053
7137 3652
7137 3896
7137 1037
7137 1037
7138 1036
7138 1036
7138 2496
7138 4101
7139 1036
7139 1036
7139 2496
7139 3678
7140 1583
7140 2479
7140 5974
7140 1340
7140 1036
7140 1036
7140 2496
7140 2700
7140 2809
7141 1092
7141 1331
7141 1037
7141 1037
7142 1036
7142 1036
7142 2496
7142 1253
7143 1504
7143 1036
7143 1036
7143 2496
7144 2268
7144 2575
7144 2578
7144 1037
7144 1037
7145 1036
7145 1036
7145 2496
7145 2571
7146 1036
7146 1036
7146 2496
7146 1873
7147 2707
7147 1036
7147 1036
7147 2496
7147 3433
7147 1920
7147 2542
7147 4087
7148 1036
7148 1036
7148 2496
7148 1904
7149 1344
7149 1036
7149 1036
7149 2496
7149 1583
7149 3297
7149 3386
7150 1036
7150 1036
7150 1939
7150 2496
7151 1036
7151 1036
7151 2496
7151 4004
7152 1344
7152 1036
7152 1036
7152 2496
7153 1036
7153 1036
7153 2496
7153 2210
7154 1036
7154 1036
7154 2496
7155 1036
7155 1036
7155 2496
7155 2889
7155 1104
7156 2809
7156 1036
7156 1036
7156 2496
7157 1036
7157 1036
7157 2496
7157 1785
7158 1037
7158 1037
7158 2256
7158 2469
7159 1036
7159 1036
7159 1613
7159 2496
7160 1036
7160 1036
7160 2496
7160 3542
7161 1036
7161 1036
7161 2496
7161 2817
7162 1037
7162 1037
7162 3684
7162 1532
7162 3191
7162 1680
7162 1748
7162 2090
7163 1037
7163 1037
7163 1037
7163 1037
7164 2297
7164 1036
7164 1036
7164 2496
7165 1036
7165 1036
7165 2496
7165 1523
7166 1036
7166 1036
7166 1336
7166 2496
7166 6069
7167 1036
7167 1036
7167 2496
7167 2036
7168 1184
7168 1184
7168 1797
7168 1196
7168 1187
7168 1037
7168 1037
7168 1344
7169 1036
7169 1036
7169 2496
7169 5206
7170 3093
7170 3095
7170 1036
7170 1036
7170 2496
7171 1036
7171 1036
7171 2496
7171 4523
7172 5301
7172 1919
7172 5244
7172 1036
7172 1036
7172 2496
7173 1036
7173 1036
7173 1179
7173 2496
7174 1036
7174 1036
7174 1369
7174 2496
7174 3274
7175 5007
7175 1036
7175 1036
7175 2496
7176 1036
7176 1036
7176 2496
7176 2297
7177 3610
7177 1036
7177 1036
7177 2496
7178 1036
7178 1036
7178 2496
7178 2860
7178 2903
7179 1863
7179 1036
7179 1036
7179 2496
7180 3297
7180 1036
7180 1036
7180 2496
7181 1037
7181 1037
7181 1037
7181 1037
7181 1341
7182 1036
7182 1036
7182 2496
7182 2568
7183 1036
7183 1036
7183 2496
7183 4022
7183 5705
7184 1036
7184 1036
7184 1071
7184 2496
7184 3163
7185 1328
7185 3015
7185 3642
7185 1036
7185 1036
7185 2496
7186 2536
7186 1036
7186 1036
7186 2496
7186 143
7187 1036
7187 1036
7187 2496
7187 5543
7188 1036
7188 1036
7188 1345
7188 2496
7189 2496
7189 1036
7189 1036
7189 2496
7190 1806
7190 2923
7190 1036
7190 1036
7190 2496
7190 1769
7191 1036
7191 1036
7191 2496
7191 3224
7192 1036
7192 1036
7192 4201
7192 3951
7192 4188
7193 1036
7193 1036
7193 2496
7193 5284
7194 1036
7194 1036
7194 2496
7194 1994
7195 1036
7195 1036
7195 2496
7195 2145
7196 1036
7196 1036
7196 2496
7196 1583
7197 1036
7197 1036
7197 2496
7197 2889
7198 1036
7198 1036
7198 2496
7198 1532
7199 1036
7199 1036
7199 1916
7199 2496
7200 1036
7200 1036
7200 1104
7200 2496
7201 3543
7201 1036
7201 1036
7201 2496
7202 1036
7202 1036
7202 2496
7202 2496
7203 1036
7203 1036
7203 1250
7203 2496
7203 2662
7204 1036
7204 1036
7204 2496
7204 4736
7205 1036
7205 1036
7205 2137
7205 2496
7206 1036
7206 1036
7206 1506
7206 2496
7207 1921
7207 1340
7207 1036
7207 1036
7207 2496
7207 4388
7207 3813
7208 1036
7208 1036
7208 2496
7208 2687
7209 1036
7209 1036
7209 2496
7209 3213
7210 2576
7210 3462
7210 1036
7210 1036
7210 2496
7211 1037
7211 1037
7211 2409
7211 2923
7212 1036
7212 1036
7212 2496
7212 1528
7213 1036
7213 1036
7213 1527
7213 2496
7214 1036
7214 1036
7214 2496
7214 2100
7215 1037
7215 1037
7215 2272
7215 1037
7215 1037
7216 1036
7216 1036
7216 2496
7216 4235
7217 1275
7217 1680
7217 2968
7217 1036
7217 1036
7217 2496
7218 3139
7218 1036
7218 1036
7218 2496
7218 3002
7218 1680
7218 3851
7219 1036
7219 1036
7219 2496
7219 3004
7220 1036
7220 1036
7220 2267
7220 2496
7221 1036
7221 1036
7221 2496
7221 2120
7222 1036
7222 1036
7222 2496
7222 1104
7222 2455
7223 1036
7223 1036
7223 2496
7223 3337
7224 1368
7224 1357
7224 1036
7224 1036
7224 2496
7224 1369
7224 3274
7224 1793
7225 1036
7225 1036
7225 2496
7225 1369
7225 3274
7226 1036
7226 1036
7226 1679
7226 1836
7226 2496
7227 1036
7227 1036
7227 2496
7227 3112
7228 1036
7228 1036
7228 2198
7228 2496
7229 1036
7229 1036
7229 2496
7229 1757
7230 1036
7230 1036
7230 1755
7230 2496
7230 1757
7231 1036
7231 1036
7231 2496
7231 1757
7232 2174
7232 1036
7232 1036
7232 2496
7233 1036
7233 1036
7233 2496
7233 1831
7234 1036
7234 1036
7234 1921
7234 2496
7235 1037
7235 1037
7235 1748
7235 1063
7236 1037
7236 1037
7236 3743
7236 1691
7236 3744
7236 3082
7236 3081
7237 1036
7237 1036
7237 2496
7237 1071
7237 2521
7238 1036
7238 1036
7238 2496
7238 2125
7239 1036
7239 1036
7239 2496
7239 2125
7240 1514
7240 1036
7240 1036
7240 2496
7241 1036
7241 1036
7241 1765
7241 2496
7242 1748
7242 5360
7242 1037
7242 1037
7242 1344
7242 1514
7242 1060
7242 1767
7242 1767
7242 2135
7243 1348
7243 1036
7243 1036
7243 2496
7244 1036
7244 1036
7244 2496
7244 1566
7245 1036
7245 1036
7245 1092
7245 2496
7246 1036
7246 1036
7246 2496
7246 1881
7246 2880
7246 2933
7246 2235
7246 2937
7246 2544
7247 1036
7247 1036
7247 2496
7247 2206
7248 1341
7248 1036
7248 1036
7248 2496
7249 1036
7249 1036
7249 2496
7249 1679
7249 1836
7250 2521
7250 1036
7250 1036
7250 2496
7251 1036
7251 1036
7251 2496
7251 4003
7252 1690
7252 1036
7252 1036
7252 2496
7253 1036
7253 1036
7253 2496
7253 1363
7253 1363
7253 4040
7254 2137
7254 1036
7254 1036
7254 2496
7255 1036
7255 1036
7255 2496
7255 2707
7256 1036
7256 1036
7256 2496
7256 1372
7257 1036
7257 1036
7257 2496
7257 1500
7257 2202
7258 1036
7258 1036
7258 2120
7258 2496
7259 1036
7259 1036
7259 2297
7259 2496
7260 3570
7260 1036
7260 1036
7260 2496
7261 1036
7261 1036
7261 2496
7261 3221
7262 1036
7262 1036
7262 2297
7262 2496
7263 1787
7263 1037
7263 1037
7263 2860
7263 1642
7264 1036
7264 1036
7264 2496
7264 1250
7265 1036
7265 1036
7265 2496
7265 2860
7266 1036
7266 1036
7266 2496
7266 5026
7267 1724
7267 1036
7267 1036
7267 2496
7267 3898
7267 5231
7268 1036
7268 1036
7268 2496
7268 1344
7269 1036
7269 1036
7269 2496
7269 1583
7270 1036
7270 1036
7270 2496
7270 2161
7271 2157
7271 1037
7271 1037
7271 1340
7271 2521
7272 1036
7272 1036
7272 2496
7272 1870
7273 1036
7273 1036
7273 2496
7273 1256
7274 1036
7274 1036
7274 2496
7274 2496
7275 1560
7275 1036
7275 1036
7275 2496
7276 1036
7276 1036
7276 2496
7276 1527
7277 1036
7277 1036
7277 1036
7277 1036
7277 2496
7277 2496
7278 1036
7278 1036
7278 2496
7278 1679
7278 1836
7279 1748
7279 1040
7279 1040
7279 1341
7279 1690
7280 2709
7280 3014
7280 1040
7280 1040
7281 1040
7281 1040
7281 1679
7281 1836
7282 1042
7282 1042
7282 1042
7282 1042
7283 4048
7283 4321
7283 1043
7283 1043
7284 3476
7284 3545
7284 1043
7284 1043
7285 1043
7285 1043
7285 1043
7285 1043
7285 1939
7286 1043
7286 1043
7286 1289
7286 1976
7287 1043
7287 1043
7287 1043
7287 1043
7288 1043
7288 1043
7288 1153
7288 1316
7288 1319
7289 2478
7289 1044
7289 1044
7289 1583
7289 2104
7290 1044
7290 1044
7290 2051
7290 4579
7291 1044
7291 1044
7291 1989
7291 2506
7292 1044
7292 1044
7292 58
7292 1896
7293 2351
7293 1522
7293 1545
7293 1045
7293 1045
7294 1045
7294 1045
7294 554
7294 556
7295 1046
7295 1046
7295 4953
7295 1546
7296 1896
7296 1046
7296 1046
7296 3339
7297 1375
7297 1046
7297 1046
7297 5114
7298 1045
7298 1045
7298 4278
7298 3297
7299 1679
7299 1836
7299 1045
7299 1045
7299 1012
7300 3729
7300 2125
7300 1045
7300 1045
7301 1723
7301 1269
7301 1275
7301 1045
7301 1045
7302 1045
7302 1045
7302 4140
7302 379
7303 1107
7303 1045
7303 1045
7303 556
7304 3080
7304 1045
7304 1045
7304 2507
7305 1204
7305 2663
7305 1045
7305 1045
7306 1433
7306 1045
7306 1045
7306 1165
7307 1045
7307 1045
7307 958
7307 960
7308 2455
7308 3291
7308 2831
7308 1904
7308 1045
7308 1045
7309 1526
7309 1500
7309 1045
7309 1045
7309 1678
7310 1810
7310 4321
7310 1045
7310 1045
7310 2147
7311 1045
7311 1045
7311 1907
7311 2334
7311 1606
7312 1045
7312 1045
7312 705
7312 4914
7313 1045
7313 1045
7313 695
7313 5418
7314 1045
7314 1045
7314 955
7314 4713
7314 4877
7315 2756
7315 1045
7315 1045
7315 1679
7315 1836
7315 3554
7316 1045
7316 1045
7316 1221
7316 1261
7317 1045
7317 1045
7317 1236
7317 4251
7317 4540
7317 5074
7318 1045
7318 1045
7318 1071
7318 2157
7319 3065
7319 2731
7319 1045
7319 1045
7320 1045
7320 1045
7320 1242
7320 2383
7321 1045
7321 1045
7321 1583
7321 2394
7322 1045
7322 1045
7322 1610
7322 3483
7323 1569
7323 1045
7323 1045
7323 3786
7323 3579
7324 1275
7324 1500
7324 1500
7324 1045
7324 1045
7324 4823
7324 3023
7325 1500
7325 2823
7325 1045
7325 1045
7325 1754
7326 1045
7326 1045
7326 2627
7326 2521
7327 1045
7327 1045
7327 1067
7327 1785
7327 5758
7328 1045
7328 1045
7328 3758
7328 4526
7329 1045
7329 1045
7329 2198
7329 815
7330 1045
7330 1045
7330 1816
7330 1732
7331 2304
7331 1045
7331 1045
7331 3969
7332 1045
7332 1045
7332 2297
7332 4120
7333 1045
7333 1045
7333 1679
7333 1836
7333 2734
7334 1679
7334 1836
7334 1045
7334 1045
7335 1672
7335 1920
7335 1045
7335 1045
7336 1045
7336 1045
7336 2889
7336 2438
7336 3816
7337 1467
7337 1045
7337 1045
7337 2346
7337 1595
7338 5512
7338 3589
7338 5741
7338 1045
7338 1045
7338 5235
7339 1045
7339 1045
7339 1918
7339 4072
7340 1045
7340 1045
7340 1050
7340 2833
7341 1045
7341 1045
7341 1344
7342 1613
7342 1045
7342 1045
7342 1642
7342 3262
7343 1045
7343 1045
7343 3419
7343 3743
7344 1045
7344 1045
7344 2374
7344 2612
7344 3232
7345 2157
7345 1045
7345 1045
7345 2428
7346 2120
7346 1045
7346 1045
7346 1266
7347 1045
7347 1045
7347 1680
7347 2438
7348 1045
7348 1045
7348 1777
7348 2402
7349 1045
7349 1045
7349 1473
7349 1408
7349 4284
7350 1045
7350 1045
7350 2202
7350 1301
7351 1478
7351 1050
7351 1984
7351 5019
7352 1051
7352 1608
7352 4104
7352 2352
7353 4996
7353 2049
7353 2752
7353 1051
7354 1164
7354 1795
7354 1052
7354 1161
7354 1210
7354 3067
7354 3300
7355 1052
7355 1794
7355 1795
7355 3067
7355 2058
7355 3300
7355 4230
7355 4004
7356 1052
7356 3751
7356 4057
7356 4161
7356 4242
7356 1687
7357 1137
7357 2005
7357 2180
7357 3320
7357 1052
7357 3300
7357 3397
7357 3723
7357 3455
7357 3424
7357 4208
7357 4291
7358 2428
7358 1802
7358 1052
7358 3127
7358 1401
7358 3998
7358 3875
7358 3066
7358 3176
7358 3251
7358 3083
7359 2202
7359 1053
7359 3144
7359 2669
7360 3140
7360 1730
7360 3140
7360 4139
7360 3902
7360 1054
7361 1603
7361 1680
7361 3144
7361 1785
7361 1054
7361 5769
7361 3668
7362 1748
7362 2743
7362 4038
7362 1054
7363 1055
7363 2997
7363 2505
7363 50
7363 1494
7363 2625
7363 2754
7364 1056
7364 1532
7364 4125
7364 3493
7365 2650
7365 1056
7365 4319
7365 4126
7365 4203
7366 1203
7366 5646
7366 1056
7366 1624
7367 1056
7367 1127
7367 1818
7367 2688
7368 1056
7368 1777
7368 1777
7368 1775
7368 1778
7368 3139
7368 4970
7369 1057
7369 2295
7369 4727
7369 2190
7369 1059
7369 2239
7370 1058
7370 2246
7370 2247
7370 2246
7371 1058
7371 1803
7371 1681
7371 3271
7372 1059
7372 1500
7372 2238
7372 2240
7373 1186
7373 1059
7373 2240
7373 2008
7374 2205
7374 1071
7374 5590
7374 1063
7375 1915
7375 1306
7375 1063
7375 1872
7376 1381
7376 1063
7376 2147
7377 1063
7377 1872
7377 3222
7377 2867
7377 2866
7377 2720
7378 2120
7378 1065
7378 2200
7378 2211
7379 1066
7379 2063
7379 5747
7379 2242
7379 5140
7379 1732
7379 5748
7380 2198
7380 2198
7380 1067
7380 2198
7381 1068
7381 780
7381 4044
7381 5859
7382 2310
7382 4004
7382 3730
7382 2612
7382 1071
7382 2884
7383 1071
7383 2157
7383 2537
7383 3750
7383 4470
7383 1732
7384 1071
7384 2157
7384 2161
7384 2510
7384 2612
7384 2889
7384 3136
7384 3163
7384 3232
7385 1071
7385 3232
7385 2889
7385 3477
7386 1071
7386 1673
7386 1127
7386 3291
7387 1071
7387 1384
7387 2157
7387 2486
7388 2612
7388 1071
7388 1870
7388 3389
7388 4281
7389 5080
7389 1326
7389 2701
7389 3232
7389 2028
7389 1071
7389 3707
7389 3090
7389 2039
7390 3095
7390 2889
7390 1488
7390 1071
7391 1071
7391 2161
7391 2889
7391 3838
7392 2161
7392 1071
7392 3701
7392 6034
7392 2146
7392 5037
7393 4849
7393 1071
7393 1785
7393 1920
7394 1447
7394 1281
7394 1400
7394 1071
7395 1071
7395 1384
7395 1384
7395 2157
7395 3004
7396 2150
7396 5256
7396 1073
7396 1753
7396 1583
7397 2080
7397 5079
7397 4645
7397 1073
7398 1073
7398 5816
7398 4355
7398 1942
7399 1080
7399 3594
7399 3437
7399 4362
7400 1080
7400 1831
7400 1833
7400 1522
7401 2094
7401 3344
7401 1081
7401 2107
7402 463
7402 1081
7402 2722
7402 2226
7402 4319
7403 2333
7403 1082
7403 1911
7403 2769
7403 1412
7404 1084
7404 1979
7404 2287
7404 2598
7405 2214
7405 2319
7405 2550
7405 2551
7405 3328
7405 1084
7406 1144
7406 1954
7406 1084
7406 1979
7407 1084
7407 2287
7407 2903
7407 2062
7408 2090
7408 1954
7408 1084
7408 1677
7409 1087
7409 3327
7409 4562
7409 5524
7410 1087
7410 1773
7410 5040
7410 1980
7411 2214
7411 1631
7411 2550
7411 2184
7411 3411
7411 3435
7411 1362
7411 1364
7411 1368
7411 3411
7411 4039
7411 2068
7411 1088
7412 1088
7412 1326
7412 2454
7412 4281
7412 3454
7412 4327
7413 1092
7413 1679
7413 1679
7413 1679
7413 1836
7413 1836
7413 1836
7413 2855
7414 1092
7414 4004
7414 2833
7414 2198
7414 531
7415 2071
7415 1092
7415 1697
7415 3267
7415 2438
7416 1179
7416 1092
7416 3104
7416 3415
7417 1092
7417 1708
7417 2458
7417 2806
7418 1092
7418 1705
7418 2833
7418 2833
7418 3205
7418 3242
7419 1092
7419 4605
7419 1142
7419 549
7419 697
7420 2114
7420 1092
7420 2675
7420 3452
7420 1326
7420 1581
7420 2571
7420 3135
7420 3343
7420 3553
7420 3452
7420 5079
7420 5209
7420 2483
7421 1092
7421 1781
7421 4705
7421 1504
7421 2907
7421 2522
7422 3148
7422 2536
7422 2019
7422 1094
7423 2515
7423 2574
7423 2576
7423 1094
7424 1148
7424 1480
7424 1094
7424 1473
7424 2199
7424 1107
7425 2630
7425 1436
7425 1904
7425 1094
7426 1920
7426 2479
7426 5022
7426 4718
7426 1095
7426 3619
7426 2701
7426 907
7426 3623
7427 1478
7427 4143
7427 1098
7427 5981
7428 1098
7428 1161
7428 1701
7428 1711
7428 2517
7428 2663
7428 2664
7429 2018
7429 2154
7429 3188
7429 3301
7429 3319
7429 3312
7429 1098
7429 3398
7429 3310
7429 4288
7429 2021
7430 1098
7430 3465
7430 4277
7430 2356
7430 2727
7431 1644
7431 1098
7431 3119
7431 3069
7431 2492
7431 3775
7431 4013
7431 2355
7431 4302
7431 3108
7431 4364
7431 1298
7431 4347
7432 1955
7432 1098
7432 3237
7432 3886
7432 3358
7432 3020
7432 4112
7432 3670
7432 1326
7433 2952
7433 1098
7433 3314
7433 3837
7433 4471
7433 1848
7433 4440
7433 4450
7433 1208
7433 2997
7434 1226
7434 1230
7434 1098
7434 2065
7435 2177
7435 1100
7435 1688
7435 3004
7435 4237
7436 4004
7436 4004
7436 4004
7436 4004
7436 1104
7437 1104
7437 1184
7438 1105
7438 2297
7438 700
7438 5926
7438 4017
7439 1104
7439 1816
7439 1578
7439 1344
7440 3454
7440 3788
7440 1107
7440 4183
7441 1500
7441 1107
7441 1500
7441 1500
7442 1107
7442 2519
7442 2520
7442 4330
7442 6067
7443 1107
7443 1107
7443 2553
7443 2630
7444 1612
7444 1107
7444 1107
7444 1107
7445 1679
7445 1836
7445 1108
7445 1679
7445 1679
7445 1836
7445 1836
7446 3619
7446 1806
7446 3583
7446 1116
7446 1730
7446 5784
7446 1521
7446 1658
7446 2338
7446 48
7447 2270
7447 1118
7447 2869
7447 3472
7448 1120
7448 2219
7448 4505
7448 894
7448 2219
7449 1169
7449 1170
7449 1123
7449 4417
7449 3241
7449 310
7449 1704
7450 4836
7450 4276
7450 1123
7450 1133
7450 3190
7450 4281
7450 5039
7450 2391
7451 1123
7451 1169
7451 3718
7451 1182
7452 1123
7452 1133
7452 3821
7452 2903
7452 5934
7453 1124
7453 2255
7453 2323
7453 4016
7454 1777
7454 1125
7454 1774
7454 1775
7454 1777
7454 1778
7455 1125
7455 2458
7455 2674
7455 3075
7456 3452
7456 2500
7456 2458
7456 1125
7456 3235
7457 1125
7457 1341
7457 2458
7457 3021
7458 1125
7458 2458
7458 2439
7458 2146
7459 1126
7459 1329
7459 2458
7459 1217
7459 2365
7459 1170
7460 2458
7460 1126
7460 2141
7460 1125
7461 1126
7461 1391
7461 2857
7461 4270
7462 4200
7462 2079
7462 1127
7462 3717
7462 2478
7462 3750
7463 1127
7463 1452
7463 1459
7463 1470
7463 2301
7463 2912
7463 3091
7463 3306
7463 438
7463 5073
7464 1325
7464 1924
7464 3096
7464 2853
7464 2217
7464 4096
7464 1127
7465 1127
7465 2023
7465 1857
7465 2250
7465 1879
7465 3316
7465 1756
7465 1881
7465 2010
7465 3311
7466 1133
7466 3135
7466 2080
7466 3245
7467 2190
7467 1852
7467 1133
7467 1342
7467 3922
7468 1133
7468 1917
7468 2907
7468 3645
7469 1193
7469 1671
7469 1133
7469 5942
7470 1133
7470 2365
7470 4753
7470 1671
7470 3718
7471 1134
7471 1620
7471 1812
7471 2774
7471 3646
7472 1135
7472 1500
7472 2709
7472 2734
7472 1500
7472 2734
7472 1500
7472 2713
7473 1791
7473 1137
7473 3060
7473 2157
7474 1140
7474 1816
7474 3751
7474 1300
7475 1141
7475 1942
7475 3704
7475 4822
7476 212
7476 5156
7476 5515
7476 1141
7477 1141
7477 1247
7477 1299
7477 2890
7478 1989
7478 2770
7478 1990
7478 1142
7479 1142
7479 3086
7479 4335
7479 3424
7479 3293
7479 3294
7479 2982
7480 2507
7480 1436
7480 1144
7480 752
7481 3309
7481 3321
7481 4096
7481 1144
7481 3530
7481 1920
7482 2176
7482 1144
7482 2485
7482 4024
7483 1362
7483 1631
7483 1144
7483 3720
7483 3860
7484 2126
7484 1145
7484 3570
7484 3340
7484 5097
7484 1341
7484 1343
7485 2976
7485 1918
7485 2923
7485 1148
7486 1148
7486 2847
7486 2167
7486 2168
7487 2879
7487 2440
7487 1562
7487 1148
7488 4353
7488 2531
7488 2564
7488 1148
7489 3354
7489 3328
7489 4904
7489 1148
7489 4263
7490 1500
7490 1500
7490 2177
7490 1148
7491 1148
7491 3887
7491 766
7491 4802
7492 1148
7492 1500
7492 2709
7492 3579
7493 1154
7493 6072
7493 1658
7493 2589
7493 4340
7494 1156
7494 2627
7494 2955
7494 3326
7494 3315
7494 3691
7494 3773
7494 3127
7494 3750
7494 2997
7494 3079
7494 1296
7494 4114
7494 3877
7494 3463
7494 1540
7495 1156
7495 2887
7495 2888
7496 2557
7496 2057
7496 3657
7496 3970
7496 1630
7496 3463
7496 3292
7496 1157
7497 1180
7497 1179
7497 1178
7497 4788
7497 4951
7497 1157
7497 1671
7497 1220
7497 4805
7498 1563
7498 3004
7498 1161
7498 3528
7498 2220
7498 1368
7499 1161
7499 2517
7499 772
7499 4642
7500 1162
7500 3455
7500 1615
7500 2716
7500 1563
7500 4194
7500 3772
7500 1493
7500 3467
7501 3318
7501 1162
7501 1493
7501 4398
7502 3315
7502 1162
7502 3314
7502 2464
7502 4442
7502 4306
7502 3766
7502 4385
7502 3083
7503 1162
7503 2058
7503 4207
7503 4149
7504 1162
7504 3540
7504 2664
7504 2411
7504 497
7504 4078
7504 3410
7504 4237
7504 1387
7504 2544
7505 1162
7505 2165
7505 3976
7505 2997
7505 4111
7505 4460
7505 2544
7506 2005
7506 1941
7506 2996
7506 1162
7506 1478
7506 2427
7506 3313
7506 2178
7507 1386
7507 3491
7507 1162
7507 2204
7507 4084
7507 4083
7507 3667
7507 1387
7507 3980
7507 4454
7507 4471
7507 3424
7507 3066
7507 2936
7507 1990
7507 3304
7508 3180
7508 2484
7508 3067
7508 3481
7508 1162
7508 3590
7509 1162
7509 3442
7509 3908
7509 3020
7510 1952
7510 1162
7510 2057
7510 3769
7510 4305
7510 3340
7510 3266
7510 4282
7511 3324
7511 1162
7511 3397
7511 3514
7511 3126
7511 1401
7511 2022
7511 4187
7512 1802
7512 2057
7512 1164
7512 3597
7512 4084
7512 4037
7512 4434
7512 3173
7512 3921
7512 1717
7513 1354
7513 1164
7513 3316
7513 3358
7513 3771
7513 2997
7513 2147
7514 1210
7514 3522
7514 1164
7514 3779
7514 1208
7514 2738
7515 1164
7515 3398
7515 2349
7515 3123
7515 4441
7516 1213
7516 2428
7516 1164
7516 3982
7516 4441
7516 1292
7516 3610
7516 1371
7516 4398
7516 1298
7516 1493
7516 3266
7516 3463
7516 3083
7516 4346
7517 1882
7517 1247
7517 1166
7517 1299
7517 2382
7518 1455
7518 1458
7518 2215
7518 3020
7518 2528
7518 1166
7518 1466
7518 3817
7518 3888
7518 2536
7519 1834
7519 2422
7519 1166
7519 1656
7519 1223
7519 3608
7519 4128
7520 3872
7520 3343
7520 3357
7520 3359
7520 3207
7520 1167
7521 1196
7521 1537
7521 3911
7521 1167
7522 1527
7522 1167
7522 3102
7522 1413
7522 3008
7522 4136
7523 3442
7523 3667
7523 1615
7523 1177
7523 4283
7523 1122
7524 4405
7524 4414
7524 2458
7524 3176
7524 1177
7524 2861
7525 1178
7525 2660
7525 2662
7525 2569
7526 1367
7526 2079
7526 2762
7526 1179
7527 4647
7527 2569
7527 1179
7527 1762
7528 1955
7528 2593
7528 1326
7528 1179
7528 3905
7529 1180
7529 1179
7529 1731
7529 1730
7529 2107
7529 2107
7530 1180
7530 4109
7530 5554
7530 4799
7530 5295
7530 5803
7531 2675
7531 1708
7531 1691
7531 1181
7532 1665
7532 1473
7532 1181
7532 1904
7533 1182
7533 1597
7533 2656
7533 2943
7533 2943
7533 2943
7533 2943
7533 2943
7534 1326
7534 1182
7534 1597
7534 2364
7534 3164
7535 1183
7535 3260
7535 1486
7535 2198
7536 1189
7536 3814
7536 4472
7536 1184
7536 1197
7537 1184
7537 3685
7537 1196
7537 1797
7537 1952
7538 1187
7538 1438
7538 2193
7538 1186
7538 1188
7538 1185
7538 1190
7539 2013
7539 1184
7539 4093
7539 2767
7539 3833
7539 6128
7539 1184
7540 1186
7540 2333
7540 1221
7540 1261
7541 1187
7541 4774
7541 2740
7542 1187
7542 2501
7542 1188
7542 4422
7542 1438
7543 2569
7543 1187
7543 1189
7543 6138
7544 1187
7544 1821
7544 2498
7544 2669
7544 1920
7544 3435
7545 1187
7545 2483
7545 4913
7545 3564
7545 1188
7546 1187
7546 1186
7546 2193
7546 1197
7547 1184
7547 1189
7547 1199
7547 4627
7547 1190
7547 1187
7548 1184
7548 1186
7548 2193
7548 2963
7548 1199
7548 2827
7549 2948
7549 1886
7549 1184
7549 3276
7550 2026
7550 2599
7550 1184
7550 3943
7551 1184
7551 1196
7551 3203
7551 4913
7552 1184
7552 3376
7552 2510
7552 2612
7552 3414
7553 1184
7553 3332
7553 3552
7553 2957
7553 2544
7553 507
7553 5034
7554 1184
7554 4046
7554 2179
7554 3199
7555 1184
7555 1195
7555 3989
7556 1184
7556 2799
7556 675
7556 5188
7556 2798
7557 1184
7557 4884
7557 5122
7557 1199
7557 1184
7558 1184
7558 1184
7558 1195
7558 1964
7559 1184
7559 2414
7559 3351
7559 1745
7559 2251
7560 955
7560 3542
7560 2635
7560 3304
7560 1189
7561 1189
7561 2188
7561 2628
7561 2501
7561 1594
7561 4401
7561 4422
7562 1189
7562 2701
7562 3972
7562 2628
7563 4770
7563 4779
7563 1190
7564 2498
7564 1825
7564 2017
7564 1190
7564 3793
7564 756
7564 4401
7565 1189
7565 2827
7565 2829
7565 3951
7566 2656
7566 1695
7566 1189
7566 2675
7567 1189
7567 4058
7567 1585
7567 6135
7567 1942
7567 4461
7568 3195
7568 1189
7568 2866
7568 2827
7569 1715
7569 1796
7569 1189
7569 1952
7569 4282
7570 2883
7570 1189
7570 2628
7570 3376
7570 1438
7570 3195
7571 1189
7571 3964
7571 4323
7571 1904
7571 174
7572 4977
7572 1197
7572 3195
7572 2210
7572 1189
7572 2461
7573 1989
7573 1526
7573 1287
7573 2827
7573 2829
7573 1189
7573 4627
7573 4866
7573 5272
7573 3089
7573 2585
7573 1362
7573 2552
7573 6105
7574 2522
7574 2774
7574 3646
7574 2921
7574 1631
7574 1191
7575 1470
7575 1192
7575 1193
7575 1753
7575 1326
7575 4281
7576 1192
7576 1737
7576 2943
7576 2660
7577 1514
7577 1193
7577 948
7577 4445
7578 5560
7578 1193
7578 4953
7578 6005
7579 1762
7579 5638
7579 1193
7579 1852
7579 3454
7579 4009
7579 2869
7580 2659
7580 1193
7580 3245
7580 1505
7581 3327
7581 2654
7581 1196
7581 798
7581 5013
7582 2521
7582 2521
7582 4963
7582 1195
7582 2198
7582 4252
7582 2831
7583 1195
7583 1916
7583 2683
7583 1757
7584 2113
7584 2143
7584 2145
7584 1196
7584 2857
7585 1197
7585 833
7585 1196
7585 3130
7586 4249
7586 1508
7586 1425
7586 1197
7587 1470
7587 2198
7587 2569
7587 1197
7588 2521
7588 1197
7588 2569
7588 3687
7589 1197
7589 2774
7589 2873
7589 3646
7589 4640
7590 4977
7590 1197
7590 3195
7590 3203
7591 1952
7591 2006
7591 2883
7591 1197
7591 1797
7592 1197
7592 1368
7592 1369
7592 3274
7593 2366
7593 4288
7593 4255
7593 4289
7593 4133
7593 3426
7593 3610
7593 3427
7593 4291
7593 4327
7593 4228
7593 3738
7593 4157
7593 1201
7593 1584
7593 3743
7594 3657
7594 1597
7594 1201
7594 1540
7594 4347
7595 3300
7595 3313
7595 2147
7595 3739
7595 4194
7595 3079
7595 4103
7595 2934
7595 1201
7595 1584
7596 1202
7596 1667
7596 1995
7596 1997
7597 3311
7597 1203
7597 3086
7597 4302
7597 4307
7597 2390
7598 1250
7598 1206
7598 1509
7598 2082
7599 1207
7599 1418
7599 1992
7599 1674
7600 3400
7600 914
7600 2165
7600 1208
7601 1482
7601 2651
7601 1210
7601 2664
7602 3398
7602 1210
7602 3405
7602 3202
7602 4355
7603 2154
7603 2542
7603 1210
7603 2411
7603 3685
7603 3127
7603 4103
7603 4303
7603 3108
7603 4385
7603 3463
7603 859
7604 2693
7604 1210
7604 2366
7604 3722
7604 5800
7604 2165
7604 3957
7604 861
7605 1212
7605 1212
7605 1212
7605 1212
7606 1212
7606 2170
7606 438
7606 1212
7607 2630
7607 1214
7607 1404
7607 1904
7607 4237
7607 1503
7608 3135
7608 3860
7608 1217
7608 3019
7608 2676
7609 1679
7609 1836
7609 1679
7609 1836
7609 1218
7609 2365
7610 1219
7610 3102
7610 3147
7611 2339
7611 1221
7611 1261
7611 1261
7611 1261
7611 1261
7611 1261
7611 1261
7611 1261
7611 1261
7611 1261
7611 1261
7611 1261
7611 1261
7611 1261
7611 1261
7611 1261
7611 1261
7611 1261
7611 1261
7611 1261
7611 1261
7611 1261
7611 1261
7611 1261
7611 1261
7611 1261
7611 1261
7611 1261
7611 1261
7611 1261
7611 1261
7611 1261
7611 1261
7611 1261
7611 1261
7611 1261
7611 1261
7611 1261
7611 1261
7611 1261
7611 1261
7611 1261
7611 1261
7611 1261
7611 1261
7611 1261
7611 1261
7611 1261
7611 1261
7611 1261
7611 1261
7611 1261
7611 1261
7611 1261
7611 1261
7611 1261
7611 1261
7611 1261
7611 1261
7611 1261
7611 1261
7611 1261
7611 1261
7611 1261
7611 1261
7611 1261
7611 1261
7611 1261
7611 1261
7611 1261
7611 1261
7611 1261
7611 1261
7611 1261
7611 1261
7611 1261
7611 1261
7611 1261
7611 1261
7611 1261
7611 1261
7611 1261
7611 1261
7611 1261
7611 1261
7611 1261
7611 1261
7611 1261
7611 1261
7611 1261
7611 1261
7611 1261
7611 1261
7611 1261
7611 1261
7611 1261
7611 1261
7611 1261
7611 1261
7611 1261
7611 1261
7611 1261
7611 1261
7611 1261
7611 1261
7611 1261
7611 1261
7611 1261
7611 1261
7611 1261
7611 1261
7611 1261
7611 1261
7611 1261
7611 1261
7611 1261
7611 1261
7611 1261
7611 1261
7611 1261
7611 1261
7611 1261
7611 1261
7612 1221
7612 1261
7612 1261
7612 1261
7612 1261
7612 1261
7612 1261
7612 1261
7612 1261
7612 1261
7612 1261
7612 1261
7612 1261
7612 1261
7612 1261
7612 1261
7612 1261
7612 1261
7612 1261
7612 1261
7612 1261
7612 1261
7612 1261
7612 1261
7612 1261
7612 1261
7612 1261
7612 1261
7612 1261
7612 1261
7612 1261
7612 1261
7612 1261
7612 1261
7612 1261
7612 1261
7612 1261
7612 1261
7612 1261
7612 1261
7612 1261
7612 1261
7612 1261
7612 1261
7612 1261
7612 1261
7612 1261
7612 1261
7612 1261
7612 1261
7612 1261
7612 1261
7612 1261
7612 1261
7612 1261
7612 1261
7612 1261
7612 1261
7612 1261
7612 1261
7612 1261
7612 1261
7612 1261
7612 1261
7612 1261
7612 1261
7612 1261
7612 1261
7612 1261
7612 1261
7612 1261
7612 1261
7612 1261
7612 1261
7612 1261
7612 1261
7612 1261
7612 1261
7612 1261
7612 1261
7612 1261
7612 1261
7612 1261
7612 1261
7612 1261
7612 1261
7612 1261
7612 1261
7612 1261
7612 1261
7612 1261
7612 1261
7612 1261
7612 1261
7612 1261
7612 1261
7612 1261
7612 1261
7612 1261
7612 1261
7612 1261
7612 1261
7612 1261
7612 1261
7612 1261
7612 1261
7612 1261
7612 1261
7612 1261
7612 1261
7612 1261
7612 1261
7612 1261
7612 1261
7612 1261
7612 1261
7612 1261
7612 1261
7612 1261
7612 1261
7612 1261
7612 1261
7612 3756
7612 1261
7613 1221
7613 1261
7613 1261
7613 1261
7613 1261
7613 1261
7613 1261
7613 1261
7613 1261
7613 1261
7613 1261
7613 1261
7613 1261
7613 1261
7613 1261
7613 1261
7613 1261
7613 1261
7613 1261
7613 1261
7613 1261
7613 1261
7613 1261
7613 1261
7613 1261
7613 1261
7613 1261
7613 1261
7613 1261
7613 1261
7613 1261
7613 1261
7613 1261
7613 1261
7613 1261
7613 1261
7613 1261
7613 1261
7613 1261
7613 1261
7613 1261
7613 1261
7613 1261
7613 1261
7613 1261
7613 1261
7613 1261
7613 1261
7613 1261
7613 1261
7613 1261
7613 1261
7613 1261
7613 1261
7613 1261
7613 1261
7613 1261
7613 1261
7613 1261
7613 1261
7613 1261
7613 1261
7613 1261
7613 1261
7613 1261
7613 1261
7613 1261
7613 1261
7613 1261
7613 1261
7613 1261
7613 1261
7613 1261
7613 1261
7613 1261
7613 1261
7613 1261
7613 1261
7613 1261
7613 1261
7613 1261
7613 1261
7613 1261
7613 1261
7613 1261
7613 1261
7613 1261
7613 1261
7613 1261
7613 1261
7613 1261
7613 1261
7613 1261
7613 1261
7613 1261
7613 1261
7613 1261
7613 1261
7613 1261
7613 1261
7613 1261
7613 1261
7613 1261
7613 1261
7613 1261
7613 1261
7613 1261
7613 1261
7613 1261
7613 1261
7613 1261
7613 1261
7613 1261
7613 1261
7613 1261
7613 1261
7613 1261
7613 1261
7613 1261
7613 1261
7613 1261
7613 1261
7613 1261
7614 2457
7614 1221
7614 1261
7614 1261
7614 1261
7614 1261
7614 1261
7614 1261
7614 1261
7614 1261
7614 1261
7614 1261
7614 1261
7614 1261
7614 1261
7614 1261
7614 1261
7614 1261
7614 1261
7614 1261
7614 1261
7614 1261
7614 1261
7614 1261
7614 1261
7614 1261
7614 1261
7614 1261
7614 1261
7614 1261
7614 1261
7614 1261
7614 1261
7614 1261
7614 1261
7614 1261
7614 1261
7614 1261
7614 1261
7614 1261
7614 1261
7614 1261
7614 1261
7614 1261
7614 1261
7614 1261
7614 1261
7614 1261
7614 1261
7614 1261
7614 1261
7614 1261
7614 1261
7614 1261
7614 1261
7614 1261
7614 1261
7614 1261
7614 1261
7614 1261
7614 1261
7614 1261
7614 1261
7614 1261
7614 1261
7614 1261
7614 1261
7614 1261
7614 1261
7614 1261
7614 1261
7614 1261
7614 1261
7614 1261
7614 1261
7614 1261
7614 1261
7614 1261
7614 1261
7614 1261
7614 1261
7614 1261
7614 1261
7614 1261
7614 1261
7614 1261
7614 1261
7614 1261
7614 1261
7614 1261
7614 1261
7614 1261
7614 1261
7614 1261
7614 1261
7614 1261
7614 1261
7614 1261
7614 1261
7614 1261
7614 1261
7614 1261
7614 1261
7614 1261
7614 1261
7614 1261
7614 1261
7614 1261
7614 1261
7614 1261
7614 1261
7614 1261
7614 1261
7614 1261
7614 1261
7614 1261
7614 1261
7614 1261
7614 1261
7614 1261
7614 1261
7614 1261
7614 1261
7614 1261
7615 1221
7615 1261
7615 1261
7615 1261
7615 1261
7615 1261
7615 1261
7615 1261
7615 1261
7615 1261
7615 1261
7615 1261
7615 1261
7615 1261
7615 1261
7615 1261
7615 1261
7615 1261
7615 1261
7615 1261
7615 1261
7615 1261
7615 1261
7615 1261
7615 1261
7615 1261
7615 1261
7615 1261
7615 1261
7615 1261
7615 1261
7615 1261
7615 1261
7615 1261
7615 1261
7615 1261
7615 1261
7615 1261
7615 1261
7615 1261
7615 1261
7615 1261
7615 1261
7615 1261
7615 1261
7615 1261
7615 1261
7615 1261
7615 1261
7615 1261
7615 1261
7615 1261
7615 1261
7615 1261
7615 1261
7615 1261
7615 1261
7615 1261
7615 1261
7615 1261
7615 1261
7615 1261
7615 1261
7615 1261
7615 1261
7615 1261
7615 1261
7615 1261
7615 1261
7615 1261
7615 1261
7615 1261
7615 1261
7615 1261
7615 1261
7615 1261
7615 1261
7615 1261
7615 1261
7615 1261
7615 1261
7615 1261
7615 1261
7615 1261
7615 1261
7615 1261
7615 1261
7615 1261
7615 1261
7615 1261
7615 1261
7615 1261
7615 1261
7615 1261
7615 1261
7615 1261
7615 1261
7615 1261
7615 1261
7615 1261
7615 1261
7615 1261
7615 1261
7615 1261
7615 1261
7615 1261
7615 1261
7615 1261
7615 1261
7615 1261
7615 1261
7615 1261
7615 1261
7615 1261
7615 1261
7615 1261
7615 1261
7615 1261
7615 1261
7615 1261
7615 1261
7615 1261
7615 1261
7616 1221
7616 1221
7616 1261
7616 1261
7616 1261
7616 1261
7616 1261
7616 1261
7616 1261
7616 1261
7616 1261
7616 1261
7616 1261
7616 1261
7616 1261
7616 1261
7616 1261
7616 1261
7616 1261
7616 1261
7616 1261
7616 1261
7616 1261
7616 1261
7616 1261
7616 1261
7616 1261
7616 1261
7616 1261
7616 1261
7616 1261
7616 1261
7616 1261
7616 1261
7616 1261
7616 1261
7616 1261
7616 1261
7616 1261
7616 1261
7616 1261
7616 1261
7616 1261
7616 1261
7616 1261
7616 1261
7616 1261
7616 1261
7616 1261
7616 1261
7616 1261
7616 1261
7616 1261
7616 1261
7616 1261
7616 1261
7616 1261
7616 1261
7616 1261
7616 1261
7616 1261
7616 1261
7616 1261
7616 1261
7616 1261
7616 1261
7616 1261
7616 1261
7616 1261
7616 1261
7616 1261
7616 1261
7616 1261
7616 1261
7616 1261
7616 1261
7616 1261
7616 1261
7616 1261
7616 1261
7616 1261
7616 1261
7616 1261
7616 1261
7616 1261
7616 1261
7616 1261
7616 1261
7616 1261
7616 1261
7616 1261
7616 1261
7616 1261
7616 1261
7616 1261
7616 1261
7616 1261
7616 1261
7616 1261
7616 1261
7616 1261
7616 1261
7616 1261
7616 1261
7616 1261
7616 1261
7616 1261
7616 1261
7616 1261
7616 1261
7616 1261
7616 1261
7616 1261
7616 1261
7616 1261
7616 1261
7616 1261
7616 1261
7616 1261
7616 1261
7616 1261
7616 1261
7616 1261
7616 1261
7617 2333
7617 1221
7617 3756
7617 2963
7618 3840
7618 1758
7618 1221
7618 3286
7619 1221
7619 2333
7619 2963
7619 1439
7620 2333
7620 2963
7620 1221
7620 1244
7621 1221
7621 1243
7621 1261
7621 2963
7622 1221
7622 1261
7622 1243
7622 2963
7623 1221
7623 1221
7623 2333
7623 2963
7624 1221
7624 1244
7624 1409
7624 4462
7624 2385
7625 1221
7625 1221
7625 1244
7625 1244
7625 1243
7625 2333
7625 2457
7625 2963
7625 4462
7626 1221
7626 2339
7626 1221
7626 2963
7627 1572
7627 1573
7627 2866
7627 1221
7628 1244
7628 1221
7628 1221
7628 2017
7628 2333
7628 5174
7628 2501
7628 3369
7628 2457
7629 1221
7629 3647
7629 2333
7629 2457
7629 3756
7630 1221
7630 1341
7630 1631
7630 45
7631 2339
7631 2963
7631 1221
7631 1750
7632 1221
7632 1261
7632 1261
7632 1261
7632 1261
7632 1261
7632 1261
7632 1261
7632 1261
7632 1261
7632 1261
7632 1261
7632 1261
7632 1261
7632 1261
7632 1261
7632 1261
7632 1261
7632 1261
7632 1261
7632 1261
7632 1261
7632 1261
7632 1261
7632 1261
7632 1261
7632 1261
7632 1261
7632 1261
7632 1261
7632 1261
7632 1261
7632 1261
7632 1261
7632 1261
7632 1261
7632 1261
7632 1261
7632 1261
7632 1261
7632 1261
7632 1261
7632 1261
7632 1261
7632 1261
7632 1261
7632 1261
7632 1261
7632 1261
7632 1261
7632 1261
7632 1261
7632 1261
7632 1261
7632 1261
7632 1261
7632 1261
7632 1261
7632 1261
7632 1261
7632 1261
7632 1261
7632 1261
7632 1261
7632 1261
7632 1261
7632 1261
7632 1261
7632 1261
7632 1261
7632 1261
7632 1261
7632 1261
7632 1261
7632 1261
7632 1261
7632 1261
7632 1261
7632 1261
7632 1261
7632 1261
7632 1261
7632 1261
7632 1261
7632 1261
7632 1261
7632 1261
7632 1261
7632 1261
7632 1261
7632 1261
7632 1261
7632 1261
7632 1261
7632 1261
7632 1261
7632 1261
7632 1261
7632 1261
7632 1261
7632 1261
7632 1261
7632 1261
7632 1261
7632 1261
7632 1261
7632 1261
7632 1261
7632 1261
7632 1261
7632 1261
7632 1261
7632 1261
7632 1261
7632 1261
7632 1261
7632 1261
7632 1261
7632 1261
7632 1261
7632 1261
7632 1261
7632 1261
7633 1259
7633 2333
7633 2457
7633 1221
7633 2963
7634 1221
7634 1261
7634 1261
7634 1261
7634 1261
7634 1261
7634 1261
7634 1261
7634 1261
7634 1261
7634 1261
7634 1261
7634 1261
7634 1261
7634 1261
7634 1261
7634 1261
7634 1261
7634 1261
7634 1261
7634 1261
7634 1261
7634 1261
7634 1261
7634 1261
7634 1261
7634 1261
7634 1261
7634 1261
7634 1261
7634 1261
7634 1261
7634 1261
7634 1261
7634 1261
7634 1261
7634 1261
7634 1261
7634 1261
7634 1261
7634 1261
7634 1261
7634 1261
7634 1261
7634 1261
7634 1261
7634 1261
7634 1261
7634 1261
7634 1261
7634 1261
7634 1261
7634 1261
7634 1261
7634 1261
7634 1261
7634 1261
7634 1261
7634 1261
7634 1261
7634 1261
7634 1261
7634 1261
7634 1261
7634 1261
7634 1261
7634 1261
7634 1261
7634 1261
7634 1261
7634 1261
7634 1261
7634 1261
7634 1261
7634 1261
7634 1261
7634 1261
7634 1261
7634 1261
7634 1261
7634 1261
7634 1261
7634 1261
7634 1261
7634 1261
7634 1261
7634 1261
7634 1261
7634 1261
7634 1261
7634 1261
7634 1261
7634 1261
7634 1261
7634 1261
7634 1261
7634 1261
7634 1261
7634 1261
7634 1261
7634 1261
7634 1261
7634 1261
7634 1261
7634 1261
7634 1261
7634 1261
7634 1261
7634 1261
7634 1261
7634 1261
7634 1261
7634 1261
7634 1261
7634 1261
7634 1261
7634 1261
7634 1261
7634 1261
7634 1261
7634 1261
7634 1261
7634 1261
7635 1524
7635 1528
7635 1663
7635 1221
7636 1225
7636 2658
7636 1341
7636 1930
7637 1226
7637 1230
7637 2015
7637 2595
7637 3195
7638 2914
7638 3721
7638 3455
7638 3124
7638 3465
7638 1911
7638 3555
7638 1227
7638 1523
7638 4441
7638 1637
7639 3633
7639 1227
7639 4654
7639 3712
7640 3441
7640 3504
7640 2349
7640 1227
7640 2593
7640 245
7641 2181
7641 3192
7641 3597
7641 3571
7641 1227
7641 1841
7641 4303
7641 4206
7641 4120
7641 1201
7641 3449
7642 3147
7642 1229
7642 3761
7642 4000
7642 1942
7642 4027
7642 3009
7643 2520
7643 1230
7643 3048
7643 2716
7644 1650
7644 1335
7644 3469
7644 1232
7644 3933
7645 1233
7645 2351
7645 4099
7645 3265
7645 3940
7646 1233
7646 1410
7646 3720
7646 4202
7647 2700
7647 5414
7647 1770
7647 3491
7647 1234
7647 3538
7647 3863
7647 3864
7647 4075
7647 4165
7647 4291
7647 4458
7647 1628
7647 5585
7647 5925
7648 4147
7648 4370
7648 1235
7648 1470
7648 3458
7649 2910
7649 1235
7649 1260
7649 2301
7650 1458
7650 1459
7650 1472
7650 2301
7650 3306
7650 5070
7650 3928
7650 1235
7650 3841
7650 3801
7651 1436
7651 1470
7651 1299
7651 1235
7651 3807
7652 1691
7652 1950
7652 3570
7652 1695
7652 1236
7653 2848
7653 1326
7653 4281
7653 1236
7654 1236
7654 2716
7654 5371
7654 2897
7654 5753
7655 1679
7655 1836
7655 3919
7655 1238
7656 1239
7656 1240
7656 1238
7656 4805
7657 2054
7657 1241
7657 2079
7657 1639
7658 1433
7658 1694
7658 2337
7658 694
7658 1242
7659 1242
7659 1254
7659 1921
7659 376
7660 1242
7660 2709
7660 1500
7660 1710
7661 1243
7661 1893
7661 2339
7661 4462
7662 1243
7662 1244
7662 2333
7662 2339
7663 1750
7663 1244
7663 1244
7663 1409
7664 1409
7664 1244
7664 4462
7664 1409
7665 2456
7665 1244
7665 2339
7665 3793
7666 1252
7666 1826
7666 252
7666 2987
7667 1919
7667 797
7667 1604
7667 1759
7667 5516
7667 1260
7667 2198
7667 4328
7668 1517
7668 2521
7668 2635
7668 2049
7668 4039
7668 2484
7668 3895
7668 1260
7668 3813
7668 3814
7668 4349
7669 1260
7669 1447
7669 1452
7669 2301
7670 2333
7670 2963
7670 1261
7670 1261
7670 1261
7670 1261
7670 1261
7670 1261
7670 1261
7670 1261
7670 1261
7670 1261
7670 1261
7670 1261
7670 1261
7670 1261
7670 1261
7670 1261
7670 1261
7670 1261
7670 1261
7670 1261
7670 1261
7670 1261
7670 1261
7670 1261
7670 1261
7670 1261
7670 1261
7670 1261
7670 1261
7670 1261
7670 1261
7670 1261
7670 1261
7670 1261
7670 1261
7670 1261
7670 1261
7670 1261
7670 1261
7670 1261
7670 1261
7670 1261
7670 1261
7670 1261
7670 1261
7670 1261
7670 1261
7670 1261
7670 1261
7670 1261
7670 1261
7670 1261
7670 1261
7670 1261
7670 1261
7670 1261
7670 1261
7670 1261
7670 1261
7670 1261
7670 1261
7670 1261
7670 1261
7670 1261
7670 1261
7670 1261
7670 1261
7670 1261
7670 1261
7670 1261
7670 1261
7670 1261
7670 1261
7670 1261
7670 1261
7670 1261
7670 1261
7670 1261
7670 1261
7670 1261
7670 1261
7670 1261
7670 1261
7670 1261
7670 1261
7670 1261
7670 1261
7670 1261
7670 1261
7670 1261
7670 1261
7670 1261
7670 1261
7670 1261
7670 1261
7670 1261
7670 1261
7670 1261
7670 1261
7670 1261
7670 1261
7670 1261
7670 1261
7670 1261
7670 1261
7670 1261
7670 1261
7670 1261
7670 1261
7670 1261
7670 1261
7670 1261
7670 1261
7670 1261
7670 1261
7670 1261
7670 1261
7670 1261
7670 1261
7670 1261
7670 1261
7670 1221
7670 1261
7671 1313
7671 2990
7671 1264
7671 4918
7671 2083
7671 5196
7672 1265
7672 2603
7672 3411
7672 3437
7673 5057
7673 1265
7673 1387
7673 2220
7674 3835
7674 1268
7674 1428
7674 1593
7674 5684
7674 5847
7675 1688
7675 1268
7675 2485
7675 2669
7675 3787
7676 1273
7676 3419
7676 4018
7676 3357
7676 5755
7677 1275
7677 4039
7677 2812
7677 1782
7678 1276
7678 1864
7678 4191
7678 4322
7679 1410
7679 5015
7679 6107
7679 1285
7680 1285
7680 1384
7680 2059
7680 2612
7680 3333
7681 2347
7681 3457
7681 1285
7681 3259
7682 1287
7682 1290
7682 2989
7682 3625
7683 1289
7683 3728
7683 1662
7683 1448
7684 3049
7684 2959
7684 1388
7684 1289
7684 1094
7685 3172
7685 5478
7685 2250
7685 1289
7686 3166
7686 1500
7686 2709
7686 1289
7687 1289
7687 1679
7687 1679
7687 1679
7687 1679
7687 1836
7687 1836
7687 1836
7687 1836
7688 5801
7688 4129
7688 1292
7688 4466
7689 2886
7689 3880
7689 2147
7689 2228
7689 4313
7689 4313
7689 4460
7689 4204
7689 2165
7689 1292
7689 913
7689 3649
7689 3654
7689 2543
7690 4228
7690 1292
7690 2214
7690 3055
7690 3252
7690 3266
7691 3310
7691 1857
7691 4019
7691 4471
7691 3293
7691 2936
7691 1371
7691 1292
7691 3624
7691 2727
7692 2427
7692 2193
7692 2593
7692 3725
7692 2544
7692 1292
7692 4346
7692 2819
7693 3780
7693 3890
7693 2547
7693 3921
7693 1292
7693 3463
7693 4282
7693 3338
7693 2543
7693 245
7694 1292
7694 3463
7694 3083
7694 4346
7694 4348
7695 3451
7695 3123
7695 1296
7695 4420
7695 3426
7695 2686
7695 2685
7695 4205
7695 1292
7695 4228
7695 4327
7695 2436
7695 2021
7695 1687
7696 1368
7696 1362
7696 3315
7696 1841
7696 4148
7696 2516
7696 3989
7696 4432
7696 4446
7696 1292
7696 1493
7696 439
7697 4386
7697 4228
7697 5544
7697 2544
7697 1292
7697 3470
7697 4466
7697 1208
7697 3273
7697 1298
7697 3338
7697 1376
7697 3013
7697 1326
7698 2090
7698 2557
7698 3691
7698 1292
7699 1865
7699 3173
7699 1292
7699 2685
7699 4205
7699 3266
7699 3463
7699 1493
7699 3463
7699 4460
7699 2728
7699 2533
7700 3404
7700 3320
7700 3723
7700 1292
7700 4754
7701 2198
7701 1293
7701 1637
7701 1878
7701 3978
7702 4233
7702 4270
7702 1848
7702 2934
7702 4129
7702 1293
7703 2193
7703 1668
7703 3784
7703 4224
7703 1293
7704 1295
7704 4106
7704 4107
7704 5492
7704 5589
7705 1297
7705 2695
7705 2696
7705 3987
7706 3077
7706 2181
7706 3680
7706 1298
7706 2021
7707 2390
7707 2606
7707 4300
7707 3734
7707 1298
7707 1312
7708 3312
7708 3279
7708 2979
7708 4103
7708 4471
7708 2029
7708 3340
7708 4248
7708 3463
7708 3083
7708 1298
7708 3978
7708 4346
7709 1795
7709 3377
7709 1614
7709 1615
7709 1842
7709 2355
7709 3664
7709 4265
7709 4273
7709 1855
7709 1395
7709 2686
7709 3252
7709 2544
7709 3020
7709 1493
7709 3083
7709 3463
7709 3738
7709 1298
7709 1122
7710 1303
7710 1971
7710 1323
7710 2749
7710 2856
7710 5814
7711 1303
7711 5577
7711 5578
7711 5722
7712 1304
7712 1879
7712 1368
7712 1369
7712 3274
7712 3915
7713 1337
7713 2604
7713 2692
7713 1304
7713 3230
7713 1507
7714 1786
7714 2844
7714 2073
7714 3122
7714 1308
7715 2143
7715 2145
7715 1313
7715 696
7716 1313
7716 2569
7716 696
7716 1821
7716 2662
7717 3850
7717 3818
7717 1315
7717 3230
7718 2346
7718 2729
7718 5126
7718 1317
7718 1605
7719 1321
7719 1321
7719 3358
7719 4202
7719 229
7720 2083
7720 2481
7720 2593
7720 1322
7720 1326
7720 3977
7720 3444
7720 5457
7721 1322
7721 1634
7721 1805
7721 4326
7722 1324
7722 1500
7722 1500
7722 2709
7722 1500
7722 2630
7723 1324
7723 1679
7723 1836
7723 3832
7723 1500
7723 1586
7724 2804
7724 5455
7724 5616
7724 1325
7725 4524
7725 1325
7725 1967
7726 3315
7726 2746
7726 3680
7726 1615
7726 1638
7726 2936
7726 4475
7726 3958
7726 4466
7726 3273
7726 3292
7726 2021
7726 3338
7726 1326
7726 4346
7726 2819
7726 4347
7726 4281
7727 2934
7727 2937
7727 2935
7727 1493
7727 2436
7727 2356
7727 2543
7727 1326
7727 3977
7728 3780
7728 3890
7728 3750
7728 2880
7728 2936
7728 3958
7728 2704
7728 3013
7728 1326
7729 3820
7729 2481
7729 1326
7729 2157
7729 3863
7729 4020
7730 3703
7730 2320
7730 2270
7730 1326
7731 3977
7731 4281
7731 1326
7731 3445
7731 3006
7731 5457
7731 3444
7732 1326
7732 3584
7732 2503
7732 5367
7732 2454
7733 1326
7733 1326
7733 1326
7733 2593
7733 3660
7734 1326
7734 1326
7734 1326
7734 3066
7734 3811
7734 2937
7734 3446
7734 4281
7735 2187
7735 1831
7735 1326
7735 3610
7735 1326
7735 3883
7735 3411
7735 3435
7735 4786
7736 1326
7736 3191
7736 2593
7736 2083
7736 3013
7737 1326
7737 1326
7737 5096
7737 3957
7738 1326
7738 2722
7738 1716
7738 2580
7738 3054
7739 1326
7739 3019
7739 1326
7739 3921
7740 4229
7740 1326
7740 4261
7740 1748
7741 2486
7741 1326
7741 2846
7741 82
7742 1326
7742 2220
7742 4856
7742 5131
7743 1326
7743 2653
7743 2991
7743 3604
7744 1328
7744 3182
7744 2160
7744 3414
7744 2100
7744 3518
7744 4367
7744 263
7745 1328
7745 1762
7745 3704
7745 3973
7746 1748
7746 1328
7746 2510
7746 2612
7746 3104
7747 1331
7747 2701
7747 3621
7747 2282
7748 2120
7748 2200
7748 2211
7748 1331
7749 1332
7749 3488
7749 1935
7749 3307
7750 4879
7750 1331
7750 1920
7750 3583
7751 3204
7751 1333
7751 3259
7751 3204
7752 1333
7752 2892
7752 4921
7752 647
7752 4981
7753 2709
7753 1334
7753 1500
7753 1500
7753 1500
7753 2711
7753 1500
7753 1500
7753 1500
7753 5851
7754 1335
7754 1336
7754 1613
7754 3835
7755 1336
7755 1598
7755 2171
7755 2416
7755 3870
7756 3422
7756 2576
7756 1671
7756 2661
7756 1341
7757 2701
7757 1340
7757 2831
7757 3618
7757 3682
7758 1679
7758 1679
7758 1836
7758 1836
7758 1340
7759 1806
7759 2139
7759 1340
7759 1343
7760 2831
7760 2536
7760 1340
7760 2722
7760 3362
7761 2571
7761 83
7761 2734
7761 1341
7762 1960
7762 1485
7762 1341
7762 2729
7763 1417
7763 1410
7763 2823
7763 5643
7763 2640
7763 1341
7763 3130
7764 5354
7764 1341
7764 5133
7764 5169
7765 1340
7765 1470
7765 3458
7765 1455
7766 1368
7766 1369
7766 3274
7766 1341
7767 2000
7767 1341
7767 1994
7767 1920
7768 1340
7768 2293
7768 1993
7768 2191
7769 3084
7769 3084
7769 2764
7769 1340
7769 3942
7770 3004
7770 1340
7770 2021
7770 3704
7771 1340
7771 2731
7771 3205
7771 4371
7772 2266
7772 1340
7772 4179
7772 5825
7772 663
7772 1120
7773 2102
7773 1340
7773 3128
7773 3751
7773 1956
7773 4237
7773 1615
7774 1340
7774 1735
7774 2831
7774 1583
7775 3411
7775 1340
7775 1816
7776 1691
7776 5966
7776 1340
7776 2831
7776 3691
7776 3182
7777 5562
7777 1410
7777 2297
7777 1340
7777 2297
7778 4780
7778 3685
7778 1340
7778 3691
7778 3049
7779 1340
7779 1512
7779 3259
7779 3602
7780 1340
7780 4396
7780 2155
7780 4026
7780 1881
7781 1809
7781 1340
7781 1532
7781 3552
7782 1667
7782 1340
7782 1748
7782 1929
7783 1340
7783 2409
7783 2409
7783 1427
7784 1340
7784 1369
7784 3274
7784 2585
7785 1342
7785 3922
7785 1342
7785 3922
7786 1400
7786 1886
7786 1342
7786 3922
7787 4364
7787 3426
7787 1342
7787 3922
7787 914
7787 905
7787 1493
7787 3427
7787 3978
7787 4348
7788 1342
7788 3922
7788 2365
7788 2300
7789 5771
7789 1345
7789 4336
7789 2223
7789 2283
7790 302
7790 1782
7790 4225
7790 1343
7790 695
7790 778
7790 1992
7791 2365
7791 1344
7791 2335
7791 2336
7791 2338
7792 1344
7792 1417
7792 2608
7792 2729
7792 1310
7793 1504
7793 3480
7793 1343
7793 36
7794 1344
7794 1679
7794 1836
7794 1679
7794 1836
7795 1344
7795 3412
7795 1661
7795 1924
7796 1500
7796 1500
7796 2709
7796 1343
7796 1870
7796 3557
7796 3558
7796 3552
7796 3860
7797 2654
7797 1343
7797 3644
7797 1404
7797 3899
7798 1344
7798 4973
7798 3414
7798 2510
7798 1989
7799 1344
7799 1527
7799 1527
7799 1527
7800 1346
7800 2709
7800 1500
7800 1500
7800 2263
7800 5536
7801 2091
7801 2244
7801 1348
7801 2092
7802 1351
7802 3520
7802 3865
7802 1441
7803 2624
7803 2624
7803 2833
7803 1353
7804 1941
7804 1354
7804 2428
7804 2856
7804 3504
7804 3834
7804 2953
7804 2218
7804 3055
7804 2938
7804 1371
7804 3958
7804 4017
7805 1354
7805 2725
7805 3180
7805 2587
7805 3194
7805 2427
7805 3504
7806 1354
7806 2155
7806 3808
7806 913
7807 1354
7807 3522
7807 2518
7807 2640
7807 3508
7807 2419
7807 4087
7807 4053
7807 4288
7807 4267
7807 2516
7807 3463
7807 3981
7808 1355
7808 2845
7808 3693
7808 5805
7809 1356
7809 2080
7809 2400
7809 3288
7810 1357
7810 1362
7810 3435
7810 4846
7811 2764
7811 1366
7811 1742
7811 1876
7811 2369
7811 4743
7811 3278
7811 1427
7811 2586
7811 1357
7811 11
7811 3978
7812 1364
7812 1357
7812 1874
7812 1875
7812 3278
7813 4200
7813 1357
7813 3811
7813 4059
7813 1583
7814 1706
7814 1357
7814 1366
7814 1370
7815 3179
7815 1362
7815 1357
7815 2079
7815 1361
7815 3595
7815 2765
7815 3411
7815 1363
7815 3990
7816 1357
7816 1367
7816 1368
7816 1618
7816 1920
7816 2267
7816 2269
7816 2585
7816 2766
7816 1793
7817 1357
7817 1520
7817 1876
7817 1367
7817 1793
7817 1367
7817 2134
7817 2810
7817 1604
7817 3570
7817 986
7818 1358
7818 2369
7818 2586
7818 4314
7818 6067
7819 1881
7819 5627
7819 1358
7819 1362
7819 3125
7820 1367
7820 1360
7820 1876
7820 1920
7820 2866
7821 1793
7821 1366
7821 1827
7821 3004
7821 1361
7821 1816
7821 4387
7821 3824
7821 5500
7821 5639
7822 1361
7822 1364
7822 2585
7822 2585
7823 1361
7823 1366
7823 1370
7823 2234
7823 3411
7823 3435
7824 1360
7824 1364
7824 2762
7824 2748
7824 2904
7824 2541
7824 1920
7825 1362
7825 1920
7825 3411
7825 1370
7825 1876
7825 2616
7825 2762
7825 3278
7825 3437
7825 3989
7825 4200
7826 1362
7826 1369
7826 3274
7826 3435
7826 3948
7827 1362
7827 1920
7827 2421
7827 3435
7827 3812
7827 1363
7827 3437
7827 4200
7828 3179
7828 5742
7828 1362
7828 3595
7829 3621
7829 3839
7829 1362
7829 4059
7829 2312
7830 1467
7830 3292
7830 5549
7830 1362
7830 1363
7831 1366
7831 3595
7831 1362
7831 1369
7831 3274
7832 1679
7832 1679
7832 1836
7832 1836
7832 1679
7832 1836
7832 1592
7832 1362
7832 4845
7833 1362
7833 1876
7833 3436
7833 3437
7833 3813
7833 4059
7833 4475
7834 1368
7834 1369
7834 1793
7834 3274
7834 1363
7835 1362
7835 1363
7835 3411
7835 3435
7836 1363
7836 1366
7836 1370
7836 4149
7837 1363
7837 3354
7837 4200
7837 4843
7837 4846
7838 3413
7838 1363
7838 5170
7838 3619
7838 3621
7838 3682
7839 1364
7839 3553
7839 4028
7839 4243
7839 1264
7839 4029
7840 1410
7840 1369
7840 3274
7840 1367
7840 2079
7840 1920
7840 1368
7840 2765
7840 1362
7841 2709
7841 3582
7841 1362
7841 1648
7842 1500
7842 2709
7842 2714
7842 2630
7842 2711
7842 1364
7843 2566
7843 1363
7843 3435
7843 4200
7844 2416
7844 2551
7844 2625
7844 1362
7845 3452
7845 1748
7845 3496
7845 2177
7845 1365
7846 5394
7846 1421
7846 3352
7846 3483
7846 3352
7846 1368
7846 1369
7846 3274
7846 1364
7846 3386
7847 1363
7847 2719
7847 3033
7847 1112
7848 1781
7848 1992
7848 1365
7848 4749
7848 1503
7849 1362
7849 1369
7849 1793
7849 3274
7849 2585
7850 1921
7850 3646
7850 3073
7850 2479
7850 3715
7850 1364
7850 3595
7851 1921
7851 2487
7851 1364
7851 1368
7851 1369
7851 3274
7851 3631
7851 3437
7851 801
7851 1604
7851 3435
7851 3436
7851 3601
7851 1759
7852 1364
7852 3179
7852 3436
7852 3437
7853 2319
7853 1364
7853 1367
7853 1742
7853 2268
7853 2271
7853 2321
7853 3438
7853 2762
7854 1364
7854 1367
7854 1369
7854 1793
7854 3274
7855 1366
7855 1370
7855 1742
7855 3814
7855 4472
7856 1366
7856 1367
7856 2616
7856 4059
7857 1366
7857 1370
7857 4028
7857 3733
7858 1366
7858 1370
7858 3354
7859 4491
7859 1364
7859 1912
7859 2585
7859 2630
7859 1901
7860 2571
7860 1366
7860 1369
7860 3274
7860 2243
7861 1366
7861 1370
7861 1432
7861 3436
7861 3437
7861 3595
7862 1920
7862 1364
7862 1920
7862 1876
7863 1368
7863 1369
7863 3274
7863 2831
7864 1368
7864 1369
7864 3274
7864 2487
7864 5388
7864 2819
7865 1368
7865 1369
7865 1876
7865 3274
7865 1920
7866 1366
7866 1370
7866 3610
7866 1370
7867 1366
7867 1874
7867 2585
7867 3610
7867 1367
7868 1368
7868 1369
7868 1920
7868 3274
7869 1368
7869 1369
7869 2764
7869 3274
7870 1367
7870 1368
7870 1369
7870 1742
7870 2764
7870 3274
7870 4472
7871 2322
7871 1368
7871 1369
7871 3274
7872 1368
7872 1369
7872 2762
7872 2764
7872 3274
7873 3860
7873 3004
7873 1369
7873 3274
7874 4695
7874 2656
7874 1367
7874 3374
7874 3041
7875 1368
7875 1369
7875 2103
7875 3274
7876 1368
7876 1369
7876 1920
7876 3274
7877 1368
7877 1369
7877 3274
7877 5106
7878 1742
7878 1368
7878 2079
7878 4382
7879 3438
7879 3962
7879 1369
7879 3274
7879 2764
7880 1369
7880 1920
7880 3274
7880 3989
7881 1793
7881 1785
7881 2628
7881 1369
7881 3274
7881 1368
7882 1368
7882 1369
7882 1369
7882 3274
7882 3274
7883 3435
7883 1369
7883 3274
7883 3022
7884 2889
7884 1369
7884 1876
7884 3274
7885 3089
7885 1369
7885 1370
7885 3274
7886 1368
7886 1368
7886 1368
7886 1369
7886 3274
7887 1368
7887 1368
7887 1368
7887 1369
7887 1369
7887 3274
7887 3274
7888 1367
7888 1876
7888 2762
7888 1367
7888 3083
7889 1368
7889 1369
7889 3274
7889 3610
7890 1367
7890 1876
7890 1920
7890 2763
7891 1368
7891 1369
7891 3274
7891 4745
7892 1368
7892 1369
7892 3274
7892 1500
7892 1500
7892 1805
7892 1917
7892 2709
7893 1368
7893 1748
7893 1920
7893 2766
7894 1368
7894 1369
7894 1793
7894 3274
7895 1369
7895 3274
7895 3411
7895 5619
7896 1368
7896 1369
7896 1793
7896 3274
7897 1369
7897 3274
7897 1042
7897 3729
7898 1369
7898 3274
7898 3411
7898 3435
7899 2724
7899 1476
7899 4159
7899 3866
7899 1371
7900 2593
7900 3725
7900 2593
7900 3660
7900 4218
7900 3325
7900 3658
7900 1371
7900 3957
7901 3746
7901 3025
7901 4385
7901 3658
7901 4224
7901 1371
7901 4291
7902 2938
7902 2937
7902 2486
7902 3658
7902 1371
7902 2489
7902 1493
7902 3463
7902 3190
7902 2728
7902 3449
7902 3675
7902 4247
7903 3746
7903 4083
7903 3984
7903 2415
7903 4361
7903 1565
7903 2544
7903 1371
7903 3798
7903 4432
7904 2935
7904 1372
7904 3202
7904 4624
7904 2197
7904 4888
7904 507
7904 5019
7904 5619
7905 1920
7905 1373
7905 4253
7905 1923
7905 3729
7906 1374
7906 1716
7906 2903
7906 2784
7906 1560
7907 2489
7907 3488
7907 3524
7907 1376
7907 3977
7907 4348
7908 1376
7908 2146
7908 855
7908 5303
7909 3484
7909 1508
7909 3631
7909 5070
7909 1376
7909 5093
7910 1379
7910 1380
7910 4849
7910 4851
7910 1377
7910 4852
7911 2156
7911 1762
7911 2156
7911 1379
7912 2428
7912 1902
7912 2517
7912 1452
7912 1378
7912 1830
7912 2023
7912 1310
7912 4383
7913 1381
7913 3850
7913 1694
7913 2849
7914 1470
7914 1384
7914 4004
7914 5257
7915 1384
7915 2161
7915 3518
7915 3987
7915 4074
7916 1493
7916 1385
7916 3022
7916 3863
7917 1385
7917 4528
7917 5107
7917 4829
7918 1384
7918 1831
7918 2220
7918 3096
7918 4096
7919 1386
7919 3430
7919 3722
7919 2934
7920 1955
7920 1386
7920 1802
7920 2768
7920 3133
7920 3398
7921 1955
7921 1386
7921 3317
7921 2411
7921 2419
7921 3882
7922 1384
7922 2510
7922 2889
7922 3518
7922 4058
7922 1583
7923 1386
7923 1162
7923 2215
7923 2980
7924 1384
7924 2889
7924 2161
7924 3412
7925 1384
7925 2816
7925 2889
7925 3615
7926 1384
7926 1527
7926 2157
7926 2612
7926 3053
7926 2161
7926 3232
7926 3364
7927 1384
7927 2510
7927 3412
7927 3433
7927 4355
7928 1384
7928 1831
7928 1831
7928 3136
7929 2856
7929 3067
7929 3778
7929 4047
7929 3988
7929 4316
7929 3980
7929 1387
7929 3227
7929 4426
7929 4331
7929 2935
7929 3083
7929 3463
7929 4291
7930 1835
7930 2005
7930 1873
7930 1943
7930 1919
7930 3404
7930 2057
7930 3195
7930 2507
7930 1899
7930 3961
7930 2750
7930 4163
7930 1387
7930 2544
7930 4129
7930 3470
7930 4479
7930 2997
7930 4124
7931 1389
7931 3854
7931 3713
7931 4516
7931 4621
7931 5931
7932 1389
7932 3421
7932 5883
7932 3048
7933 1389
7933 3669
7933 4322
7933 1470
7933 606
7933 915
7933 1872
7934 1989
7934 2506
7934 1389
7934 1683
7935 1390
7935 2593
7935 3660
7935 4122
7936 3235
7936 1393
7936 1723
7936 2659
7937 1394
7937 417
7937 1723
7937 3219
7938 1876
7938 1394
7938 5026
7938 3
7939 1841
7939 2022
7939 1395
7939 4224
7939 3463
7940 3300
7940 3450
7940 5800
7940 4442
7940 4426
7940 4460
7940 4454
7940 4456
7940 1395
7940 3066
7940 4441
7940 3610
7940 3083
7940 4076
7941 1956
7941 1398
7941 1502
7941 4672
7941 5199
7942 1399
7942 3297
7942 1560
7942 1904
7942 4237
7943 1399
7943 1642
7943 2393
7943 2810
7944 1400
7944 1865
7944 2250
7944 2863
7945 2007
7945 1821
7945 5597
7945 1886
7945 1400
7945 1503
7945 2243
7945 3991
7945 4344
7945 1831
7946 1881
7946 5001
7946 1878
7946 1886
7946 1400
7946 2404
7946 5204
7947 3377
7947 1401
7947 4316
7947 3980
7947 3424
7947 2885
7947 4451
7948 1941
7948 2428
7948 3155
7948 3314
7948 3834
7948 3751
7948 1401
7948 4266
7948 2165
7949 2153
7949 4077
7949 1401
7949 4112
7950 1547
7950 2253
7950 1402
7950 2611
7950 2297
7951 1405
7951 1501
7951 4880
7951 2701
7952 1408
7952 1852
7952 3196
7952 3380
7952 3383
7953 1409
7953 2339
7953 2333
7953 2963
7954 1409
7954 2333
7954 2963
7954 2866
7955 2232
7955 1802
7955 2344
7955 1410
7956 3729
7956 1410
7956 4129
7956 1500
7957 1410
7957 1436
7957 1992
7957 4225
7958 4015
7958 1410
7958 2701
7958 3972
7959 1939
7959 1410
7959 4463
7959 3605
7960 2079
7960 2499
7960 6009
7960 1410
7961 1921
7961 2064
7961 1410
7961 3983
7961 5365
7962 2018
7962 1919
7962 2883
7962 1802
7962 3067
7962 3321
7962 3680
7962 3290
7962 1881
7962 3886
7962 1857
7962 2614
7962 1412
7962 3773
7962 1614
7962 3751
7962 3683
7962 4078
7962 2997
7962 4265
7962 4310
7962 5801
7962 3012
7962 3024
7962 4306
7962 2544
7962 3908
7962 4466
7963 1412
7963 4084
7963 3667
7963 4460
7963 4208
7964 2882
7964 2886
7964 1412
7964 3596
7964 4441
7965 1412
7965 3571
7965 3817
7965 4471
7965 4289
7965 1523
7965 2165
7966 2315
7966 2470
7966 3793
7966 1412
7966 4054
7966 2458
7966 3304
7967 2693
7967 2251
7967 2725
7967 3290
7967 3504
7967 1412
7967 1865
7967 2767
7967 4054
7967 2350
7967 4358
7967 3756
7967 3649
7967 4376
7967 2547
7967 3108
7967 4037
7967 4405
7967 4112
7967 3577
7967 3015
7967 4403
7967 3610
7967 3989
7967 3739
7967 1848
7968 2153
7968 2996
7968 2427
7968 1412
7968 4419
7968 3083
7968 3977
7968 4283
7969 1566
7969 2575
7969 2578
7969 1410
7970 2478
7970 1410
7970 3093
7970 4381
7970 2023
7970 2198
7971 1410
7971 1580
7971 2114
7971 2499
7971 2114
7972 1410
7972 1522
7972 4278
7972 2499
7973 1410
7973 1712
7973 1430
7973 2499
7974 1522
7974 1410
7974 1507
7974 2631
7974 2903
7975 4742
7975 1410
7975 1522
7975 1410
7976 1769
7976 1418
7976 1509
7976 889
7976 2239
7976 1250
7977 5807
7977 1770
7977 1419
7977 4453
7977 6041
7978 3250
7978 3252
7978 3866
7978 1419
7978 2489
7978 3463
7978 3957
7978 4465
7979 3188
7979 2935
7979 3252
7979 4297
7979 1419
7980 3454
7980 3002
7980 2479
7980 5423
7980 5677
7980 1426
7980 24
7981 3737
7981 1430
7981 3917
7981 3155
7982 1430
7982 4986
7982 2831
7982 5939
7983 1430
7983 4388
7983 2832
7984 1430
7984 1876
7984 2628
7984 2595
7985 4288
7985 3795
7985 1432
7985 2376
7986 5517
7986 1432
7986 2198
7986 3435
7987 1583
7987 3910
7987 1432
7987 2274
7988 1500
7988 2709
7988 2709
7988 1432
7989 1432
7989 1523
7989 2537
7989 3451
7990 2008
7990 1433
7990 2663
7990 1163
7991 2833
7991 2347
7991 1434
7991 3212
7991 4435
7991 3518
7992 1436
7992 1956
7992 4237
7992 1596
7993 1436
7993 1899
7993 3809
7993 3810
7994 1670
7994 1436
7994 2774
7994 3646
7995 1910
7995 5349
7995 5481
7995 1436
7995 1518
7996 4811
7996 1680
7996 1436
7996 2522
7997 2813
7997 1436
7997 2348
7997 1115
7998 1436
7998 1904
7998 2226
7998 2228
7998 2230
7998 2231
7998 2232
7999 1679
7999 1679
7999 1836
7999 1836
7999 1436
7999 1500
7999 1500
7999 1500
7999 1500
7999 2709
7999 2709
7999 2714
7999 3019
8000 1436
8000 5129
8000 1493
8000 4465
8001 1436
8001 1904
8001 3914
8001 4232
8001 5782
8001 2021
8002 3170
8002 1436
8002 1954
8002 1880
8003 2138
8003 1500
8003 1500
8003 1500
8003 1500
8003 1500
8003 2710
8003 2709
8003 1500
8003 1500
8003 2713
8003 1500
8003 1500
8003 1500
8003 1500
8003 1500
8003 2709
8003 1500
8003 1500
8003 1500
8003 1500
8003 1439
8004 5432
8004 1439
8004 2894
8004 2914
8004 2963
8005 1439
8005 2963
8005 3342
8005 2333
8006 2846
8006 2964
8006 3328
8006 1440
8006 1662
8007 1449
8007 1442
8007 5045
8007 1904
8008 1444
8008 1450
8008 2100
8008 1460
8009 3832
8009 5468
8009 5854
8009 1445
8010 1453
8010 1441
8010 1449
8010 1467
8010 1464
8010 2932
8011 3297
8011 4356
8011 1441
8011 5844
8011 4163
8011 2458
8011 2938
8011 3921
8012 1446
8012 1457
8012 1448
8012 851
8012 1440
8013 1504
8013 1441
8013 3147
8013 2521
8013 1874
8013 1875
8013 3990
8014 1446
8014 1449
8014 1457
8014 1457
8014 2645
8015 1445
8015 1456
8015 1441
8015 1795
8016 1470
8016 2202
8016 1447
8016 4015
8016 2701
8017 1449
8017 4177
8017 1453
8017 1448
8018 1925
8018 1450
8018 2585
8018 4287
8019 2100
8019 1449
8019 2527
8019 3728
8020 1449
8020 2114
8020 1448
8020 1456
8020 3343
8021 1450
8021 1469
8021 1471
8021 3595
8022 1450
8022 1467
8022 2433
8022 1471
8023 1451
8023 1453
8023 1463
8023 1464
8024 1453
8024 1449
8024 1460
8024 1464
8024 1469
8025 1449
8025 1684
8025 1468
8025 2769
8025 2507
8026 1449
8026 1500
8026 2710
8026 1697
8026 2709
8026 1524
8027 1459
8027 2301
8027 2889
8027 1452
8027 2777
8027 4340
8028 1455
8028 1470
8028 3420
8028 1454
8028 2217
8029 1449
8029 1468
8029 1457
8029 5357
8029 5422
8030 1452
8030 1470
8030 2301
8030 2382
8031 1679
8031 1679
8031 1836
8031 1836
8031 1458
8031 1679
8031 1836
8032 1455
8032 2428
8032 2587
8032 3194
8032 3540
8032 3680
8032 3723
8032 4055
8032 4019
8032 2165
8032 3272
8032 4077
8032 3837
8032 4117
8032 2218
8033 1460
8033 1679
8033 1836
8033 3225
8033 6052
8034 1459
8034 1500
8034 1500
8034 3973
8034 1509
8035 1463
8035 1679
8035 1679
8035 1836
8035 1836
8035 1679
8035 1836
8035 1679
8035 1836
8035 2454
8036 1812
8036 1467
8036 2299
8037 1470
8037 622
8037 1235
8037 1466
8038 1812
8038 2937
8038 1470
8038 2369
8038 3278
8039 1467
8039 1964
8039 6067
8039 2585
8040 1470
8040 2177
8040 3423
8040 2732
8041 1470
8041 1661
8041 1458
8041 4874
8042 1470
8042 2301
8042 615
8042 622
8043 1471
8043 2660
8043 3006
8043 3967
8044 1472
8044 4008
8044 2833
8045 3832
8045 4237
8045 3379
8045 1470
8046 1473
8046 3415
8046 4602
8046 2138
8047 1470
8047 2329
8047 2358
8047 5191
8048 1930
8048 2138
8048 1473
8048 1929
8049 1473
8049 1476
8049 3020
8049 4293
8049 1936
8049 3649
8049 2358
8049 2436
8049 2593
8049 5523
8050 1474
8050 1615
8050 2102
8050 2813
8050 2849
8051 3119
8051 1476
8051 3314
8051 2980
8051 2349
8051 4302
8051 3176
8051 3908
8052 1940
8052 1943
8052 2996
8052 1476
8053 2908
8053 3067
8053 1476
8053 3227
8053 4454
8053 2458
8053 2937
8053 4116
8053 3083
8053 3463
8053 2543
8053 3304
8054 2856
8054 1476
8054 3387
8054 3495
8054 3960
8054 4158
8054 4207
8055 3325
8055 1610
8055 1478
8055 3715
8055 4368
8055 1052
8056 2058
8056 1478
8056 1799
8056 3504
8057 2914
8057 2915
8057 1478
8057 4456
8058 3442
8058 1478
8058 3397
8058 2419
8058 3055
8058 4291
8059 3300
8059 1478
8059 2058
8059 3495
8059 3750
8059 2215
8059 3711
8059 3086
8059 2358
8059 3977
8060 1478
8060 3365
8060 4242
8060 1687
8061 1478
8061 3310
8061 3575
8061 4159
8061 4273
8061 479
8062 1478
8062 3313
8062 3778
8062 2886
8062 3624
8063 1479
8063 1070
8063 3205
8063 2134
8064 5194
8064 1480
8064 2851
8064 2850
8065 3417
8065 1481
8065 1668
8065 3417
8066 2171
8066 2479
8066 3556
8066 1560
8066 1481
8066 3418
8066 3197
8066 4321
8067 1481
8067 3200
8067 4169
8067 5979
8068 1954
8068 2139
8068 1483
8068 2124
8069 2365
8069 1484
8069 2960
8069 4281
8070 1485
8070 1960
8070 3265
8070 5345
8071 3539
8071 1487
8071 3556
8071 2161
8072 2333
8072 2179
8072 1487
8072 2963
8072 1518
8072 1738
8073 2744
8073 1705
8073 2309
8073 1489
8073 1489
8074 1489
8074 1617
8074 4110
8074 5880
8075 2039
8075 2028
8075 1490
8075 1499
8076 2026
8076 1490
8076 2550
8076 2946
8076 2214
8076 1491
8076 3578
8076 3593
8076 1519
8077 1504
8077 1631
8077 3541
8077 1490
8077 3295
8077 3197
8077 3244
8078 1491
8078 3377
8078 3465
8078 4158
8078 4159
8079 3161
8079 1492
8079 3618
8079 3682
8080 3908
8080 2544
8080 3020
8080 3463
8080 1493
8081 2427
8081 4293
8081 4133
8081 3427
8081 1493
8081 1820
8081 4283
8082 2427
8082 3876
8082 3998
8082 4000
8082 4474
8082 4361
8082 2935
8082 3251
8082 1493
8082 1493
8083 3522
8083 1881
8083 311
8083 3128
8083 3358
8083 3291
8083 1615
8083 4306
8083 3227
8083 3980
8083 4303
8083 4460
8083 4461
8083 1296
8083 1493
8083 4277
8083 3266
8083 4347
8084 4083
8084 2029
8084 3739
8084 1493
8084 2533
8085 2724
8085 3318
8085 3820
8085 4266
8085 3012
8085 4432
8085 1493
8085 2982
8085 2738
8086 3970
8086 2634
8086 1493
8086 3266
8086 3083
8086 4243
8087 4330
8087 2606
8087 1493
8087 4277
8087 3266
8087 3386
8087 4346
8087 4348
8088 3151
8088 3266
8088 3083
8088 1493
8089 3721
8089 2935
8089 1493
8089 3266
8089 3273
8089 4152
8089 4128
8089 4124
8090 2411
8090 3780
8090 3890
8090 1493
8091 4037
8091 4036
8091 2544
8091 1493
8091 3463
8091 2543
8092 3992
8092 3817
8092 4259
8092 2852
8092 4307
8092 1493
8092 3083
8092 3470
8093 3312
8093 3315
8093 2664
8093 1615
8093 2958
8093 3122
8093 3965
8093 2721
8093 4331
8093 1493
8093 3083
8093 4277
8093 4197
8093 3292
8093 4282
8093 1990
8093 6093
8093 2392
8094 1493
8094 5749
8094 3986
8094 4249
8095 1886
8095 3708
8095 3828
8095 4004
8095 1493
8096 1493
8096 1731
8096 3266
8096 3463
8097 1493
8097 3093
8097 3096
8097 1801
8097 3825
8098 1493
8098 2528
8098 2744
8098 3534
8098 4518
8099 1882
8099 1493
8099 1879
8099 3125
8100 2253
8100 1493
8100 2579
8100 5147
8100 3118
8100 3371
8100 3750
8100 1566
8101 1527
8101 1527
8101 2494
8101 1494
8102 1494
8102 2505
8102 2735
8102 3153
8103 1495
8103 2198
8103 2521
8103 763
8103 4187
8104 1494
8104 4075
8104 3892
8104 3903
8105 1802
8105 3523
8105 5595
8105 1499
8106 3268
8106 2115
8106 1499
8106 1531
8107 1679
8107 1836
8107 2260
8107 1500
8107 1500
8107 2709
8107 1500
8108 1679
8108 1679
8108 1836
8108 1836
8108 1500
8109 1500
8109 2709
8109 2239
8109 4105
8110 1500
8110 1679
8110 1836
8110 2460
8111 1679
8111 1836
8111 1863
8111 1679
8111 1836
8111 1500
8111 2459
8112 1501
8112 4594
8112 1500
8112 4285
8113 1500
8113 2709
8113 3579
8113 2239
8114 2026
8114 1500
8114 2709
8114 3208
8114 3703
8115 2709
8115 1805
8115 1612
8115 1500
8115 3763
8115 1500
8116 1500
8116 1500
8116 1500
8116 1500
8116 1500
8117 1500
8117 1500
8117 1500
8117 1500
8117 2713
8118 1500
8118 2713
8118 4519
8118 4622
8118 989
8118 5689
8118 4453
8119 1500
8119 1620
8119 3554
8119 3908
8119 2275
8120 1500
8120 1679
8120 1679
8120 1679
8120 1679
8120 1679
8120 1836
8120 1836
8120 1836
8120 1836
8120 1836
8120 3225
8120 4062
8120 1679
8120 1836
8121 1500
8121 1500
8121 1500
8121 1500
8121 1500
8121 2709
8121 3777
8121 1500
8122 2734
8122 1500
8122 1500
8122 1500
8122 3703
8123 1904
8123 1500
8123 1612
8123 1679
8123 1679
8123 1836
8123 1836
8123 2734
8123 2889
8123 3900
8124 1805
8124 2734
8124 1500
8124 2711
8124 2709
8124 1500
8124 1500
8124 1500
8124 1500
8124 1500
8124 1500
8124 1500
8125 1500
8125 2295
8125 2709
8125 1500
8126 1500
8126 1500
8126 1500
8126 2709
8127 1500
8127 1500
8127 1667
8127 2710
8127 892
8127 3200
8128 2709
8128 2709
8128 1500
8128 1500
8129 3225
8129 1679
8129 1836
8129 3388
8129 1679
8129 1836
8129 1500
8130 1500
8130 1500
8130 2709
8130 1500
8131 1500
8131 1500
8131 1500
8131 1500
8132 1500
8132 1500
8132 1500
8132 1500
8132 1500
8132 2711
8133 1500
8133 1500
8133 1679
8133 1836
8133 2402
8133 1777
8134 1679
8134 1836
8134 1500
8134 1500
8134 3684
8135 1500
8135 1500
8135 1500
8135 1500
8135 1500
8135 1500
8135 1500
8135 1500
8135 1500
8135 1500
8136 1500
8136 1679
8136 1679
8136 1679
8136 1679
8136 1836
8136 1836
8136 1836
8136 1836
8136 1835
8137 1500
8137 1500
8137 1679
8137 1679
8137 1836
8137 1836
8138 1500
8138 1500
8138 1500
8138 1500
8138 2709
8139 1500
8139 3159
8139 3160
8139 3171
8139 5529
8140 1679
8140 1835
8140 1836
8140 2260
8140 2479
8140 1500
8140 1500
8140 4480
8141 1500
8141 2483
8141 2483
8141 3564
8142 1500
8142 1500
8142 2709
8142 1500
8142 1500
8142 1500
8142 1748
8143 1500
8143 1500
8143 1500
8143 2709
8144 1500
8144 1520
8144 3325
8144 5925
8145 2712
8145 1500
8145 2709
8145 1500
8146 1500
8146 1500
8146 1500
8146 1500
8147 1500
8147 2709
8147 3582
8147 4030
8148 1500
8148 1500
8148 2734
8148 4639
8149 1500
8149 1805
8149 1612
8149 2709
8150 1500
8150 2709
8150 2253
8150 5836
8151 1500
8151 2709
8151 1679
8151 1836
8152 1500
8152 1500
8152 1500
8152 2709
8153 1500
8153 2710
8153 2709
8153 2459
8154 1500
8154 1500
8154 1500
8154 2295
8155 1500
8155 1500
8155 1500
8155 1695
8156 2260
8156 1679
8156 1836
8156 1822
8156 1500
8157 1500
8157 1623
8157 1500
8157 1500
8158 1679
8158 1679
8158 1836
8158 1836
8158 1500
8158 1500
8158 1500
8158 1500
8158 1500
8158 1500
8158 1500
8158 1679
8158 1805
8158 1836
8158 2045
8158 2710
8159 1500
8159 1500
8159 1500
8159 1500
8159 2710
8159 2709
8160 1500
8160 2713
8160 1500
8160 2709
8160 1500
8160 1500
8161 1500
8161 1500
8161 1500
8161 2709
8162 2012
8162 2712
8162 2714
8162 1500
8163 1932
8163 1500
8163 1500
8163 2710
8164 1679
8164 1836
8164 1679
8164 1836
8164 1500
8165 1500
8165 1500
8165 1679
8165 1836
8166 1500
8166 2709
8166 1500
8166 1500
8166 1500
8166 1500
8167 1500
8167 1500
8167 1500
8167 1500
8167 1500
8167 1500
8167 1805
8167 2709
8168 1679
8168 1836
8168 1500
8168 1500
8168 5681
8169 2709
8169 1500
8169 1500
8169 2709
8169 1500
8169 1500
8170 1500
8170 1500
8170 2709
8170 2734
8171 1500
8171 1500
8171 4132
8171 3553
8172 1679
8172 1836
8172 1500
8172 2045
8172 2709
8172 1824
8173 1500
8173 1500
8173 1500
8173 2710
8174 2709
8174 1500
8174 2709
8174 1500
8174 1500
8175 1500
8175 2709
8175 1500
8175 1500
8176 1880
8176 1500
8176 1500
8176 1500
8176 2709
8176 2712
8176 1901
8177 1500
8177 1500
8177 1500
8177 2709
8178 1500
8178 1500
8178 1500
8178 2709
8179 1500
8179 1500
8179 2710
8179 2709
8179 2709
8180 1500
8180 2709
8180 1500
8180 2709
8181 1695
8181 2114
8181 3235
8181 4229
8181 1500
8181 1500
8181 1708
8181 2709
8181 2714
8181 5341
8181 1500
8181 3208
8182 1500
8182 1679
8182 1836
8182 2711
8182 3225
8182 2713
8183 1500
8183 1500
8183 1500
8183 2714
8184 2712
8184 1500
8184 2714
8184 1500
8184 2628
8184 3195
8185 1500
8185 1500
8185 1775
8185 1777
8185 1777
8185 3919
8185 5015
8185 3273
8185 4465
8186 1500
8186 1500
8186 1500
8186 2709
8187 1500
8187 1500
8187 1500
8187 1500
8188 1500
8188 1500
8188 1500
8188 1500
8188 2709
8189 1500
8189 2709
8189 2709
8189 2712
8190 1500
8190 2709
8190 2709
8190 5241
8191 1500
8191 1500
8191 1500
8191 2709
8192 1731
8192 2714
8192 1500
8192 2709
8192 2711
8193 1500
8193 1500
8193 2709
8193 1500
8194 1500
8194 1500
8194 1500
8194 1500
8194 1939
8195 1500
8195 2714
8195 1500
8195 2710
8196 1500
8196 1500
8196 1500
8196 2709
8197 1500
8197 2709
8197 1524
8197 1663
8198 2694
8198 1500
8198 3969
8198 1930
8198 1532
8199 1500
8199 1500
8199 1500
8199 2709
8200 1500
8200 1500
8200 2709
8200 2714
8201 2710
8201 2709
8201 1500
8201 1500
8201 1500
8202 1500
8202 1500
8202 1500
8202 2709
8202 1500
8202 1500
8203 1500
8203 1500
8203 1500
8203 1500
8203 2734
8204 1500
8204 1500
8204 1500
8204 1500
8204 2711
8205 1500
8205 1500
8205 1500
8205 1500
8205 2709
8206 1500
8206 1500
8206 2709
8206 3969
8207 1500
8207 1500
8207 1500
8207 1808
8208 1500
8208 1500
8208 2709
8208 1500
8209 1500
8209 1500
8209 1500
8209 1500
8210 1679
8210 1836
8210 1500
8210 2734
8210 2459
8211 1500
8211 1500
8211 1500
8211 2709
8211 1679
8211 1836
8212 1500
8212 2709
8212 2269
8212 3703
8213 1500
8213 1924
8213 2217
8213 2260
8213 2709
8214 1500
8214 1679
8214 1823
8214 1836
8214 2712
8215 1805
8215 2269
8215 1500
8215 2267
8216 1500
8216 1500
8216 2709
8216 2869
8217 1500
8217 2711
8217 2459
8217 2709
8217 1679
8217 1836
8217 1500
8218 1500
8218 1500
8218 2710
8218 2709
8218 2713
8218 2711
8218 2709
8219 1500
8219 2709
8219 1500
8219 2709
8220 1500
8220 1500
8220 1500
8220 2709
8221 1986
8221 2766
8221 3435
8221 3990
8221 1501
8221 4446
8222 1504
8222 3219
8222 2653
8222 3014
8222 2846
8222 1942
8222 2964
8222 3006
8222 3013
8222 3707
8222 4276
8223 1858
8223 4837
8223 1504
8223 2256
8223 1462
8224 1504
8224 3164
8224 2833
8224 5917
8225 1504
8225 1840
8225 2104
8225 2846
8226 1504
8226 1981
8226 3444
8226 3445
8227 1504
8227 2372
8227 5433
8227 3319
8227 4130
8228 1504
8228 1679
8228 1679
8228 1836
8228 1836
8229 6126
8229 3868
8229 1785
8229 6100
8229 4471
8229 6101
8229 1507
8230 1868
8230 2499
8230 1507
8230 682
8231 1545
8231 2499
8231 2823
8231 4586
8231 1507
8231 2632
8232 2190
8232 2267
8232 2269
8232 1507
8232 1921
8233 1545
8233 1507
8233 2499
8233 2322
8234 2668
8234 1509
8234 3076
8234 2547
8235 1510
8235 3059
8235 3062
8235 3004
8236 1510
8236 1789
8236 1789
8236 1789
8237 1512
8237 3726
8237 4027
8237 3704
8237 3706
8238 1729
8238 1930
8238 1512
8238 1886
8238 1886
8239 1512
8239 3297
8239 4356
8239 1620
8240 2499
8240 2607
8240 2631
8240 2381
8240 2871
8240 1522
8241 2322
8241 1523
8241 2198
8241 817
8242 1569
8242 2220
8242 4016
8242 1523
8242 2147
8243 4039
8243 2198
8243 1523
8243 3450
8244 1523
8244 4331
8244 2486
8244 4204
8245 2251
8245 3012
8245 4241
8245 1523
8245 2936
8245 3892
8245 3908
8245 3292
8245 3743
8246 1523
8246 1816
8246 2769
8246 4237
8247 1523
8247 3358
8247 2100
8247 2684
8247 4279
8247 1534
8247 4389
8248 2880
8248 3291
8248 1523
8248 1706
8248 2065
8248 1297
8248 4972
8249 1523
8249 1816
8249 2267
8249 2269
8250 1523
8250 1904
8250 2537
8250 2849
8251 1816
8251 1523
8251 4418
8251 2079
8251 1027
8251 3952
8252 1525
8252 2604
8252 4194
8253 1747
8253 3140
8253 2473
8253 1527
8254 1527
8254 1527
8254 1598
8254 3776
8255 2402
8255 2025
8255 2577
8255 3463
8255 1527
8255 1527
8256 1787
8256 2157
8256 2889
8256 3232
8256 1527
8256 2054
8257 1527
8257 3057
8257 3835
8258 1527
8258 2054
8258 1527
8258 1735
8259 1194
8259 1527
8259 2798
8259 2799
8259 4693
8260 1527
8260 1679
8260 1836
8260 1679
8260 1679
8260 1836
8260 1836
8261 1527
8261 6110
8261 2046
8261 3863
8262 1527
8262 2379
8262 2380
8262 2464
8263 1646
8263 1914
8263 1529
8263 2277
8264 1532
8264 2297
8264 2502
8264 2531
8264 2582
8264 2581
8264 2495
8265 1536
8265 2791
8265 2971
8265 3056
8265 3599
8265 3889
8265 2833
8266 4256
8266 4267
8266 4158
8266 4414
8266 1540
8266 4347
8267 3192
8267 3310
8267 3681
8267 3465
8267 2470
8267 3227
8267 3025
8267 4305
8267 4209
8267 4434
8267 2935
8267 2486
8267 4063
8267 1540
8268 2914
8268 3195
8268 2178
8268 1540
8268 4347
8269 1544
8269 1488
8269 1952
8269 2883
8269 3685
8270 1544
8270 2210
8270 2501
8270 3685
8271 1547
8271 2797
8271 2571
8271 1432
8271 2046
8272 1547
8272 2514
8272 3137
8272 3961
8273 3324
8273 3522
8273 3568
8273 3680
8273 1547
8273 3683
8274 1547
8274 2252
8274 2374
8274 2903
8274 1920
8274 2079
8274 2730
8274 1981
8275 1557
8275 1551
8275 4833
8275 3732
8276 1553
8276 2141
8276 1271
8277 2309
8277 1560
8277 1850
8277 1920
8277 2214
8278 1553
8278 4142
8278 3251
8278 1936
8278 2685
8278 4205
8278 4451
8278 2807
8278 4190
8278 4281
8279 1553
8279 1695
8279 3357
8279 1691
8279 1708
8279 2353
8279 5613
8280 1563
8280 1563
8280 3526
8280 3427
8281 1955
8281 2100
8281 3313
8281 3725
8281 2614
8281 4077
8281 3769
8281 1563
8281 4043
8281 4237
8281 3293
8281 2663
8282 3750
8282 1841
8282 1563
8282 4163
8282 4207
8283 1156
8283 3317
8283 4047
8283 1563
8283 2750
8283 4259
8283 4209
8283 1717
8283 1157
8284 3188
8284 2557
8284 3680
8284 1563
8284 4163
8284 3293
8284 1855
8284 4129
8284 4277
8285 1857
8285 1563
8285 4240
8285 4289
8285 2641
8286 1565
8286 2537
8286 3291
8286 3750
8286 3450
8287 4055
8287 4148
8287 1565
8287 1990
8288 1566
8288 1831
8288 1964
8288 3750
8289 2053
8289 2660
8289 2607
8289 3141
8289 2900
8289 2901
8289 827
8289 1568
8290 1569
8290 1970
8290 3696
8290 4429
8291 3504
8291 3886
8291 1570
8291 1848
8292 1576
8292 4494
8292 1952
8292 5719
8292 2979
8292 3670
8293 3027
8293 2202
8293 3631
8293 4132
8293 1583
8293 3952
8294 3477
8294 1679
8294 1836
8294 2734
8294 2903
8294 1583
8295 3463
8295 5023
8295 4340
8295 1583
8295 1262
8296 1583
8296 3951
8296 4189
8296 2499
8296 4276
8296 4187
8296 2631
8296 1684
8296 701
8296 1120
8296 2398
8296 3598
8297 2865
8297 2378
8297 2782
8297 1887
8297 3650
8297 2854
8297 5344
8297 1583
8298 1583
8298 609
8298 617
8298 5216
8298 5626
8299 1583
8299 2374
8299 1748
8299 2214
8300 2499
8300 1583
8300 2478
8300 3556
8301 2429
8301 2323
8301 196
8301 1583
8302 2297
8302 3884
8302 5881
8302 1583
8303 1583
8303 4136
8303 2372
8303 2569
8304 2829
8304 2615
8304 5431
8304 2883
8304 1583
8305 1583
8305 2043
8305 2593
8305 3660
8306 1583
8306 2361
8306 3987
8306 4004
8307 1583
8307 4097
8307 3503
8307 1717
8308 3917
8308 3424
8308 1585
8308 550
8308 6135
8309 1585
8309 3290
8309 6135
8309 3773
8309 3904
8309 3936
8309 4010
8310 2747
8310 2384
8310 3147
8310 1586
8311 2879
8311 1586
8311 1881
8311 1954
8311 4175
8312 5460
8312 5464
8312 5465
8312 4659
8312 1586
8313 1587
8313 1609
8313 1679
8313 1836
8313 2364
8313 3051
8313 2148
8313 4345
8314 1587
8314 3051
8314 1852
8314 3967
8315 1843
8315 1844
8315 4237
8315 1588
8316 3183
8316 3213
8316 1589
8316 1590
8317 3175
8317 3202
8317 3355
8317 3228
8317 1592
8317 5285
8318 1593
8318 2080
8318 2087
8318 2400
8319 1594
8319 2461
8319 4939
8319 5304
8319 5383
8320 1594
8320 1679
8320 1679
8320 1679
8320 1679
8320 1836
8320 1836
8320 1836
8320 1836
8321 2542
8321 2628
8321 1594
8321 2883
8322 1595
8322 2835
8322 4949
8322 5255
8322 4017
8323 4355
8323 1596
8323 140
8323 141
8324 3320
8324 3142
8324 3886
8324 4159
8324 4236
8324 3998
8324 4000
8324 4133
8324 4327
8324 3083
8324 3467
8324 1597
8324 3266
8324 3338
8325 2571
8325 2571
8325 2809
8325 1598
8326 1599
8326 2571
8326 2809
8326 1598
8326 5511
8327 1598
8327 2571
8327 2757
8327 2797
8327 5072
8328 1602
8328 2339
8328 1891
8328 2963
8329 1617
8329 1603
8329 1603
8329 2056
8330 1604
8330 4661
8330 4714
8330 476
8330 1829
8331 1619
8331 3569
8331 1605
8331 2654
8332 2975
8332 1895
8332 1605
8333 1607
8333 1303
8333 3877
8333 4214
8334 1607
8334 1608
8334 1840
8334 1954
8335 2833
8335 4104
8335 4105
8335 1608
8336 1608
8336 2473
8336 3205
8336 4104
8336 2833
8337 1608
8337 4104
8337 2120
8337 3542
8338 2833
8338 2833
8338 2833
8338 1608
8339 2630
8339 4756
8339 1610
8339 1611
8340 1612
8340 2709
8340 543
8340 2710
8341 2083
8341 3736
8341 3579
8341 1612
8342 1612
8342 5999
8342 3777
8342 987
8343 1615
8343 1612
8343 3773
8343 1726
8343 4876
8344 4580
8344 1904
8344 2103
8344 1612
8345 1612
8345 1679
8345 1836
8345 2734
8346 1679
8346 1836
8346 1679
8346 1836
8346 2275
8346 1612
8346 2734
8346 3297
8346 4326
8347 2734
8347 1612
8347 1679
8347 1836
8347 3225
8348 1612
8348 1679
8348 1836
8348 2709
8349 1679
8349 1679
8349 1836
8349 1836
8349 1612
8350 1612
8350 1679
8350 1679
8350 1836
8350 1836
8351 1614
8351 1615
8351 3751
8351 4311
8351 2544
8352 2786
8352 2180
8352 3315
8352 1614
8352 2358
8352 2807
8353 2315
8353 2908
8353 3481
8353 1615
8353 3009
8353 4460
8354 1615
8354 4076
8354 2807
8355 3725
8355 4083
8355 1615
8355 3958
8355 2982
8356 3522
8356 1615
8356 2935
8356 4244
8357 2693
8357 2153
8357 3404
8357 1615
8357 3769
8357 3888
8357 4154
8357 3934
8357 4282
8358 1615
8358 1910
8358 3750
8358 5427
8359 1748
8359 1615
8359 1615
8359 2079
8360 1616
8360 1876
8360 1920
8360 3083
8361 2238
8361 1618
8361 1760
8361 3330
8362 2217
8362 2889
8362 3232
8362 3475
8362 1619
8363 1619
8363 2372
8363 2569
8363 1619
8364 1619
8364 2438
8364 3265
8364 3704
8365 1620
8365 3265
8365 3973
8365 3389
8366 1620
8366 1620
8366 1812
8366 3181
8367 1679
8367 1679
8367 1679
8367 1836
8367 1836
8367 1836
8367 1620
8368 1620
8368 2498
8368 2828
8368 2964
8369 1626
8369 2528
8369 2528
8369 11
8370 1626
8370 2215
8370 5201
8370 5276
8371 1631
8371 4917
8371 4944
8371 4397
8371 3362
8372 1631
8372 3618
8372 5540
8372 3822
8372 6073
8372 2813
8373 1632
8373 2458
8373 2935
8373 3265
8373 3066
8374 1635
8374 2843
8374 4853
8374 5417
8375 3400
8375 3315
8375 2721
8375 1637
8375 1717
8376 1794
8376 2215
8376 2073
8376 1637
8377 2153
8377 3195
8377 2395
8377 1638
8377 3881
8377 2470
8377 4117
8377 4303
8378 1952
8378 3195
8378 1639
8378 3907
8378 4129
8379 1640
8379 2014
8379 3386
8379 3602
8379 2330
8380 1642
8380 5872
8380 1852
8380 1724
8380 3542
8380 3566
8380 3718
8381 1642
8381 2202
8381 3637
8382 2251
8382 1644
8382 1971
8382 2894
8382 4256
8382 3766
8382 4187
8383 1644
8383 3959
8383 3923
8383 2489
8383 4348
8384 2153
8384 1644
8384 4386
8384 3266
8384 1717
8384 3386
8385 3284
8385 5567
8385 1646
8385 5961
8385 5387
8386 1695
8386 3452
8386 2935
8386 1647
8386 1671
8387 3397
8387 2966
8387 1799
8387 3827
8387 1655
8387 3571
8387 4043
8387 3463
8388 1656
8388 5471
8388 3635
8389 1658
8389 1827
8389 1888
8389 2346
8390 4592
8390 1660
8390 2956
8390 3438
8390 3435
8391 1661
8391 62
8391 94
8391 180
8392 1794
8392 1795
8392 2058
8392 4978
8392 1661
8393 2217
8393 2582
8393 3245
8393 3611
8393 3717
8393 4626
8393 1661
8393 2455
8394 2524
8394 2922
8394 5027
8394 1661
8395 3986
8395 4096
8395 1661
8395 1763
8396 2495
8396 5157
8396 2547
8396 2469
8396 3174
8396 2747
8396 1924
8396 3485
8396 1661
8396 3193
8397 3094
8397 3232
8397 1661
8397 2217
8398 3300
8398 1911
8398 1668
8398 3658
8399 1669
8399 3000
8399 5105
8399 3145
8399 6113
8400 5406
8400 1670
8400 4237
8400 1993
8401 1679
8401 1836
8401 1670
8401 3837
8402 2348
8402 1679
8402 1836
8402 2459
8402 6051
8403 2266
8403 1679
8403 1836
8403 1822
8403 2459
8404 1679
8404 1836
8404 2459
8404 3554
8404 3684
8404 3900
8404 3909
8405 1679
8405 1836
8405 3388
8405 3938
8406 1679
8406 1836
8406 4081
8406 4481
8407 3554
8407 2459
8407 4956
8407 1679
8407 1836
8408 4326
8408 4325
8408 1808
8408 1679
8408 1836
8408 2459
8408 3684
8409 2198
8409 1679
8409 1836
8409 3554
8410 1679
8410 1836
8410 1822
8410 2734
8410 3225
8410 6141
8411 3900
8411 4481
8411 1679
8411 1836
8411 1805
8412 1679
8412 1836
8412 4159
8412 3450
8413 3877
8413 1679
8413 1836
8413 2661
8414 1679
8414 1836
8414 2459
8414 1835
8414 3225
8414 3764
8414 3909
8414 4216
8414 6009
8414 4481
8414 4480
8415 1679
8415 1836
8415 191
8415 1217
8415 1218
8416 1679
8416 1836
8416 3684
8416 475
8417 1679
8417 1836
8417 2459
8417 3909
8417 1277
8417 2460
8418 1679
8418 1836
8418 2459
8418 3900
8419 1679
8419 1836
8419 2460
8419 2459
8419 3684
8420 2612
8420 1972
8420 1973
8420 2322
8420 1679
8420 1836
8420 2855
8421 1679
8421 1836
8421 3764
8422 1679
8422 1836
8422 2459
8422 3909
8423 1679
8423 1836
8423 3037
8424 1679
8424 1836
8424 2157
8424 2507
8424 2734
8425 1679
8425 1679
8425 1836
8425 1836
8426 1679
8426 1836
8426 2734
8426 4416
8427 1679
8427 1836
8427 3684
8427 6141
8428 1679
8428 1679
8428 1836
8428 1836
8429 1679
8429 1836
8429 1679
8429 1836
8429 4423
8430 1679
8430 1679
8430 1679
8430 1836
8430 1836
8430 1836
8431 1151
8431 1679
8431 1679
8431 1836
8431 1836
8431 4326
8432 1679
8432 1679
8432 1679
8432 1679
8432 1836
8432 1836
8432 1836
8432 1836
8433 1679
8433 1836
8433 1679
8433 1836
8434 1679
8434 1836
8434 1679
8434 1836
8435 1805
8435 1679
8435 1679
8435 1836
8435 1836
8436 1679
8436 1679
8436 1805
8436 1822
8436 1836
8436 1836
8436 2459
8436 2734
8437 1679
8437 1679
8437 1679
8437 1836
8437 1836
8437 1836
8438 1679
8438 1836
8438 1679
8438 1836
8438 1679
8438 1836
8439 1679
8439 1679
8439 1679
8439 1836
8439 1836
8439 1836
8439 4326
8440 1679
8440 1836
8440 1679
8440 1836
8441 1679
8441 1836
8441 1679
8441 1836
8441 1679
8441 1836
8442 1939
8442 1679
8442 1836
8442 3153
8442 2121
8442 1011
8443 1679
8443 1679
8443 1679
8443 1836
8443 1836
8443 1836
8443 4325
8444 3603
8444 4326
8444 1679
8444 1836
8445 1679
8445 1836
8445 1679
8445 1836
8445 3492
8446 2459
8446 1679
8446 1836
8446 1679
8446 1836
8446 1679
8446 1679
8446 1836
8446 1836
8446 4480
8447 1679
8447 1679
8447 1836
8447 1836
8448 1679
8448 1679
8448 1836
8448 1836
8449 1679
8449 1679
8449 1679
8449 1836
8449 1836
8449 1836
8450 1679
8450 1836
8450 3439
8450 3777
8451 1679
8451 1836
8451 3811
8451 2817
8452 1679
8452 1836
8452 1679
8452 1836
8452 1679
8452 1679
8452 1679
8452 1836
8452 1836
8452 1836
8452 3225
8452 3226
8452 1679
8452 1836
8452 1863
8453 1679
8453 1836
8453 3764
8453 4216
8454 1679
8454 1836
8454 3684
8454 1679
8454 1679
8454 1836
8454 1836
8454 4956
8455 1679
8455 1836
8455 1679
8455 1836
8455 4326
8456 1679
8456 1836
8456 2275
8456 1679
8456 1836
8457 1679
8457 1679
8457 1679
8457 1836
8457 1836
8457 1836
8457 3226
8457 3388
8457 3684
8458 1679
8458 1836
8458 1679
8458 1836
8459 1679
8459 1836
8459 1679
8459 1836
8460 1679
8460 1679
8460 1679
8460 1836
8460 1836
8460 1836
8461 3198
8461 1679
8461 1836
8461 2275
8461 1679
8461 1836
8462 1679
8462 1679
8462 1836
8462 1836
8463 1679
8463 1679
8463 1836
8463 1836
8464 1679
8464 1679
8464 1836
8464 1836
8464 1679
8464 1836
8465 1679
8465 1679
8465 1805
8465 1836
8465 1836
8465 2295
8465 1679
8465 1836
8465 1679
8465 1836
8466 1835
8466 2734
8466 3225
8466 1679
8466 1679
8466 1679
8466 1836
8466 1836
8466 1836
8466 1823
8467 1679
8467 1679
8467 1836
8467 1836
8467 1863
8468 1679
8468 1679
8468 1836
8468 1836
8468 2734
8468 1679
8468 1836
8469 1679
8469 1836
8469 3684
8469 1679
8469 1679
8469 1836
8469 1836
8470 1679
8470 1679
8470 1836
8470 1836
8471 1679
8471 1679
8471 1836
8471 1836
8472 1679
8472 1679
8472 1836
8472 1836
8472 3684
8473 1823
8473 1679
8473 1836
8473 1679
8473 1836
8473 1679
8473 1836
8473 1679
8473 1836
8473 3225
8473 3938
8474 1679
8474 1679
8474 1836
8474 1836
8475 1679
8475 1836
8475 1679
8475 1836
8476 1679
8476 1836
8476 1679
8476 1836
8477 1679
8477 1836
8477 1679
8477 1679
8477 1836
8477 1836
8477 1824
8478 1679
8478 1679
8478 1836
8478 1836
8478 1679
8478 1836
8479 1679
8479 1836
8479 1679
8479 1679
8479 1836
8479 1836
8479 1679
8479 1836
8479 1679
8479 1836
8480 1679
8480 1679
8480 1836
8480 1836
8480 1679
8480 1679
8480 1679
8480 1836
8480 1836
8480 1836
8480 3554
8481 1679
8481 1679
8481 1836
8481 1836
8481 3715
8482 1679
8482 1679
8482 1679
8482 1836
8482 1836
8482 1836
8483 1679
8483 1836
8483 3505
8483 1921
8483 1679
8483 1836
8483 4227
8484 1679
8484 1679
8484 1836
8484 1836
8485 1679
8485 1805
8485 1808
8485 1836
8485 1824
8486 1679
8486 1679
8486 1679
8486 1808
8486 1836
8486 1836
8486 1836
8486 2459
8487 1679
8487 1679
8487 1679
8487 1679
8487 1679
8487 1836
8487 1836
8487 1836
8487 1836
8487 1836
8487 2275
8488 1679
8488 1679
8488 1679
8488 1679
8488 1679
8488 1836
8488 1836
8488 1836
8488 1836
8488 1836
8489 1679
8489 1836
8489 1679
8489 1836
8489 1679
8489 1836
8490 1679
8490 1679
8490 1679
8490 1836
8490 1836
8490 1836
8490 2734
8491 3105
8491 1679
8491 1805
8491 1836
8491 2734
8492 3022
8492 1679
8492 1679
8492 1836
8492 1836
8493 1679
8493 1836
8493 1679
8493 1836
8493 1679
8493 1836
8494 1679
8494 1836
8494 3777
8494 4264
8495 1679
8495 1679
8495 1836
8495 1836
8496 1679
8496 1836
8496 4325
8496 4326
8497 1679
8497 1836
8497 1679
8497 1836
8498 1679
8498 1679
8498 1836
8498 1836
8498 2275
8498 1679
8498 1836
8499 1679
8499 1679
8499 1836
8499 1836
8499 6012
8500 1679
8500 1836
8500 3225
8500 1679
8500 1836
8501 1679
8501 1679
8501 1836
8501 1836
8502 1679
8502 1679
8502 1836
8502 1836
8502 3664
8503 1679
8503 1836
8503 1679
8503 1836
8503 4803
8504 2734
8504 1679
8504 1679
8504 1823
8504 1836
8504 1836
8504 3938
8505 1679
8505 1836
8505 1679
8505 1836
8506 1679
8506 1836
8506 1679
8506 1824
8506 1836
8506 1679
8506 1836
8506 1679
8506 1679
8506 1836
8506 1836
8507 1679
8507 1679
8507 1836
8507 1836
8507 3226
8508 1679
8508 1679
8508 1805
8508 1836
8508 1836
8508 3938
8509 2734
8509 1679
8509 1679
8509 1679
8509 1836
8509 1836
8509 1836
8510 1679
8510 1824
8510 1836
8510 1679
8510 1836
8510 1679
8510 1836
8510 3225
8510 3764
8511 1679
8511 1836
8511 1679
8511 1836
8512 1679
8512 1805
8512 1836
8512 2734
8513 1679
8513 1836
8513 1679
8513 1836
8513 3226
8514 1679
8514 1679
8514 1836
8514 1836
8515 1679
8515 1679
8515 1836
8515 1836
8515 1679
8515 1836
8516 1679
8516 1836
8516 1679
8516 1836
8516 3225
8517 1679
8517 1679
8517 1679
8517 1679
8517 1679
8517 1679
8517 1679
8517 1679
8517 1679
8517 1836
8517 1836
8517 1836
8517 1836
8517 1836
8517 1836
8517 1836
8517 1836
8517 1836
8517 2734
8517 3900
8517 4795
8518 1679
8518 1679
8518 1836
8518 1836
8519 1679
8519 1679
8519 1836
8519 1836
8519 1679
8519 1836
8519 1679
8519 1836
8520 1679
8520 1679
8520 1836
8520 1836
8520 3684
8521 1679
8521 1836
8521 1679
8521 1679
8521 1836
8521 1836
8522 1679
8522 1679
8522 1836
8522 1836
8523 1679
8523 1836
8523 1679
8523 1836
8524 1679
8524 1679
8524 1679
8524 1679
8524 1836
8524 1836
8524 1836
8524 1836
8524 3198
8524 791
8525 1679
8525 1679
8525 1679
8525 1836
8525 1836
8525 1836
8526 1679
8526 1679
8526 1836
8526 1836
8527 1679
8527 1836
8527 1679
8527 1836
8527 1679
8527 1836
8527 3139
8527 1679
8527 1679
8527 1679
8527 1679
8527 1679
8527 1836
8527 1836
8527 1836
8527 1836
8527 1836
8528 2711
8528 1679
8528 1808
8528 1836
8529 2045
8529 1679
8529 1805
8529 1836
8529 2045
8529 1679
8529 1836
8529 1679
8529 1836
8529 1679
8529 1836
8529 2275
8529 2459
8529 1808
8529 1500
8530 1679
8530 1836
8530 3554
8530 3909
8531 1679
8531 1679
8531 1836
8531 1836
8532 1679
8532 1679
8532 1822
8532 1836
8532 1836
8532 3388
8533 1679
8533 1679
8533 1836
8533 1836
8533 1679
8533 1836
8534 1679
8534 1679
8534 1836
8534 1836
8534 2734
8534 3225
8534 3105
8534 1679
8534 1836
8535 1679
8535 1679
8535 1679
8535 1836
8535 1836
8535 1836
8536 3197
8536 1679
8536 1836
8536 1808
8537 1679
8537 1679
8537 1836
8537 1836
8538 1679
8538 1679
8538 1836
8538 1836
8539 1679
8539 1679
8539 1679
8539 1836
8539 1836
8539 1836
8540 1679
8540 1679
8540 1836
8540 1836
8541 1679
8541 1679
8541 1836
8541 1836
8541 2459
8542 1679
8542 1836
8542 3764
8542 4823
8543 1679
8543 1679
8543 1679
8543 1836
8543 1836
8543 1836
8544 1679
8544 1836
8544 3105
8544 3226
8545 1679
8545 1836
8545 1679
8545 1679
8545 1836
8545 1836
8546 1679
8546 1679
8546 1836
8546 1836
8547 1679
8547 1679
8547 1679
8547 1836
8547 1836
8547 1836
8548 1679
8548 1679
8548 1836
8548 1836
8549 1679
8549 1836
8549 1679
8549 1836
8550 1679
8550 1836
8550 2734
8550 3554
8551 1679
8551 1679
8551 1836
8551 1836
8552 1679
8552 1836
8552 3225
8552 3226
8553 2459
8553 1679
8553 1679
8553 1679
8553 1679
8553 1679
8553 1679
8553 1836
8553 1836
8553 1836
8553 1836
8553 1836
8553 1836
8553 2260
8553 2275
8554 1679
8554 1679
8554 1836
8554 1836
8555 1679
8555 1836
8555 1679
8555 1836
8556 1679
8556 1679
8556 1836
8556 1836
8556 2459
8556 1679
8556 1836
8557 1679
8557 1699
8557 1805
8557 1836
8557 2734
8557 3225
8558 1679
8558 1679
8558 1836
8558 1836
8558 2260
8558 3225
8559 1679
8559 1679
8559 1836
8559 1836
8560 1679
8560 1679
8560 1836
8560 1836
8560 2459
8560 4602
8561 1679
8561 1836
8561 1679
8561 1836
8562 1679
8562 1679
8562 1836
8562 1836
8562 1679
8562 1836
8563 1679
8563 1679
8563 1836
8563 1836
8563 3226
8563 1679
8563 1679
8563 1836
8563 1836
8563 3764
8563 6008
8564 1863
8564 1679
8564 1679
8564 1836
8564 1836
8565 1679
8565 1836
8565 1679
8565 1836
8565 2855
8565 1679
8565 1679
8565 1836
8565 1836
8565 2459
8565 1679
8565 1679
8565 1836
8565 1836
8565 2260
8566 1679
8566 1679
8566 1836
8566 1836
8567 1679
8567 1679
8567 1836
8567 1836
8568 1679
8568 1679
8568 1836
8568 1836
8568 3388
8569 1679
8569 1679
8569 1836
8569 1836
8570 1679
8570 1679
8570 1679
8570 1679
8570 1836
8570 1836
8570 1836
8570 1836
8571 1679
8571 1679
8571 1836
8571 1836
8572 1679
8572 1679
8572 1836
8572 1836
8573 1679
8573 1679
8573 1836
8573 1836
8574 1679
8574 1836
8574 1679
8574 1836
8574 3646
8575 1679
8575 1679
8575 1836
8575 1836
8576 1679
8576 1805
8576 1836
8576 2459
8577 1679
8577 1836
8577 1679
8577 1836
8578 1679
8578 1679
8578 1679
8578 1836
8578 1836
8578 1836
8579 1679
8579 1836
8579 3209
8579 3226
8580 1679
8580 1679
8580 1836
8580 1836
8581 1679
8581 1679
8581 1679
8581 1836
8581 1836
8581 1836
8581 1679
8581 1679
8581 1679
8581 1679
8581 1836
8581 1836
8581 1836
8581 1836
8581 2045
8581 3225
8581 2260
8582 1679
8582 1679
8582 1836
8582 1836
8583 2180
8583 1679
8583 1836
8583 1920
8584 1679
8584 1679
8584 1836
8584 1836
8584 2855
8584 4956
8585 1679
8585 1679
8585 1836
8585 1836
8586 3198
8586 1679
8586 1836
8586 2029
8586 2683
8586 2297
8587 1679
8587 1679
8587 1679
8587 1836
8587 1836
8587 1836
8588 1679
8588 1679
8588 1679
8588 1836
8588 1836
8588 1836
8589 1679
8589 1679
8589 1679
8589 1836
8589 1836
8589 1836
8590 1679
8590 1679
8590 1836
8590 1836
8591 1679
8591 1836
8591 2625
8591 2735
8592 1679
8592 1836
8592 1679
8592 1679
8592 1836
8592 1836
8592 1924
8592 3225
8593 1679
8593 1679
8593 1679
8593 1835
8593 1836
8593 1836
8593 1836
8593 2260
8594 1679
8594 1836
8594 1679
8594 1836
8595 1679
8595 1679
8595 1823
8595 1836
8595 1836
8595 1679
8595 1836
8596 1805
8596 1679
8596 1679
8596 1836
8596 1836
8597 1679
8597 1679
8597 1836
8597 1836
8597 3226
8597 3388
8598 1679
8598 1679
8598 1836
8598 1836
8599 1679
8599 1836
8599 1679
8599 1836
8599 1863
8600 1679
8600 1679
8600 1836
8600 1836
8601 1679
8601 1679
8601 1679
8601 1679
8601 1679
8601 1836
8601 1836
8601 1836
8601 1836
8601 1836
8601 2295
8602 1679
8602 1836
8602 3764
8602 2104
8603 1679
8603 1679
8603 1836
8603 1836
8604 1679
8604 1679
8604 1836
8604 1836
8605 1679
8605 1823
8605 1836
8605 3105
8606 1679
8606 1679
8606 1836
8606 1836
8607 1679
8607 1679
8607 1836
8607 1836
8608 1679
8608 1679
8608 1836
8608 1836
8609 1679
8609 1679
8609 1679
8609 1679
8609 1836
8609 1836
8609 1836
8609 1836
8610 1679
8610 1679
8610 1805
8610 1836
8610 1836
8611 1679
8611 1679
8611 1836
8611 1836
8612 1679
8612 1679
8612 1836
8612 1836
8613 1679
8613 1679
8613 1836
8613 1836
8613 3105
8614 1679
8614 1679
8614 1836
8614 1836
8615 1679
8615 1836
8615 2260
8615 3105
8616 1679
8616 1836
8616 1921
8616 2128
8617 1679
8617 1679
8617 1836
8617 1836
8618 1679
8618 1679
8618 1679
8618 1824
8618 1836
8618 1836
8618 1836
8618 2458
8619 1679
8619 1836
8619 1679
8619 1836
8620 1679
8620 1679
8620 1836
8620 1836
8621 1679
8621 1836
8621 1679
8621 1836
8622 1679
8622 1679
8622 1836
8622 1836
8623 1679
8623 1836
8623 3105
8623 3225
8623 3226
8624 1679
8624 1679
8624 1836
8624 1836
8625 1679
8625 1823
8625 1836
8625 2400
8626 1679
8626 1679
8626 1836
8626 1836
8627 1679
8627 1679
8627 1836
8627 1836
8628 1679
8628 1679
8628 1679
8628 1836
8628 1836
8628 1836
8629 1679
8629 1679
8629 1836
8629 1836
8630 1679
8630 1679
8630 1836
8630 1836
8631 1679
8631 1679
8631 1679
8631 1836
8631 1836
8631 1836
8631 6008
8632 1679
8632 1805
8632 1836
8632 2719
8633 1679
8633 1836
8633 3225
8633 3226
8633 1805
8634 1679
8634 1679
8634 1679
8634 1679
8634 1836
8634 1836
8634 1836
8634 1836
8635 1679
8635 1836
8635 1679
8635 1836
8636 1679
8636 1679
8636 1836
8636 1836
8637 1679
8637 1679
8637 1836
8637 1836
8638 1679
8638 1836
8638 1679
8638 1679
8638 1836
8638 1836
8639 1679
8639 1679
8639 1679
8639 1679
8639 1679
8639 1679
8639 1836
8639 1836
8639 1836
8639 1836
8639 1836
8639 1836
8640 1679
8640 1679
8640 1836
8640 1836
8640 2459
8640 1114
8641 1679
8641 1805
8641 1836
8641 1679
8641 1805
8641 1836
8642 1679
8642 1805
8642 1835
8642 1836
8642 2734
8643 1679
8643 1679
8643 1836
8643 1836
8643 1863
8644 1679
8644 1679
8644 1836
8644 1836
8645 1679
8645 1836
8645 1679
8645 1836
8645 3105
8646 1679
8646 1679
8646 1836
8646 1836
8647 1679
8647 1805
8647 1836
8647 1679
8647 1836
8648 1679
8648 1836
8648 1805
8648 1679
8648 1836
8648 1679
8648 1679
8648 1679
8648 1836
8648 1836
8648 1836
8648 2297
8648 3226
8649 1679
8649 1805
8649 1836
8649 1679
8649 1836
8649 2275
8649 1679
8649 1836
8649 3105
8650 1679
8650 1836
8650 1679
8650 1836
8651 1679
8651 1836
8651 1679
8651 1679
8651 1679
8651 1824
8651 1836
8651 1836
8651 1836
8651 1863
8652 1679
8652 1836
8652 1679
8652 1836
8652 1805
8652 1679
8652 1836
8653 1679
8653 1679
8653 1679
8653 1836
8653 1836
8653 1836
8654 1679
8654 1836
8654 1679
8654 1836
8655 1679
8655 1836
8655 4956
8655 3225
8656 1679
8656 1679
8656 1805
8656 1836
8656 1836
8657 1679
8657 1679
8657 1836
8657 1836
8658 1679
8658 1836
8658 1679
8658 1679
8658 1836
8658 1836
8659 1679
8659 1679
8659 1836
8659 1836
8660 1679
8660 1679
8660 1836
8660 1836
8660 1679
8660 1836
8661 1679
8661 1836
8661 1679
8661 1836
8661 1679
8661 1836
8661 2045
8662 1679
8662 1836
8662 1679
8662 1836
8663 1679
8663 1679
8663 1679
8663 1679
8663 1805
8663 1836
8663 1836
8663 1836
8663 1836
8664 1679
8664 1836
8664 2398
8664 2635
8665 1679
8665 1679
8665 1836
8665 1836
8666 1679
8666 1679
8666 1836
8666 1836
8667 1679
8667 1679
8667 1836
8667 1836
8668 1808
8668 2045
8668 1679
8668 1836
8668 2855
8669 1835
8669 1679
8669 1679
8669 1836
8669 1836
8669 2045
8669 1679
8669 1836
8670 1679
8670 1836
8670 1679
8670 1836
8670 2459
8670 1679
8670 1836
8670 1679
8670 1836
8670 2260
8671 1679
8671 1679
8671 1836
8671 1836
8672 1679
8672 1836
8672 1679
8672 1836
8673 1679
8673 1805
8673 1836
8673 3226
8674 1679
8674 1679
8674 1679
8674 1836
8674 1836
8674 1836
8675 1679
8675 1679
8675 1679
8675 1836
8675 1836
8675 1836
8675 2275
8675 1679
8675 1836
8675 1679
8675 1808
8675 1836
8675 1679
8675 1679
8675 1836
8675 1836
8675 2855
8676 1679
8676 1836
8676 1679
8676 1836
8676 1679
8676 1836
8677 1679
8677 1679
8677 1836
8677 1836
8678 1679
8678 1679
8678 1679
8678 1679
8678 1679
8678 1679
8678 1679
8678 1679
8678 1679
8678 1679
8678 1823
8678 1836
8678 1836
8678 1836
8678 1836
8678 1836
8678 1836
8678 1836
8678 1836
8678 1836
8678 1836
8678 2275
8679 1679
8679 1836
8679 1679
8679 1836
8680 1679
8680 1679
8680 1836
8680 1836
8681 1679
8681 1679
8681 1836
8681 1836
8682 1679
8682 1679
8682 1836
8682 1836
8683 1679
8683 1679
8683 1836
8683 1836
8684 1679
8684 1805
8684 1836
8684 1679
8684 1805
8684 1836
8684 1679
8684 1679
8684 1836
8684 1836
8685 1679
8685 1824
8685 1836
8685 1679
8685 1836
8686 1679
8686 1679
8686 1836
8686 1836
8687 1679
8687 1836
8687 1679
8687 1836
8688 2260
8688 2275
8688 1805
8688 1679
8688 1679
8688 1679
8688 1679
8688 1836
8688 1836
8688 1836
8688 1836
8689 1679
8689 1679
8689 1836
8689 1836
8690 1679
8690 1679
8690 1836
8690 1836
8691 1679
8691 1679
8691 1836
8691 1836
8692 1679
8692 1679
8692 1836
8692 1836
8692 3388
8692 4217
8693 2275
8693 1679
8693 1836
8693 1679
8693 1836
8694 1679
8694 1679
8694 1679
8694 1836
8694 1836
8694 1836
8695 1679
8695 1805
8695 1836
8695 4326
8695 4217
8696 1679
8696 1679
8696 1836
8696 1836
8697 1679
8697 1679
8697 1836
8697 1836
8698 1679
8698 1836
8698 1679
8698 1836
8699 1679
8699 1836
8699 1679
8699 1836
8700 1679
8700 1679
8700 1836
8700 1836
8700 1679
8700 1679
8700 1836
8700 1836
8700 3388
8701 1679
8701 1679
8701 1679
8701 1823
8701 1824
8701 1836
8701 1836
8701 1836
8702 1679
8702 1679
8702 1836
8702 1836
8703 1679
8703 1679
8703 1836
8703 1836
8704 1679
8704 1679
8704 1836
8704 1836
8705 1679
8705 1679
8705 1836
8705 1836
8706 2260
8706 1679
8706 1836
8706 1679
8706 1679
8706 1836
8706 1836
8707 1679
8707 1836
8707 1679
8707 1679
8707 1836
8707 1836
8707 1824
8707 2260
8707 2275
8707 4948
8707 1679
8707 1836
8707 1679
8707 1836
8707 1679
8707 1836
8708 1679
8708 1679
8708 1836
8708 1836
8709 1679
8709 1836
8709 1679
8709 1836
8710 1679
8710 1679
8710 1836
8710 1836
8710 1679
8710 1836
8710 1823
8710 1679
8710 1836
8711 1679
8711 1679
8711 1679
8711 1836
8711 1836
8711 1836
8712 1679
8712 1679
8712 1836
8712 1836
8713 1679
8713 1679
8713 1836
8713 1836
8713 2412
8714 1679
8714 1836
8714 1679
8714 1679
8714 1679
8714 1679
8714 1679
8714 1836
8714 1836
8714 1836
8714 1836
8714 1836
8715 1679
8715 1836
8715 1679
8715 1836
8715 1679
8715 1836
8715 1835
8715 1679
8715 1836
8715 3105
8715 3225
8716 1679
8716 1836
8716 1679
8716 1836
8717 1679
8717 1808
8717 1836
8717 2295
8718 1805
8718 1679
8718 1679
8718 1679
8718 1679
8718 1679
8718 1836
8718 1836
8718 1836
8718 1836
8718 1836
8719 1679
8719 1679
8719 1836
8719 1836
8720 1679
8720 1679
8720 1836
8720 1836
8720 2275
8721 1679
8721 1679
8721 1679
8721 1836
8721 1836
8721 1836
8721 1679
8721 1808
8721 1824
8721 1836
8721 2260
8721 2275
8722 1679
8722 1679
8722 1679
8722 1679
8722 1805
8722 1823
8722 1836
8722 1836
8722 1836
8722 1836
8723 1679
8723 1679
8723 1679
8723 1679
8723 1836
8723 1836
8723 1836
8723 1836
8723 1835
8724 1679
8724 1679
8724 1836
8724 1836
8725 1679
8725 1679
8725 1836
8725 1836
8726 1679
8726 1679
8726 1836
8726 1836
8727 1679
8727 1679
8727 1836
8727 1836
8728 1679
8728 1836
8728 2260
8728 2459
8729 1679
8729 1679
8729 1836
8729 1836
8730 1679
8730 1836
8730 1679
8730 1836
8730 2459
8731 1679
8731 1836
8731 1679
8731 1836
8731 3098
8732 1679
8732 1679
8732 1679
8732 1679
8732 1836
8732 1836
8732 1836
8732 1836
8733 1679
8733 1679
8733 1836
8733 1836
8734 1679
8734 1679
8734 1679
8734 1679
8734 1836
8734 1836
8734 1836
8734 1836
8734 2116
8734 4480
8735 1679
8735 1836
8735 1679
8735 1836
8736 2260
8736 1679
8736 1836
8736 1679
8736 1836
8736 2275
8737 1679
8737 1679
8737 1836
8737 1836
8738 1679
8738 1836
8738 1679
8738 1836
8738 1679
8738 1836
8738 1679
8738 1836
8738 2275
8738 1679
8738 1836
8739 1679
8739 1836
8739 1679
8739 1679
8739 1679
8739 1679
8739 1679
8739 1836
8739 1836
8739 1836
8739 1836
8739 1836
8739 2045
8740 1679
8740 1836
8740 1679
8740 1836
8741 1679
8741 1679
8741 1836
8741 1836
8742 1679
8742 1822
8742 1836
8742 1805
8743 2045
8743 2459
8743 1679
8743 1836
8744 1679
8744 1822
8744 1836
8744 2458
8745 1679
8745 1836
8745 1679
8745 1836
8746 1679
8746 1679
8746 1836
8746 1836
8747 1679
8747 1808
8747 1835
8747 1836
8747 2459
8748 1679
8748 1822
8748 1823
8748 1836
8749 1679
8749 1805
8749 1808
8749 1836
8749 2459
8750 1679
8750 1808
8750 1836
8750 2045
8750 2459
8751 1679
8751 1679
8751 1836
8751 1836
8752 1679
8752 1679
8752 1836
8752 1836
8753 1679
8753 1679
8753 1836
8753 1836
8753 2297
8754 1679
8754 1808
8754 1836
8754 2459
8755 1679
8755 1679
8755 1836
8755 1836
8756 1679
8756 1824
8756 1836
8756 1823
8757 1679
8757 1836
8757 2653
8757 3704
8758 1679
8758 1679
8758 1836
8758 1836
8759 1679
8759 1679
8759 1836
8759 1836
8759 2459
8759 3684
8760 1679
8760 1836
8760 2045
8760 2709
8761 1679
8761 1679
8761 1836
8761 1836
8762 1679
8762 1679
8762 1679
8762 1836
8762 1836
8762 1836
8763 2593
8763 3660
8763 3191
8763 2090
8763 1680
8764 1680
8764 2130
8764 2131
8764 1824
8765 3159
8765 3171
8765 2156
8765 1681
8765 3572
8766 3896
8766 1682
8766 3335
8766 3729
8767 1685
8767 1686
8767 2718
8767 1530
8767 980
8767 1736
8768 3192
8768 2952
8768 4386
8768 1687
8769 2018
8769 3365
8769 2419
8769 3993
8769 2422
8769 3980
8769 4405
8769 4389
8769 3251
8769 4277
8769 1687
8769 2727
8769 2543
8769 1376
8769 4247
8770 1688
8770 2034
8770 3703
8770 3787
8771 1691
8771 3419
8771 4018
8771 3452
8771 4180
8772 3235
8772 2656
8772 1691
8772 2993
8772 1695
8773 3004
8773 2656
8773 3343
8773 3460
8773 1691
8774 2656
8774 1691
8774 1695
8774 4021
8775 1691
8775 3254
8775 3553
8775 6118
8776 1695
8776 1691
8776 1691
8776 2675
8777 1708
8777 3452
8777 3854
8777 1691
8777 2675
8777 4229
8777 3429
8777 3742
8777 6106
8778 1691
8778 2114
8778 2656
8778 3452
8779 1691
8779 2114
8779 1691
8779 2675
8779 2945
8780 1695
8780 1691
8780 2675
8780 2267
8780 2110
8780 2269
8780 1793
8780 1691
8780 1695
8781 1691
8781 1695
8781 3743
8781 3744
8781 4229
8782 1691
8782 1812
8782 2276
8782 3452
8783 1691
8783 1708
8783 2656
8783 2675
8783 2533
8784 2675
8784 1691
8784 1695
8784 1708
8785 1691
8785 1695
8785 1708
8785 4028
8785 4113
8786 1691
8786 3419
8786 3235
8786 5603
8786 3140
8787 1742
8787 1691
8787 3235
8787 4229
8787 1708
8787 3452
8788 4229
8788 1691
8788 1695
8788 2114
8789 1692
8789 1693
8789 4912
8789 1602
8790 2675
8790 3235
8790 1695
8790 2114
8791 1695
8791 3357
8791 3363
8791 3429
8792 1695
8792 2114
8792 3235
8792 3419
8792 3453
8792 3743
8793 1695
8793 1708
8793 3357
8793 3409
8793 3480
8794 1695
8794 1708
8794 2806
8794 1456
8795 1695
8795 1708
8795 2675
8795 3454
8796 1697
8796 2903
8796 1697
8797 2337
8797 1697
8797 3267
8797 5994
8798 1703
8798 3231
8798 3987
8798 2023
8798 3232
8798 5868
8798 6013
8799 1706
8799 2102
8799 3020
8799 3128
8800 1707
8800 3790
8800 1134
8800 2647
8801 5549
8801 1919
8801 1707
8801 2084
8801 1920
8802 3452
8802 4229
8802 3235
8802 1708
8802 1708
8802 2114
8803 1904
8803 2656
8803 1708
8803 2464
8804 1708
8804 2675
8804 1990
8804 3522
8805 1708
8805 3743
8805 3744
8805 4229
8805 3343
8805 5726
8806 4229
8806 1708
8806 4021
8806 3254
8807 1708
8807 1855
8807 3562
8807 4820
8808 1880
8808 3261
8808 2101
8808 1710
8809 1855
8809 1712
8809 1711
8809 4503
8810 4515
8810 2301
8810 1714
8810 2912
8811 1714
8811 2038
8811 2256
8811 2301
8811 2537
8811 3083
8811 2255
8812 1715
8812 2267
8812 3703
8812 2608
8812 5087
8813 3642
8813 3959
8813 4194
8813 2544
8813 1717
8813 4282
8814 2427
8814 3721
8814 3495
8814 2593
8814 3660
8814 5800
8814 3190
8814 1717
8814 2436
8814 4347
8815 3575
8815 4236
8815 4242
8815 4460
8815 3294
8815 1717
8816 2547
8816 3907
8816 4276
8816 3083
8816 4157
8816 1717
8816 6093
8817 1719
8817 2469
8817 3093
8817 3755
8818 1729
8818 1730
8818 1929
8818 1930
8818 3140
8818 1728
8819 2662
8819 1728
8819 1228
8819 3693
8820 2288
8820 3448
8820 3602
8820 3551
8820 3550
8820 1730
8820 3140
8821 1730
8821 3140
8821 1747
8821 3140
8822 2769
8822 4356
8822 1730
8822 3297
8822 6059
8823 1730
8823 2763
8823 3543
8823 4074
8824 2202
8824 3027
8824 1731
8824 2924
8824 1546
8825 1731
8825 3140
8825 3140
8825 2566
8825 5863
8826 1737
8826 2774
8826 2924
8826 3646
8827 1742
8827 1075
8827 4044
8827 3278
8828 1742
8828 2764
8828 3411
8828 3436
8829 1745
8829 1134
8829 6088
8829 1812
8830 3096
8830 1748
8830 3619
8830 3617
8831 1755
8831 2564
8831 2565
8831 3674
8832 2361
8832 2491
8832 1756
8832 4195
8833 5008
8833 1758
8833 2444
8833 2370
8833 3006
8833 3499
8834 1758
8834 2102
8834 3286
8834 3287
8834 3799
8835 1760
8835 2245
8835 2833
8835 3204
8835 3242
8836 1762
8836 2833
8836 2833
8836 3204
8837 2833
8837 3204
8837 1762
8837 3913
8838 1762
8838 2946
8838 3243
8838 5535
8838 1483
8838 3730
8839 1997
8839 1996
8839 1763
8839 2499
8840 2479
8840 2831
8840 1767
8840 1631
8841 1768
8841 2109
8841 5726
8841 2931
8842 2970
8842 2823
8842 1769
8842 2594
8842 3181
8843 3154
8843 1774
8843 1778
8843 4970
8843 4975
8844 1774
8844 1775
8844 1776
8844 4966
8844 4967
8845 1778
8845 1779
8845 2496
8845 1775
8845 1954
8846 4967
8846 1777
8846 3083
8846 1776
8847 1777
8847 1778
8847 2253
8847 4022
8847 1655
8848 1778
8848 2364
8848 1903
8848 3136
8848 2964
8848 3164
8848 5911
8849 1780
8849 4800
8849 2172
8849 2665
8849 4022
8850 1780
8850 2172
8850 2173
8850 4799
8851 3582
8851 2831
8851 1785
8851 4385
8852 3616
8852 1787
8852 2118
8852 2161
8852 2889
8853 1787
8853 2220
8853 2612
8853 2823
8853 5301
8853 2004
8853 2758
8854 1790
8854 2235
8854 3111
8854 3112
8854 3115
8854 1451
8854 3116
8854 5640
8855 1794
8855 3597
8855 3886
8855 2492
8856 3077
8856 1794
8856 3724
8856 4117
8857 1794
8857 2593
8857 3660
8857 3834
8858 2470
8858 1794
8858 3237
8858 1881
8858 4052
8858 3049
8858 4273
8858 3179
8859 1795
8859 2882
8859 3495
8859 3827
8859 3667
8859 4418
8859 2486
8859 4389
8860 1795
8860 3323
8860 3725
8860 3495
8860 3768
8860 3358
8860 3982
8860 4103
8860 4461
8860 4460
8860 4460
8860 3754
8860 3424
8860 2937
8860 4331
8861 2725
8861 1795
8861 4114
8861 4244
8862 2181
8862 1795
8862 2058
8862 3465
8862 2750
8862 4419
8862 4440
8863 3180
8863 3393
8863 1795
8863 2411
8863 3721
8863 3775
8863 4117
8864 1795
8864 3167
8864 2218
8864 4441
8865 1796
8865 1989
8865 1990
8865 2485
8866 1796
8866 2176
8866 217
8867 1796
8867 3321
8867 3324
8867 2593
8867 3660
8867 2470
8867 4316
8867 3325
8867 4133
8867 4129
8867 3266
8867 2436
8867 4346
8868 1797
8868 3195
8868 3686
8868 5768
8869 4884
8869 4782
8869 4575
8869 1797
8869 3687
8870 1797
8870 2101
8870 1873
8870 3195
8871 1796
8871 1990
8871 4927
8871 2485
8872 3514
8872 1799
8872 3779
8872 3780
8872 3890
8872 2289
8872 4019
8872 3126
8872 4117
8872 4233
8872 4426
8872 3086
8872 4454
8873 3204
8873 1802
8873 3242
8873 3411
8873 3814
8873 4282
8873 3437
8873 4472
8873 3705
8873 5815
8874 1802
8874 1989
8874 2344
8874 2506
8875 1802
8875 2770
8875 5954
8875 2485
8876 2005
8876 1802
8876 3320
8876 3317
8876 3020
8876 4209
8876 2861
8876 4196
8877 1940
8877 2915
8877 1802
8877 4401
8878 1802
8878 2614
8878 2716
8878 1841
8879 272
8879 2952
8879 1802
8879 3400
8880 1802
8880 3522
8880 3568
8880 5719
8880 4055
8880 2274
8880 2743
8880 5800
8880 2601
8880 5461
8880 3555
8880 4304
8880 4208
8880 2935
8880 3083
8880 4190
8880 1990
8880 4348
8881 1802
8881 2272
8881 2485
8881 5395
8882 1805
8882 2045
8882 2734
8882 3900
8883 1805
8883 1863
8883 2459
8883 3388
8884 1811
8884 2935
8884 3541
8884 137
8885 3973
8885 5731
8885 1812
8885 5919
8886 1819
8886 1820
8886 3556
8886 1816
8887 1816
8887 2147
8887 5745
8887 3663
8887 615
8888 3167
8888 1816
8888 2537
8888 3291
8889 3142
8889 1820
8889 3304
8889 4346
8890 1828
8890 2195
8890 4145
8890 3879
8891 2869
8891 2889
8891 3684
8891 2612
8891 2876
8891 1831
8891 2932
8892 1832
8892 4668
8892 1930
8892 2866
8893 1831
8893 5754
8893 4367
8893 3972
8893 4015
8894 1920
8894 1831
8894 2701
8894 2177
8895 1832
8895 2857
8895 2507
8895 3195
8895 463
8896 1831
8896 1906
8896 5396
8896 5397
8897 2624
8897 2134
8897 2833
8897 3912
8897 1839
8897 2239
8898 2856
8898 2941
8898 4078
8898 1841
8898 4161
8898 4426
8898 4209
8898 4389
8898 3470
8898 2358
8898 2807
8899 2154
8899 3069
8899 1841
8899 4162
8899 3083
8900 3315
8900 3155
8900 3750
8900 3751
8900 3769
8900 1841
8900 3575
8900 3754
8900 4037
8900 4434
8900 4291
8900 4190
8901 2557
8901 3775
8901 1841
8901 4231
8901 3179
8902 3650
8902 5736
8902 5737
8902 4321
8902 4096
8902 4016
8902 1843
8902 4390
8903 2193
8903 2470
8903 1844
8903 798
8904 1844
8904 1773
8904 2507
8904 2297
8904 5602
8905 2104
8905 1846
8905 2283
8905 2129
8905 2223
8906 1953
8906 2153
8906 3876
8906 3960
8906 4069
8906 3012
8906 3011
8906 1848
8907 2283
8907 1850
8907 2104
8907 3061
8908 4016
8908 2185
8908 3725
8908 1852
8908 3618
8909 3188
8909 4038
8909 1852
8909 3474
8910 1852
8910 4016
8910 2069
8910 3718
8911 1852
8911 2364
8911 3135
8911 3718
8911 4514
8911 4541
8912 1852
8912 1923
8912 2635
8912 5228
8913 5033
8913 1852
8913 5542
8914 2097
8914 1853
8914 2009
8914 2097
8915 4962
8915 1854
8915 1886
8915 2880
8915 3128
8916 1865
8916 1877
8916 1856
8916 1879
8917 3590
8917 2029
8917 1855
8917 2218
8918 1937
8918 2997
8918 1855
8918 439
8919 2029
8919 1865
8919 1855
8919 1885
8919 3083
8920 3323
8920 3455
8920 1857
8920 2684
8920 4301
8920 4208
8920 3136
8920 2544
8921 1857
8921 1886
8921 1879
8921 1881
8921 1885
8922 1855
8922 1880
8922 2029
8923 1855
8923 1865
8923 1886
8923 2030
8923 2218
8923 2279
8924 1859
8924 1860
8924 1865
8924 1878
8924 1884
8924 1877
8924 5278
8925 1865
8925 1859
8925 2218
8925 1860
8925 2170
8926 1860
8926 1877
8926 2029
8926 1859
8927 1861
8927 2545
8927 1881
8927 4026
8928 1862
8928 1881
8928 2789
8928 5160
8929 1862
8929 1881
8929 2279
8929 2289
8929 5162
8930 1865
8930 2780
8930 5000
8930 2218
8931 1865
8931 2614
8931 5000
8931 1885
8931 5877
8931 1856
8931 1860
8931 3757
8932 1865
8932 3167
8932 3451
8932 4237
8933 3398
8933 3640
8933 3725
8933 1865
8933 3688
8933 4208
8933 2935
8933 3649
8934 1865
8934 2041
8934 2737
8934 3835
8935 1867
8935 1868
8935 4488
8936 1868
8936 4531
8936 4855
8937 3400
8937 3923
8937 1868
8937 4358
8938 1870
8938 2171
8938 2808
8938 2958
8938 3048
8938 3414
8938 3600
8939 1870
8939 3073
8939 3745
8939 3353
8940 1870
8940 4547
8940 4678
8940 4681
8940 4684
8941 3395
8941 3393
8941 1872
8942 1874
8942 1875
8942 1876
8942 3437
8943 3706
8943 3811
8943 1876
8943 3704
8944 1920
8944 3304
8944 4447
8944 6063
8944 1876
8944 2633
8945 1876
8945 3595
8945 4199
8945 4846
8946 2566
8946 5311
8946 2071
8946 2202
8946 3896
8946 3374
8946 4101
8946 4206
8946 1876
8946 2829
8946 4087
8946 5945
8946 5944
8946 5025
8947 1920
8947 3680
8947 1876
8947 2079
8948 1876
8948 3278
8948 4059
8948 2853
8949 1881
8949 2184
8949 4119
8949 1879
8950 3509
8950 5144
8950 2545
8950 1879
8951 1880
8951 3411
8951 3435
8951 3437
8952 1880
8952 2286
8952 2273
8952 2545
8953 1881
8953 4026
8953 2948
8953 2948
8953 3361
8954 1881
8954 4048
8954 4026
8954 6073
8955 1881
8955 2364
8955 2517
8956 1984
8956 1988
8956 2016
8956 1881
8957 3542
8957 1881
8957 5835
8957 5837
8957 6061
8957 4026
8958 2251
8958 1881
8958 3667
8958 4310
8959 3640
8959 1881
8959 4310
8959 2336
8960 1882
8960 1962
8960 2171
8960 3124
8961 3574
8961 2411
8961 1881
8961 3149
8962 2542
8962 3597
8962 1881
8962 4047
8963 1883
8963 2041
8963 2737
8963 1886
8963 5915
8964 1881
8964 3278
8964 4815
8964 2499
8964 3953
8965 1885
8965 2780
8965 3036
8965 2029
8966 2660
8966 2372
8966 2662
8966 1885
8967 3140
8967 1959
8967 1886
8967 4520
8968 1886
8968 5914
8968 3200
8968 5897
8969 2461
8969 5247
8969 1888
8969 2133
8970 1891
8970 1749
8970 4732
8970 5729
8971 1895
8971 4339
8971 3699
8971 4152
8971 4148
8972 1895
8972 2108
8972 2542
8972 3155
8973 2297
8973 1904
8973 2661
8973 440
8973 2147
8974 1904
8974 2806
8974 3854
8974 4021
8974 6098
8975 2198
8975 3004
8975 4033
8975 1904
8975 3265
8976 2157
8976 2631
8976 4769
8976 5496
8976 1904
8977 2005
8977 2856
8977 2557
8977 3316
8977 1911
8977 3982
8978 1917
8978 1917
8978 4383
8978 2064
8978 6037
8979 1919
8979 2428
8979 5449
8979 5011
8979 2787
8980 1919
8980 5011
8980 2626
8980 3083
8981 2571
8981 1919
8981 2889
8981 2157
8982 1919
8982 3188
8982 3119
8982 4103
8982 4411
8982 4300
8983 1919
8983 3192
8983 4208
8983 3157
8983 4076
8984 2208
8984 2206
8984 2622
8984 2903
8984 2374
8984 4712
8984 1920
8984 2182
8985 4215
8985 2707
8985 1920
8985 2932
8985 4461
8986 3042
8986 3042
8986 5670
8986 1920
8987 1970
8987 3827
8987 4004
8987 1920
8987 3414
8987 5150
8987 2612
8987 2741
8987 3844
8988 2270
8988 3703
8988 1920
8988 3374
8989 1920
8989 2483
8989 2709
8989 3013
8990 1920
8990 1920
8990 2079
8990 3715
8991 1920
8991 2336
8991 1945
8991 2466
8991 3619
8991 3843
8992 1963
8992 5511
8992 887
8992 1921
8993 1921
8993 3715
8993 4004
8993 26
8993 1216
8993 1315
8993 3604
8994 1921
8994 3111
8994 5840
8995 4910
8995 5039
8995 3265
8995 1921
8996 1921
8996 2322
8996 2469
8996 3091
8996 2323
8997 5263
8997 4640
8997 1921
8997 2128
8998 1922
8998 89
8998 2352
8999 2177
8999 3004
8999 1923
8999 2970
8999 2969
9000 2157
9000 2884
9000 3520
9000 3528
9000 4882
9000 1924
9001 2198
9001 1924
9001 2157
9001 2521
9002 2491
9002 3412
9002 1924
9002 3477
9002 5903
9002 4058
9002 5977
9003 1924
9003 2613
9003 3095
9003 4270
9004 2336
9004 5490
9004 5467
9004 1930
9005 1981
9005 2903
9005 1932
9005 2681
9006 1935
9006 2189
9006 2470
9006 3185
9007 3427
9007 3426
9007 1936
9007 3866
9007 4327
9007 2376
9007 3386
9008 2428
9008 3404
9008 2395
9008 2395
9008 2395
9008 3504
9008 2886
9008 4019
9008 4266
9008 3009
9008 4148
9008 2597
9008 4385
9008 1936
9008 3658
9008 3083
9008 2165
9008 3467
9008 3190
9008 2728
9009 3320
9009 3365
9009 1937
9009 3252
9010 1937
9010 4159
9010 4148
9010 2516
9010 4454
9010 4037
9010 4411
9010 4231
9010 2935
9010 4300
9010 4247
9011 2903
9011 2837
9011 1937
9011 3159
9011 4038
9011 5158
9012 1937
9012 4057
9012 4036
9012 4413
9012 3892
9012 2436
9012 2819
9012 4346
9012 4247
9013 1940
9013 4243
9013 4346
9013 4124
9014 1940
9014 3491
9014 3773
9014 2318
9014 2880
9014 4460
9014 4460
9014 2547
9014 3998
9015 1940
9015 3301
9015 3782
9015 2992
9016 2005
9016 1941
9016 2154
9016 2484
9016 3695
9017 1941
9017 3886
9017 1842
9017 4209
9018 1943
9018 3337
9018 3649
9018 4364
9018 4403
9018 3251
9018 3179
9018 2738
9019 1943
9019 3834
9019 2894
9019 2880
9019 4241
9019 3934
9019 4418
9019 3970
9019 3173
9020 1948
9020 6029
9020 6031
9020 6028
9021 2693
9021 2339
9021 1952
9021 3756
9021 4403
9022 1953
9022 2018
9022 3188
9022 3522
9022 2411
9022 3993
9022 4304
9022 2937
9022 3340
9023 1954
9023 2185
9023 3131
9023 2966
9024 1955
9024 4014
9024 3222
9024 3325
9024 3463
9024 2436
9025 1955
9025 2724
9025 2058
9025 3311
9025 3852
9025 4294
9026 1955
9026 2786
9026 3077
9026 2492
9027 1955
9027 4358
9027 3024
9027 4307
9027 4474
9027 4418
9027 4422
9027 4036
9027 2674
9027 2897
9027 4249
9027 4291
9027 3649
9027 1013
9027 4470
9027 4346
9028 2028
9028 6124
9028 1957
9028 3804
9029 1957
9029 2028
9029 2827
9029 2829
9030 5285
9030 1957
9030 5116
9030 679
9030 4803
9031 1963
9031 2757
9031 2797
9031 2809
9032 2293
9032 1970
9032 2239
9032 3785
9033 1981
9033 30
9033 52
9033 2621
9034 3708
9034 1983
9034 2410
9034 5720
9035 4551
9035 1984
9035 1987
9035 1984
9036 1989
9036 3415
9036 3750
9036 3291
9036 2544
9036 3450
9037 1989
9037 2506
9037 3131
9037 5510
9037 2577
9037 2730
9037 2903
9038 2318
9038 2170
9038 3123
9038 4194
9038 3467
9038 1990
9039 1993
9039 1994
9039 1996
9039 1994
9040 1994
9040 1996
9040 1998
9040 2001
9041 1994
9041 1996
9041 1998
9041 2001
9042 1994
9042 1995
9042 1996
9042 1997
9042 4886
9043 1994
9043 1997
9043 2758
9043 2764
9043 3951
9043 3954
9044 2382
9044 813
9044 1995
9044 838
9045 1995
9045 1997
9045 1997
9045 1999
9045 2004
9046 1995
9046 1997
9046 1999
9046 2002
9046 2191
9046 2205
9047 2045
9047 1999
9047 2572
9047 1996
9048 1997
9048 2292
9048 5556
9048 2192
9049 1999
9049 2163
9049 3144
9049 3145
9050 3213
9050 2006
9050 5253
9050 6138
9051 2008
9051 4023
9051 1944
9051 3814
9051 4472
9052 2011
9052 2202
9052 5136
9052 4015
9053 2018
9053 2786
9053 3323
9053 3683
9053 4304
9054 1953
9054 2018
9054 3188
9054 2057
9054 2193
9054 3508
9054 2980
9054 4306
9055 2018
9055 2915
9055 4055
9055 2933
9055 3266
9056 2018
9056 3778
9056 3923
9056 2894
9057 2521
9057 2021
9057 1400
9057 2250
9058 2021
9058 2459
9058 3900
9058 5532
9059 2022
9059 2481
9059 2593
9059 3191
9059 2886
9060 2022
9060 2022
9060 2083
9060 2083
9060 2083
9060 3325
9060 2022
9060 5054
9061 2022
9061 2022
9061 2481
9061 3191
9061 5054
9062 2023
9062 3535
9062 2264
9062 3855
9063 2023
9063 2478
9063 3716
9063 3091
9063 4097
9064 2023
9064 3919
9064 5265
9064 2477
9064 3296
9065 2220
9065 2023
9065 3092
9065 3230
9066 2742
9066 2023
9066 3412
9066 2028
9067 2026
9067 2812
9067 2924
9067 5757
9068 2034
9068 4179
9068 2436
9068 2727
9068 3654
9069 3204
9069 4429
9069 4430
9069 2037
9070 3309
9070 2593
9070 2037
9070 4162
9070 4043
9070 4112
9070 4414
9070 2544
9070 3151
9070 3624
9071 3272
9071 2037
9071 4159
9071 3009
9071 4442
9071 4475
9071 3083
9071 4460
9071 2436
9072 2041
9072 2737
9072 2546
9072 3757
9073 4229
9073 2365
9073 4018
9073 2042
9073 2656
9074 2050
9074 725
9074 6095
9074 1665
9074 4174
9074 5985
9075 2057
9075 3780
9075 3890
9075 3792
9075 3750
9075 3575
9075 4043
9075 3934
9075 4413
9075 4451
9075 4450
9076 2058
9076 2767
9076 3992
9076 2225
9076 1122
9077 2786
9077 3782
9077 3321
9077 2058
9077 3852
9077 3571
9077 3683
9077 3992
9077 4103
9078 2217
9078 2059
9078 3520
9078 3232
9078 3518
9078 2761
9078 3717
9079 2284
9079 2438
9079 3659
9079 2062
9080 2070
9080 1944
9080 2808
9080 2809
9081 2071
9081 4025
9081 1959
9081 5887
9082 3640
9082 2094
9082 3771
9082 2072
9082 3083
9083 2072
9083 3993
9083 3770
9083 3982
9083 4237
9083 4240
9083 4241
9083 4316
9083 4460
9083 4419
9083 4456
9083 3083
9084 4056
9084 2699
9084 6006
9084 6060
9084 2079
9085 3149
9085 3149
9085 2079
9085 4111
9086 2438
9086 2079
9086 3633
9086 3774
9087 2079
9087 3613
9087 4364
9087 4446
9088 3000
9088 3197
9088 3416
9088 3418
9088 2083
9088 2593
9089 2083
9089 2481
9089 2593
9089 3660
9090 3428
9090 2593
9090 3363
9090 3660
9090 2083
9090 3340
9091 2089
9091 4086
9091 4148
9091 4361
9091 2775
9092 2090
9092 2157
9092 1906
9092 5536
9093 2090
9093 4243
9093 3579
9093 4630
9093 5970
9094 2093
9094 2096
9094 3291
9094 4511
9095 151
9095 2107
9095 4012
9095 2096
9096 2903
9096 4367
9096 2100
9096 4309
9096 1852
9097 2100
9097 981
9097 3182
9097 3535
9098 2765
9098 2100
9098 3182
9098 4321
9098 3725
9099 3201
9099 2100
9099 5378
9100 2100
9100 2100
9100 3201
9100 3535
9101 2100
9101 2685
9101 2962
9101 4205
9102 2527
9102 2100
9102 2297
9102 1470
9103 2100
9103 2527
9103 5538
9103 5681
9104 3261
9104 2101
9104 2798
9104 3233
9104 2628
9104 3195
9104 4783
9105 3542
9105 3091
9105 4321
9105 6082
9105 2102
9106 4321
9106 2102
9106 4384
9106 3739
9106 3808
9106 4428
9107 2103
9107 2104
9107 1766
9107 3262
9108 4282
9108 2104
9108 5796
9108 3219
9108 892
9109 2104
9109 2367
9109 2509
9109 2283
9110 2105
9110 5874
9110 2177
9110 3297
9110 3386
9111 2193
9111 3344
9111 2107
9111 3511
9112 3235
9112 2462
9112 2110
9112 3741
9112 3460
9113 2294
9113 2112
9113 3192
9113 4087
9113 3980
9113 3020
9114 2114
9114 3254
9114 3452
9114 3460
9114 2993
9115 2114
9115 3480
9115 4018
9115 3235
9116 2118
9116 2160
9116 2612
9116 2889
9116 3093
9117 2120
9117 2200
9117 2211
9117 2201
9118 2120
9118 2214
9118 2308
9118 3329
9118 2396
9119 3041
9119 3718
9119 2122
9119 191
9119 2152
9119 4068
9119 4435
9120 4061
9120 2123
9120 3297
9120 3961
9120 4202
9120 2571
9121 2132
9121 3525
9121 3671
9121 5180
9122 2134
9122 2833
9122 4159
9122 4160
9123 2139
9123 2458
9123 2935
9123 2937
9123 2938
9123 3579
9124 2202
9124 2760
9124 3032
9124 3007
9124 2139
9125 2198
9125 2146
9125 1831
9125 2521
9126 2662
9126 2147
9126 2198
9126 2660
9127 3067
9127 2593
9127 3004
9127 2147
9128 5047
9128 2150
9128 2150
9128 2150
9128 2150
9128 2150
9128 2150
9129 2153
9129 3596
9129 4242
9129 3756
9129 4403
9130 2153
9130 2294
9130 3640
9130 4159
9131 2154
9131 3317
9131 3886
9131 3664
9131 4327
9131 4243
9132 3294
9132 2155
9132 3808
9132 3020
9132 3958
9132 4291
9132 4017
9132 2982
9132 2356
9132 859
9132 3981
9132 2543
9132 3675
9133 3397
9133 3683
9133 4207
9133 2933
9133 3293
9133 2155
9133 3463
9133 2807
9134 2157
9134 2510
9134 2612
9134 2889
9134 3986
9135 2157
9135 2612
9135 2816
9135 2889
9136 2157
9136 2612
9136 3826
9136 3910
9136 2322
9137 3232
9137 3104
9137 2217
9137 2161
9138 2161
9138 3093
9138 4074
9138 3174
9139 2161
9139 2889
9139 3518
9139 3520
9140 3518
9140 2889
9140 2161
9140 2612
9141 2161
9141 2510
9141 3284
9141 5452
9142 2511
9142 2161
9142 2612
9142 2889
9143 2816
9143 2889
9143 2161
9143 2297
9143 3096
9144 4686
9144 4557
9144 2161
9144 2484
9144 303
9144 3863
9145 2161
9145 2198
9145 4319
9145 4063
9146 2375
9146 2161
9146 2336
9146 809
9147 3483
9147 2161
9147 2217
9147 2374
9148 2574
9148 2576
9148 2163
9148 3373
9148 3472
9149 2479
9149 4683
9149 2163
9150 2395
9150 2769
9150 3997
9150 4047
9150 4294
9150 2165
9151 3959
9151 3451
9151 4405
9151 2165
9151 4292
9152 2953
9152 3424
9152 2165
9152 3966
9152 2543
9153 2165
9153 3817
9153 3664
9153 913
9154 3290
9154 3680
9154 2614
9154 2170
9155 3127
9155 2170
9155 4031
9155 4378
9155 4277
9155 4063
9156 2912
9156 2170
9156 2849
9156 2911
9157 2170
9157 2510
9157 3065
9157 3396
9158 3136
9158 3543
9158 5454
9158 3475
9158 2171
9158 6087
9159 2171
9159 2335
9159 2336
9159 2338
9159 2809
9160 2260
9160 2275
9160 2171
9160 2297
9161 2835
9161 4298
9161 2177
9161 2365
9161 3953
9162 2245
9162 5566
9162 2177
9163 2635
9163 3144
9163 2177
9163 2455
9164 5091
9164 2177
9164 2328
9165 2181
9165 3404
9165 3442
9165 2035
9165 2366
9165 3886
9165 4233
9166 2612
9166 4667
9166 5149
9166 2181
9166 2787
9166 2428
9166 3188
9166 3066
9167 2182
9167 2593
9167 3640
9167 3508
9167 3746
9167 2953
9167 3325
9167 4311
9167 3083
9167 3266
9168 2186
9168 2470
9168 3894
9168 3929
9168 5817
9168 4351
9169 2192
9169 5505
9169 3236
9169 4968
9170 2587
9170 3194
9170 2193
9170 3124
9170 4273
9170 4413
9171 2193
9171 2593
9171 3660
9171 3976
9171 3325
9172 2195
9172 2870
9172 2958
9172 3420
9173 2197
9173 4623
9173 4624
9173 4888
9174 2197
9174 4623
9174 4624
9174 4888
9174 4889
9175 2197
9175 4623
9175 4624
9175 4888
9175 4889
9175 5121
9175 5576
9176 2197
9176 5121
9176 4888
9176 5576
9177 2198
9177 3685
9177 3729
9177 3999
9178 2198
9178 3411
9178 3435
9178 3437
9179 2392
9179 2198
9179 2774
9179 3646
9180 4705
9180 2198
9180 3436
9180 3639
9181 2833
9181 2919
9181 2198
9181 2763
9181 2571
9181 3475
9182 2201
9182 2779
9182 2861
9182 2970
9183 2202
9183 2227
9183 5137
9183 3623
9184 4668
9184 2202
9184 623
9185 2202
9185 2226
9185 2228
9185 2232
9185 3619
9185 3621
9185 545
9185 574
9186 3617
9186 2202
9186 3729
9186 3904
9186 3951
9186 3631
9187 3621
9187 3623
9187 2202
9187 3058
9188 3619
9188 2202
9188 2701
9188 3032
9188 3621
9189 2202
9189 2228
9189 3618
9189 255
9190 2202
9190 2202
9190 155
9190 1265
9191 2701
9191 2202
9191 3036
9191 3255
9191 6016
9192 2202
9192 3304
9192 4108
9193 3027
9193 2202
9193 2701
9193 3618
9194 2202
9194 3618
9194 4122
9194 1390
9194 3036
9195 2202
9195 2250
9195 3124
9195 3817
9195 4218
9195 4335
9195 2994
9195 524
9195 4297
9196 2207
9196 2206
9196 2208
9196 2209
9197 2209
9197 5135
9198 2961
9198 2961
9198 2213
9198 2299
9198 5254
9199 2213
9199 5671
9199 3559
9199 3497
9200 3132
9200 2337
9200 4324
9200 2214
9200 3145
9201 2214
9201 3328
9201 3919
9201 3919
9202 2786
9202 3466
9202 2215
9202 3753
9203 2220
9203 3231
9203 3232
9203 5781
9203 2217
9204 3430
9204 2217
9204 5751
9204 6039
9205 3065
9205 3395
9205 3397
9205 2217
9206 5195
9206 2217
9206 2220
9206 2478
9207 2492
9207 3575
9207 4161
9207 2218
9207 2934
9208 3404
9208 3310
9208 3723
9208 3652
9208 2218
9208 4331
9208 2937
9208 4446
9209 3481
9209 2366
9209 4057
9209 3888
9209 4159
9209 4316
9209 4308
9209 2218
9210 2465
9210 2218
9210 787
9210 2691
9210 4636
9211 2220
9211 3782
9211 3664
9211 905
9211 3449
9212 3195
9212 3568
9212 2593
9212 2395
9212 3358
9212 2225
9212 4159
9212 4294
9212 3251
9212 3658
9212 2728
9213 3309
9213 3778
9213 4087
9213 2225
9213 2544
9214 1082
9214 3358
9214 2225
9214 4440
9214 2935
9214 2606
9215 2228
9215 2226
9215 3618
9215 3633
9215 4122
9216 2228
9216 4383
9216 2183
9216 6037
9216 2701
9217 3070
9217 3071
9217 3072
9217 2228
9218 2884
9218 2228
9218 2231
9218 3232
9219 2232
9219 3633
9219 3774
9219 4121
9220 2234
9220 2833
9220 3231
9220 5437
9221 2234
9221 2239
9221 2330
9221 3244
9222 2883
9222 2972
9222 4194
9222 4103
9222 3024
9222 4231
9222 4455
9222 3808
9222 3989
9222 2235
9222 3015
9222 4128
9222 4190
9222 4347
9223 2426
9223 2236
9223 4422
9223 2339
9223 4462
9224 2237
9224 2405
9224 2668
9224 3231
9225 2372
9225 2245
9225 1616
9225 5443
9226 2245
9226 2903
9226 2937
9226 2934
9226 3658
9227 2245
9227 3444
9227 1828
9227 6077
9227 5457
9228 2245
9228 2458
9228 3066
9228 3066
9229 3514
9229 2245
9229 3466
9229 3882
9229 3079
9229 4265
9229 2486
9229 3176
9229 3151
9230 2245
9230 2458
9230 3176
9230 3176
9231 2245
9231 4039
9231 3066
9231 3075
9232 2251
9232 3398
9232 4162
9232 3984
9232 2336
9232 3471
9232 2376
9233 2251
9233 3540
9233 2492
9233 3649
9234 2251
9234 2587
9234 3194
9234 3481
9235 2251
9235 2470
9235 2350
9235 3649
9236 2251
9236 3365
9236 3020
9236 2274
9237 2257
9237 2691
9237 4636
9237 1568
9238 5587
9238 5588
9238 2264
9238 3091
9239 2266
9239 2268
9239 2271
9239 2319
9239 2574
9240 2575
9240 2578
9240 3373
9240 2267
9240 2269
9241 5329
9241 2267
9241 3703
9241 3630
9241 4122
9241 3627
9242 2956
9242 3462
9242 3472
9242 2267
9242 2269
9243 2269
9243 2319
9243 2267
9243 3805
9243 6133
9244 2267
9244 3703
9244 3396
9244 3401
9244 5330
9244 3184
9244 2270
9245 3835
9245 2270
9245 2320
9245 3703
9246 2271
9246 3438
9246 3289
9246 5166
9247 2964
9247 3013
9247 3014
9247 3350
9247 2272
9248 2272
9248 2454
9248 3445
9248 2454
9249 2289
9249 4450
9249 4244
9249 4347
9250 3455
9250 3495
9250 2289
9250 3665
9250 3358
9250 4419
9250 3957
9251 2294
9251 3188
9251 3547
9251 2882
9252 2297
9252 3697
9252 3735
9252 3698
9253 2297
9253 3697
9253 3698
9253 2676
9253 3656
9254 2299
9254 2475
9254 2961
9254 2302
9255 2300
9255 3000
9255 4016
9255 4136
9255 3781
9255 2020
9256 4004
9256 2307
9256 2889
9256 3838
9257 2312
9257 2701
9257 1505
9257 3745
9257 693
9258 2315
9258 3574
9258 2966
9258 3778
9258 2419
9259 3640
9259 2318
9259 4057
9259 4265
9259 4266
9260 3372
9260 2319
9260 2321
9260 3438
9261 3569
9261 2320
9261 3703
9261 2321
9262 2320
9262 3703
9262 2422
9262 4812
9262 4359
9262 5743
9263 2321
9263 5958
9263 2661
9263 3479
9264 5088
9264 2322
9264 1628
9264 3762
9265 2852
9265 2322
9265 3623
9265 6018
9266 2322
9266 1414
9266 1827
9266 2152
9267 2495
9267 262
9267 2322
9267 4285
9268 2322
9268 2322
9269 3078
9269 3475
9269 3476
9269 2322
9270 2322
9270 2469
9270 3392
9270 3398
9270 3400
9270 3403
9270 3065
9270 3402
9270 3401
9270 3391
9270 3407
9271 2326
9271 2635
9271 3712
9271 4211
9272 5749
9272 2329
9272 2357
9272 2359
9272 515
9272 5190
9273 2330
9273 2566
9273 2681
9273 3891
9274 2330
9274 4791
9274 2833
9274 1839
9275 4353
9275 2963
9275 1750
9275 2333
9276 2333
9276 4444
9276 2963
9276 4462
9277 2499
9277 485
9277 2963
9277 2499
9277 2333
9278 2333
9278 2339
9278 2456
9278 3489
9279 2333
9279 3305
9279 3561
9280 2333
9280 3769
9280 3756
9280 4454
9280 2935
9281 2336
9281 2800
9281 2335
9281 2338
9282 2335
9282 2338
9282 2335
9282 2338
9283 2335
9283 2336
9283 2338
9283 4438
9284 5440
9284 5680
9284 2336
9284 2335
9284 2338
9285 2341
9285 5174
9285 4668
9285 4843
9286 2349
9286 2510
9286 2612
9286 3838
9287 2470
9287 2349
9287 4019
9287 3770
9287 3086
9287 4133
9287 3908
9288 3724
9288 2350
9288 2750
9288 3649
9288 4460
9289 2358
9289 2411
9289 5083
9290 3882
9290 4358
9290 3555
9290 4396
9290 5849
9290 2358
9291 2366
9291 3837
9291 3769
9291 3079
9291 3575
9291 4306
9291 4308
9291 3173
9291 3340
9291 3083
9291 4451
9291 2436
9291 3524
9291 245
9292 3547
9292 2366
9292 2769
9292 2880
9293 2366
9293 3505
9293 3852
9293 3127
9293 4103
9293 4426
9294 3542
9294 3758
9294 2372
9294 2660
9294 2662
9294 4183
9295 2372
9295 2569
9295 2660
9295 2662
9296 2637
9296 2703
9296 2704
9296 3621
9296 5372
9296 2381
9296 3036
9296 3619
9296 3628
9296 3631
9296 3633
9296 572
9296 1042
9297 2388
9297 2456
9297 2865
9297 2866
9298 3433
9298 6096
9298 2388
9298 2386
9299 2390
9299 4277
9299 2436
9299 1540
9299 2533
9299 1584
9300 3077
9300 3400
9300 3309
9300 3680
9300 2395
9301 3133
9301 2882
9301 2395
9301 5636
9301 2953
9301 3880
9301 3739
9301 3066
9302 3491
9302 3155
9302 2395
9302 4031
9302 3993
9302 4266
9303 3324
9303 2395
9303 3959
9303 2280
9304 3547
9304 2411
9304 2395
9304 3778
9304 3667
9304 3881
9304 2934
9304 2935
9304 2937
9304 2458
9304 3340
9304 4440
9305 2401
9305 3126
9305 4657
9305 5648
9306 2833
9306 2833
9306 2407
9306 2833
9307 4977
9307 2411
9307 1949
9307 5083
9308 4111
9308 4420
9308 2415
9308 3340
9308 4465
9309 2542
9309 2427
9309 2746
9309 3792
9309 2415
9309 4327
9310 4420
9310 4414
9310 2415
9310 3798
9310 4331
9311 3455
9311 2419
9311 3923
9311 4019
9311 3126
9312 3203
9312 3142
9312 3640
9312 2419
9313 3077
9313 2419
9313 4303
9313 3083
9314 3313
9314 2593
9314 3504
9314 2419
9314 3770
9314 4255
9314 4358
9314 4308
9315 2496
9315 2427
9315 2722
9315 3973
9316 2427
9316 3377
9316 2614
9316 3167
9317 3317
9317 3321
9317 2427
9317 5636
9318 2427
9318 3319
9318 3069
9318 4207
9319 3065
9319 3391
9319 3392
9319 3394
9319 3395
9319 3404
9319 3405
9319 5629
9319 2428
9320 1953
9320 2428
9320 3237
9320 2972
9320 3266
9320 4479
9321 2434
9321 4679
9321 4680
9322 4385
9322 4166
9322 4297
9322 3892
9322 3266
9322 2436
9323 3083
9323 4479
9323 2436
9323 4190
9323 3304
9324 4291
9324 4466
9324 2436
9324 4152
9324 4347
9325 3067
9325 3665
9325 1911
9325 4414
9325 2436
9325 2533
9326 3400
9326 2557
9326 3442
9326 1082
9326 3779
9326 3819
9326 3266
9326 3467
9326 2436
9326 2543
9326 684
9327 5151
9327 3217
9327 2442
9328 2561
9328 2558
9328 2443
9328 1415
9329 2443
9329 2527
9329 5142
9329 5537
9329 3663
9330 2455
9330 2455
9330 4109
9330 5565
9331 5615
9331 4014
9331 2455
9331 3279
9331 3579
9332 2840
9332 3161
9332 5405
9332 2455
9333 4407
9333 4413
9333 2456
9333 6083
9334 2456
9334 2725
9334 3548
9334 3549
9335 2458
9335 3658
9335 2934
9335 3921
9336 2458
9336 150
9336 3066
9336 3830
9337 3048
9337 2458
9337 2937
9337 2934
9338 6058
9338 2938
9338 3066
9338 2934
9338 2937
9338 2458
9338 2592
9339 2458
9339 2934
9339 2937
9339 3957
9339 4209
9340 3923
9340 4037
9340 2458
9340 4291
9341 3300
9341 2520
9341 5802
9341 3079
9341 3122
9341 3984
9341 4301
9341 2458
9341 3610
9342 2936
9342 4331
9342 2937
9342 2458
9342 3066
9342 4331
9342 4440
9342 2934
9342 3173
9342 3184
9342 3250
9342 3266
9342 2938
9342 3273
9342 3957
9342 3958
9342 4157
9342 4281
9342 3977
9343 4389
9343 2458
9343 4452
9343 4291
9343 1540
9344 2458
9344 3121
9344 3117
9344 5502
9344 5503
9345 5371
9345 2459
9345 4607
9345 1835
9345 2045
9346 2459
9346 4058
9346 1808
9346 6053
9346 6140
9347 2459
9347 3909
9347 6051
9347 3684
9348 2715
9348 5111
9348 2465
9348 2867
9349 5307
9349 2469
9349 3823
9349 3824
9350 3992
9350 2470
9350 3998
9350 4114
9351 2470
9351 2952
9351 2856
9351 3318
9351 4305
9352 2693
9352 3491
9352 2472
9352 3756
9352 4124
9353 2479
9353 3715
9353 1976
9354 2479
9354 3104
9354 3679
9354 3661
9355 2479
9355 2597
9355 2923
9355 5746
9356 2481
9356 2593
9356 3660
9356 3191
9357 2481
9357 2593
9357 3191
9357 3660
9358 3082
9358 2483
9358 5900
9358 5988
9359 2484
9359 3540
9359 3123
9359 4420
9359 3670
9360 3460
9360 3343
9360 2486
9360 3359
9360 2945
9361 3780
9361 3890
9361 2489
9361 3464
9362 2664
9362 2492
9362 2954
9362 2544
9363 2499
9363 2499
9363 2778
9363 5550
9364 2499
9364 3096
9364 3680
9364 3146
9365 2566
9365 2562
9365 2560
9365 3087
9365 2502
9366 2564
9366 2535
9366 2566
9366 2582
9366 2566
9366 2502
9366 2502
9367 2502
9367 2565
9367 2580
9367 2581
9368 2502
9368 2560
9368 2580
9368 2581
9369 2503
9369 2463
9369 5249
9369 5268
9370 3205
9370 3259
9370 2507
9370 3857
9371 2507
9371 5846
9371 3082
9371 3146
9371 2751
9371 5953
9372 3774
9372 3633
9372 2507
9372 198
9372 5780
9373 3232
9373 4367
9373 2508
9373 3190
9374 2510
9374 2889
9374 3838
9374 4058
9375 2181
9375 3398
9375 3514
9375 2178
9375 2520
9375 4403
9375 3173
9375 4115
9375 2885
9375 4277
9376 3721
9376 3124
9376 2520
9376 4347
9377 3667
9377 2520
9377 4364
9377 3463
9378 2526
9378 3426
9378 3580
9378 3579
9378 4268
9379 2528
9379 2528
9379 3822
9379 5502
9380 2530
9380 3117
9380 5501
9380 3112
9381 2531
9381 2563
9381 2581
9381 2562
9382 2531
9382 2532
9382 2535
9382 2582
9383 2532
9383 2561
9383 2566
9383 2558
9384 2532
9384 5282
9384 3844
9384 4016
9385 2532
9385 2566
9385 2535
9385 2566
9386 2582
9386 2532
9386 2566
9386 2841
9386 2581
9386 2534
9386 3674
9387 2534
9387 2565
9387 2566
9387 4179
9387 2564
9388 2541
9388 2759
9388 5764
9388 4123
9388 6015
9389 2542
9389 2856
9389 3323
9389 3387
9389 2982
9390 3133
9390 5513
9390 2723
9390 3574
9390 4087
9390 4288
9390 2543
9391 3746
9391 3723
9391 4265
9391 4103
9391 4148
9391 4364
9391 2935
9391 2543
9392 3290
9392 2767
9392 3665
9392 3837
9392 4031
9392 3754
9392 2544
9392 1292
9392 914
9392 4451
9392 893
9392 3738
9393 3469
9393 4461
9393 2592
9393 3184
9393 2544
9393 3471
9393 2356
9393 1540
9393 4347
9394 2724
9394 4236
9394 2544
9394 861
9395 4405
9395 2544
9395 4330
9395 3463
9396 6032
9396 4149
9396 3125
9396 2029
9396 2546
9396 1046
9396 5912
9397 2547
9397 3390
9397 5703
9397 4232
9397 6065
9398 3390
9398 4239
9398 4352
9398 2547
9398 3451
9399 3108
9399 2547
9399 4389
9399 4114
9400 3848
9400 2547
9400 4352
9400 3847
9400 4158
9401 2759
9401 3086
9401 3485
9401 4123
9401 4232
9401 6065
9401 2547
9401 2777
9401 3984
9401 2933
9401 3055
9401 4230
9402 2547
9402 3108
9402 3390
9402 4239
9402 2777
9402 4231
9402 3984
9402 6108
9403 3191
9403 3969
9403 2547
9403 4008
9404 2549
9404 2694
9404 2756
9404 3031
9404 2842
9405 4934
9405 2550
9405 2551
9405 2946
9405 5389
9405 5583
9406 3231
9406 2554
9406 3092
9406 3256
9407 2557
9407 3316
9407 4159
9407 4208
9407 3739
9408 2693
9408 2557
9408 3176
9408 4166
9408 3908
9408 4063
9409 2560
9409 2565
9409 2564
9409 2566
9410 2560
9410 2580
9410 2582
9410 2564
9411 3032
9411 2566
9411 4004
9412 2580
9412 2582
9412 2566
9412 2566
9412 3611
9413 4406
9413 4410
9413 2660
9413 2569
9414 2569
9414 2661
9414 593
9414 2662
9414 3967
9415 3499
9415 4281
9415 2569
9415 5775
9416 2569
9416 3295
9416 3790
9416 3986
9416 2660
9417 2569
9417 2833
9417 2833
9417 2934
9418 2571
9418 3221
9418 3668
9418 3668
9418 5827
9419 2573
9419 3846
9419 1109
9419 5924
9420 2573
9420 3583
9420 4229
9420 6111
9421 2573
9421 3848
9421 3846
9421 3847
9422 5331
9422 2574
9422 2575
9422 2578
9423 2575
9423 2578
9423 3569
9423 3373
9424 2577
9424 3830
9424 3718
9424 3750
9425 3715
9425 2577
9425 2903
9425 2903
9425 2903
9426 2903
9426 2577
9426 2903
9426 3920
9427 2580
9427 2582
9427 3611
9427 3235
9427 4021
9428 2585
9428 3729
9428 4461
9428 4252
9429 2786
9429 2587
9429 3194
9429 2768
9429 3315
9429 2746
9429 3778
9430 2593
9430 3660
9430 2204
9430 3325
9430 4331
9431 2593
9431 3660
9431 4148
9431 2935
9431 3989
9431 4243
9432 2882
9432 2593
9432 3657
9432 3882
9432 3664
9433 2593
9433 2833
9433 3266
9433 3463
9434 3543
9434 5693
9434 2597
9435 2597
9435 3323
9435 3642
9435 3377
9436 2600
9436 3456
9436 4051
9436 6015
9437 4274
9437 4473
9437 4317
9437 6002
9437 2604
9438 2886
9438 3798
9438 4204
9438 2606
9439 3772
9439 3427
9439 4133
9439 2606
9440 2606
9440 4300
9440 4297
9440 4300
9440 3977
9441 4019
9441 4288
9441 2606
9441 3464
9441 3463
9441 4063
9441 2728
9441 3524
9442 2679
9442 2607
9442 5723
9442 5725
9443 4061
9443 2609
9443 2872
9443 5291
9443 5526
9443 5574
9443 4808
9443 4809
9443 3382
9444 3540
9444 2614
9444 3997
9445 3303
9445 5586
9445 2764
9445 3278
9445 2616
9446 2627
9446 3392
9446 3723
9446 3721
9447 2628
9447 4861
9447 5247
9447 5330
9448 2631
9448 3066
9448 3251
9448 3075
9449 2642
9449 4800
9449 2172
9449 2173
9449 2644
9450 2649
9450 4556
9450 2051
9450 2650
9451 2653
9451 3707
9451 3265
9451 4027
9451 3445
9452 3357
9452 4021
9452 2656
9452 2993
9452 3480
9453 4034
9453 4340
9453 1769
9453 5957
9453 2656
9454 2656
9454 4229
9454 3742
9454 2806
9455 2657
9455 4359
9455 4232
9455 6066
9456 3563
9456 3265
9456 2964
9456 5457
9456 2661
9457 3500
9457 2661
9457 3265
9457 5940
9458 2664
9458 4237
9458 3195
9458 4128
9459 2668
9459 2764
9459 4333
9459 932
9459 3176
9459 467
9460 3286
9460 3287
9460 3368
9460 2672
9461 2675
9461 3191
9461 3254
9461 3553
9461 3854
9461 1888
9461 2584
9462 2675
9462 2993
9462 3359
9462 3409
9462 3419
9462 3460
9463 2833
9463 3986
9463 3987
9463 2683
9464 2685
9464 60
9464 430
9464 2962
9465 2685
9465 4205
9465 3798
9465 4278
9466 4207
9466 2934
9466 4116
9466 2685
9466 4205
9466 3464
9466 730
9466 4452
9467 2685
9467 2962
9467 4205
9467 882
9468 3360
9468 2686
9468 3670
9469 2764
9469 3408
9469 2689
9469 2421
9470 2693
9470 1799
9470 3997
9470 4421
9471 3812
9471 2701
9471 3729
9471 3952
9472 2701
9472 3774
9472 4121
9472 3633
9473 2701
9473 5226
9473 4059
9473 4257
9473 2709
9473 3814
9474 2701
9474 2875
9474 3919
9474 3435
9474 3436
9474 3411
9474 3870
9475 2703
9475 4321
9475 316
9475 4092
9476 2705
9476 5333
9476 5384
9476 2706
9476 4353
9477 3065
9477 3391
9477 3392
9477 3394
9477 3395
9477 3396
9477 3397
9477 3404
9477 2707
9478 3020
9478 2716
9478 3410
9478 2355
9478 1296
9478 4411
9479 3237
9479 2447
9479 2716
9479 3009
9479 4301
9479 5328
9479 4346
9480 2908
9480 2723
9480 3775
9480 4115
9480 3966
9481 2725
9481 3337
9481 3365
9481 3667
9481 4413
9482 2727
9482 1990
9482 4346
9482 2819
9483 2057
9483 3504
9483 3769
9483 2728
9484 3920
9484 2730
9484 2903
9484 3745
9484 4184
9485 4321
9485 2732
9485 3253
9485 3546
9486 3558
9486 3961
9486 2731
9487 3195
9487 2133
9487 5723
9487 2733
9488 2734
9488 4216
9488 4326
9488 6052
9489 2734
9489 3274
9489 1368
9489 1369
9490 2736
9490 1945
9490 3936
9490 3937
9491 2738
9491 4347
9491 5523
9491 4348
9492 4278
9492 4453
9492 4453
9492 2739
9493 2742
9493 3685
9493 5663
9493 3931
9494 3093
9494 2749
9494 5722
9494 2854
9494 3046
9494 4395
9494 4016
9495 3680
9495 3959
9495 4047
9495 3773
9495 2750
9495 3756
9495 4418
9496 2915
9496 3466
9496 2280
9496 2750
9496 4471
9496 2934
9496 4116
9497 478
9497 2753
9497 5998
9497 5048
9498 2761
9498 3412
9498 3476
9498 3543
9498 3232
9499 2761
9499 3543
9499 2765
9499 3582
9500 4022
9500 2762
9500 2976
9500 5901
9501 3547
9501 3642
9501 3779
9501 2767
9501 4401
9501 4422
9501 4446
9502 3780
9502 3890
9502 2767
9502 3771
9503 2768
9503 3108
9503 3670
9503 3808
9503 4115
9503 4346
9504 3840
9504 4071
9504 2769
9504 4443
9505 4353
9505 2769
9505 5568
9505 6004
9505 4141
9506 2770
9506 2807
9506 4024
9506 3566
9507 2772
9507 3299
9507 3510
9507 3515
9508 2827
9508 2829
9508 2774
9508 3646
9509 2774
9509 3646
9509 3805
9509 5958
9509 6133
9510 2774
9510 2919
9510 2920
9510 3646
9511 2774
9511 2919
9511 2920
9511 3646
9512 3485
9512 2777
9512 4051
9512 4230
9513 2777
9513 3055
9513 3485
9513 4230
9514 2790
9514 2216
9514 5880
9514 5882
9515 2795
9515 2794
9515 3534
9515 5848
9515 5379
9516 2799
9516 2865
9516 2867
9516 1190
9516 2466
9516 5856
9517 2800
9517 3871
9517 5904
9517 4998
9517 4768
9518 4453
9518 2818
9518 636
9518 2802
9518 68
9519 2803
9519 37
9519 4540
9519 5940
9519 5989
9520 3452
9520 2806
9520 4229
9520 33
9521 2809
9521 3204
9521 3244
9521 2757
9521 2808
9522 2819
9522 5836
9522 5109
9522 5130
9522 5388
9522 3305
9523 2819
9523 3304
9523 4346
9523 3304
9524 2820
9524 2821
9524 5354
9524 5390
9525 2822
9525 4174
9525 5064
9525 5985
9526 2822
9526 5391
9526 5392
9526 5393
9527 4229
9527 3742
9527 2824
9527 3812
9528 2827
9528 3213
9528 3233
9528 3258
9529 2831
9529 3825
9529 3827
9529 2398
9530 2833
9530 4334
9530 5329
9530 3373
9531 2833
9531 3552
9531 3557
9531 3558
9532 2833
9532 583
9532 3171
9532 5531
9532 3177
9532 3178
9533 2833
9533 4468
9533 5715
9533 5716
9534 2835
9534 2836
9534 2837
9534 2838
9534 2913
9534 5402
9534 2838
9534 5403
9534 5404
9535 4250
9535 2853
9535 2853
9535 4543
9535 5486
9536 2853
9536 3730
9536 4270
9536 2371
9537 2862
9537 5409
9537 5410
9537 5411
9538 3417
9538 2865
9538 4022
9538 2251
9538 3952
9538 4272
9539 4088
9539 2865
9539 2867
9539 2866
9540 2865
9540 2867
9540 2866
9541 3263
9541 3299
9541 2866
9541 3498
9541 4407
9542 3381
9542 5724
9542 2623
9542 2866
9543 1388
9543 2868
9544 2932
9544 2876
9544 4182
9544 4183
9545 2880
9545 2066
9545 4069
9545 4194
9546 2880
9546 2933
9546 994
9546 1717
9547 2882
9547 2883
9547 3195
9547 3568
9548 2883
9548 3195
9548 3203
9548 5191
9548 3676
9549 3481
9549 3025
9549 3958
9549 4451
9549 2885
9550 2908
9550 3568
9550 3746
9550 3976
9550 3657
9550 4154
9550 3079
9550 4364
9550 2885
9550 2997
9551 4937
9551 2889
9551 4004
9551 4097
9552 2889
9552 3093
9552 3297
9552 3386
9552 3987
9553 2889
9553 3616
9553 4074
9553 4004
9554 2894
9554 2955
9554 5661
9554 5711
9555 2902
9555 4645
9555 3184
9556 2914
9556 3568
9556 3959
9556 3291
9557 2934
9557 2935
9557 2937
9557 2938
9557 3176
9557 3658
9557 3340
9557 3921
9558 4456
9558 4405
9558 3176
9558 2936
9558 3083
9558 3463
9558 4283
9558 3304
9559 3404
9559 3119
9559 3184
9559 2935
9559 4346
9560 4078
9560 3251
9560 2935
9560 3670
9561 2941
9561 3272
9561 3881
9561 4043
9561 4302
9561 4448
9561 4300
9562 2941
9562 4448
9562 3753
9563 2943
9563 4070
9563 4070
9563 3245
9564 5972
9564 2945
9564 3359
9564 3854
9565 2958
9565 3045
9565 3050
9565 2948
9566 2948
9566 3050
9566 5477
9566 2948
9566 2958
9566 3047
9567 3130
9567 2948
9567 2948
9568 3050
9568 3182
9568 2948
9568 3632
9569 2948
9569 2948
9569 2958
9569 3050
9569 2957
9569 3046
9569 3361
9569 3501
9569 5475
9569 3688
9570 2948
9570 2948
9570 3375
9570 5592
9570 3421
9571 5315
9571 5559
9571 2948
9571 3361
9571 3081
9572 2948
9572 2958
9572 3361
9572 5475
9573 2948
9573 2958
9573 3361
9573 3048
9574 4039
9574 2948
9574 2948
9574 2957
9574 3048
9574 3050
9574 3361
9575 2948
9575 3045
9575 3047
9575 3048
9576 5625
9576 3725
9576 2951
9576 5916
9577 2952
9577 3301
9577 4396
9577 1395
9577 4166
9577 4116
9578 3278
9578 2955
9578 2958
9578 4923
9578 4909
9579 2961
9579 1394
9579 5421
9579 3502
9580 2963
9580 4462
9580 5763
9581 5570
9581 2966
9581 5564
9581 3197
9581 3416
9582 2787
9582 3319
9582 2966
9582 3290
9582 4358
9583 3195
9583 3387
9583 2966
9583 3681
9583 3771
9583 4236
9584 3377
9584 3960
9584 4053
9584 2972
9584 4069
9584 3340
9585 3045
9585 2979
9585 3204
9585 4141
9586 4096
9586 2980
9586 3093
9586 3096
9586 3231
9587 4116
9587 2982
9587 4282
9587 1990
9587 3386
9587 4247
9588 5048
9588 2027
9588 2989
9588 3837
9588 5648
9589 3480
9589 3419
9589 2993
9589 3254
9590 2997
9590 4446
9590 4432
9590 3851
9591 5409
9591 5411
9591 2999
9591 3091
9591 3092
9591 3093
9591 3095
9591 3296
9591 4097
9591 4096
9592 5105
9592 4154
9592 3000
9592 3000
9592 4397
9592 4954
9593 3001
9593 3114
9593 3115
9593 3116
9593 3297
9594 3003
9594 3099
9594 3848
9594 3349
9595 4361
9595 6070
9595 3004
9595 4151
9596 4537
9596 3617
9596 3618
9596 3004
9597 3004
9597 2821
9597 3172
9598 3348
9598 3004
9598 2277
9598 5822
9599 3004
9599 3486
9599 3332
9599 1648
9600 3014
9600 3447
9600 3006
9600 4281
9601 3006
9601 3630
9601 4139
9601 4188
9602 3008
9602 3009
9602 3010
9602 3012
9603 3404
9603 4266
9603 3011
9603 4385
9603 3055
9603 3151
9603 3266
9603 3463
9603 4291
9603 4346
9604 2447
9604 3959
9604 3011
9604 3970
9604 4244
9605 3014
9605 3444
9605 3446
9605 4281
9606 3014
9606 3013
9606 4337
9606 4337
9607 4850
9607 3786
9607 3014
9607 3347
9607 4
9608 3014
9608 3066
9608 3306
9608 3265
9608 3707
9609 4890
9609 5276
9609 3020
9610 3954
9610 3956
9610 4254
9610 4287
9610 3027
9611 3032
9611 3752
9611 5465
9611 4321
9612 3037
9612 3072
9612 4121
9612 3622
9613 3043
9613 3045
9613 3712
9613 3048
9614 461
9614 3047
9614 4255
9614 4265
9615 3048
9615 3375
9615 5592
9615 3421
9616 3495
9616 3739
9616 3025
9616 3055
9617 3055
9617 3908
9617 5683
9617 484
9618 3060
9618 2961
9618 5482
9618 5738
9618 3651
9619 3065
9619 3391
9619 3392
9619 3399
9619 3404
9620 3065
9620 3397
9620 3399
9620 3400
9620 3405
9621 3065
9621 3391
9621 3399
9621 3400
9622 3393
9622 5587
9622 3065
9622 3398
9623 3403
9623 83
9623 3065
9623 3402
9623 3405
9624 3065
9624 3391
9624 3399
9624 3400
9624 5628
9625 3065
9625 3391
9625 3395
9625 3397
9626 3065
9626 3391
9626 3395
9626 3400
9626 3402
9626 3406
9627 3065
9627 3398
9627 3397
9627 3400
9628 3066
9628 4297
9628 3866
9628 3798
9628 3151
9629 3067
9629 3315
9629 3508
9629 524
9629 3266
9629 1717
9630 3082
9630 3789
9630 4068
9630 3844
9631 3309
9631 3314
9631 3337
9631 4405
9631 2155
9631 4115
9631 3083
9631 3463
9632 4292
9632 3083
9632 3266
9632 3463
9633 3404
9633 3326
9633 3365
9633 3086
9633 3907
9633 3921
9633 3966
9634 3092
9634 3539
9634 3986
9634 4379
9635 3093
9635 3951
9635 3231
9635 4276
9635 2615
9636 3096
9636 4234
9636 6049
9636 4252
9636 4321
9636 4048
9637 3096
9637 4546
9637 5596
9637 3543
9638 3096
9638 3232
9638 3396
9638 3404
9639 3107
9639 3964
9639 4191
9639 4324
9640 3108
9640 4305
9640 4461
9640 2390
9641 3111
9641 3112
9641 3113
9641 3116
9642 3337
9642 3680
9642 3127
9642 3750
9642 3966
9643 3127
9643 4240
9643 4241
9643 3754
9643 4452
9643 4291
9643 4244
9644 3128
9644 3751
9644 1956
9644 2274
9645 3130
9645 4147
9645 5651
9645 6048
9646 3833
9646 3138
9646 3210
9646 3211
9646 4402
9647 3902
9647 3140
9647 3140
9647 1406
9648 3297
9648 3144
9648 951
9648 950
9648 1017
9649 3948
9649 4380
9649 4407
9649 4411
9649 4412
9649 4403
9649 4414
9649 4431
9649 6086
9649 3803
9649 6083
9649 3952
9649 4010
9649 4139
9649 4188
9649 4404
9649 4406
9649 4409
9649 4475
9649 3149
9650 3597
9650 2655
9650 2338
9650 3149
9650 4475
9651 3149
9651 4450
9651 4451
9651 3624
9652 3149
9652 3149
9652 4059
9652 4314
9652 4362
9653 3149
9653 4139
9653 4186
9653 4188
9653 3954
9654 3945
9654 3946
9654 4010
9654 3149
9654 3149
9655 3155
9655 3155
9655 5083
9655 5195
9656 3156
9656 3157
9656 5146
9657 3159
9657 3177
9657 3160
9657 5530
9658 3162
9658 3556
9658 4367
9658 3174
9659 3175
9659 5316
9660 3176
9660 3750
9660 3729
9660 5989
9661 3180
9661 3442
9661 3680
9661 3725
9661 4259
9662 3180
9662 3320
9662 3540
9662 2366
9662 4460
9663 3188
9663 4077
9663 4316
9663 3739
9663 1848
9664 3190
9664 4449
9664 2861
9664 4231
9665 3195
9665 3237
9665 1401
9665 4259
9665 4233
9666 3349
9666 3197
9666 3277
9666 3087
9666 5779
9666 5606
9667 3200
9667 3904
9667 3949
9667 3953
9667 5568
9668 4961
9668 5797
9668 3202
9669 3203
9669 3597
9669 2366
9669 3976
9669 4078
9669 3888
9669 4273
9669 3892
9670 3205
9670 3259
9670 3932
9670 539
9671 3215
9671 3215
9672 4210
9672 3239
9672 5947
9672 5948
9673 3080
9673 3240
9673 4068
9673 4991
9674 3242
9674 3754
9674 3435
9674 3729
9675 3242
9675 3259
9675 3265
9675 3205
9676 3409
9676 3250
9676 3460
9676 3359
9677 3631
9677 3774
9677 4285
9677 271
9677 3254
9678 3254
9678 5012
9678 1900
9678 1901
9678 5442
9679 3254
9679 3357
9679 2945
9679 2993
9680 3256
9680 3588
9680 3689
9680 5682
9681 3516
9681 3263
9681 3832
9681 3833
9682 3264
9682 3478
9682 4367
9682 3911
9683 3265
9683 3267
9683 4020
9683 5994
9684 3905
9684 3265
9684 4429
9684 4430
9685 3266
9685 3463
9685 3471
9685 4211
9686 3522
9686 4054
9686 4455
9686 3273
9687 3273
9687 5095
9687 4355
9687 3389
9688 3274
9688 1368
9688 1369
9688 3354
9689 3280
9689 4993
9689 5053
9689 5110
9690 3503
9690 5881
9690 3285
9691 3840
9691 4071
9691 4219
9691 3286
9692 3840
9692 3287
9692 4071
9692 3286
9693 3286
9693 4269
9693 4342
9693 4443
9694 3286
9694 3840
9694 3840
9694 4071
9695 3287
9695 3840
9695 4269
9695 4342
9695 6064
9696 3777
9696 3291
9696 6002
9697 3297
9697 3386
9697 4221
9697 3716
9698 3297
9698 4356
9698 3385
9698 4091
9698 4474
9699 3302
9699 518
9699 5624
9699 5643
9700 3304
9700 3305
9700 3302
9700 3304
9700 5837
9701 6062
9701 4346
9701 4348
9701 3304
9702 3561
9702 5691
9702 3304
9702 6062
9703 3304
9703 768
9703 4641
9703 4658
9704 3304
9704 3304
9704 3304
9704 3302
9704 3305
9704 3561
9705 5582
9705 3304
9705 5580
9705 5581
9705 3302
9706 5364
9706 3304
9706 3304
9707 3304
9707 4346
9707 5692
9708 3304
9708 4604
9708 5242
9708 5937
9708 4346
9709 3316
9709 4148
9709 4243
9709 1312
9710 3315
9710 3320
9710 3567
9710 3387
9710 3495
9711 3319
9711 3597
9711 3792
9711 3724
9711 3965
9712 3323
9712 3505
9712 4043
9712 3980
9713 3323
9713 484
9713 559
9713 479
9714 3333
9714 473
9714 4136
9714 3888
9715 5830
9715 3829
9715 3382
9715 5777
9715 5546
9716 3385
9716 5678
9716 1356
9716 5078
9717 3386
9717 4285
9717 667
9717 3959
9718 4676
9718 3386
9718 3961
9718 4285
9718 2619
9719 3389
9719 3580
9719 4133
9719 5739
9720 3391
9720 3395
9720 3400
9720 3401
9720 5601
9721 3391
9721 3394
9721 3400
9721 3397
9722 3391
9722 3395
9722 3401
9722 3403
9723 3391
9723 3393
9723 3398
9723 3404
9723 5628
9723 3406
9724 3393
9724 3395
9724 3399
9724 3403
9725 3395
9725 3400
9725 3403
9725 3404
9725 3957
9726 3397
9726 4057
9726 4471
9726 4017
9726 4452
9727 3411
9727 2079
9727 2766
9727 5786
9728 4321
9728 4716
9728 3435
9728 3411
9729 3411
9729 3435
9729 3952
9729 2585
9730 3412
9730 3543
9730 3545
9730 4096
9731 3979
9731 4147
9731 4270
9731 4427
9731 3952
9731 3423
9732 4154
9732 3982
9732 4454
9732 3424
9733 5571
9733 3707
9733 3426
9733 3705
9734 3426
9734 4319
9734 3740
9734 3334
9735 3579
9735 4245
9735 3426
9735 4140
9736 3552
9736 2031
9736 3426
9736 5553
9737 3427
9737 3426
9737 4073
9737 4228
9737 712
9737 1034
9737 2254
9737 5950
9738 3504
9738 3430
9738 4013
9738 4267
9739 3433
9739 4319
9739 4074
9739 5850
9739 4379
9740 1929
9740 1728
9740 3435
9740 2640
9741 3435
9741 4200
9741 5843
9741 4059
9741 3354
9741 4314
9742 3444
9742 3500
9742 3725
9742 3745
9742 3920
9743 60
9743 6000
9743 6001
9743 3450
9743 3750
9743 4460
9744 5509
9744 4096
9744 4232
9744 3454
9744 880
9744 3181
9744 5815
9745 4547
9745 4681
9745 4684
9745 3454
9745 4367
9745 3946
9746 3483
9746 3511
9746 5647
9747 2031
9747 3486
9747 2206
9747 2622
9748 3503
9748 846
9748 3762
9748 3503
9749 3508
9749 4057
9749 2280
9749 4159
9749 4384
9749 1157
9750 3514
9750 3780
9750 3890
9750 3681
9751 3518
9751 4058
9751 4164
9751 5965
9752 3542
9752 3953
9752 4321
9752 1567
9752 4446
9753 3543
9753 3855
9753 4058
9753 2059
9754 3544
9754 3551
9754 3602
9754 3550
9755 3563
9755 3634
9755 3666
9755 6102
9755 5891
9756 4288
9756 3575
9756 4161
9756 4236
9756 4208
9756 2885
9757 3580
9757 4046
9757 4401
9757 5930
9758 3581
9758 3869
9758 3868
9758 6126
9759 3584
9759 5108
9759 5314
9760 3603
9760 5374
9760 3603
9760 5326
9761 3628
9761 3893
9761 3619
9761 4296
9762 3619
9762 3621
9762 3804
9762 3839
9763 3633
9763 3774
9763 4122
9763 6078
9764 3640
9764 5802
9764 4161
9764 4236
9764 994
9765 5286
9765 3667
9765 2972
9765 1841
9766 3667
9766 3817
9766 2215
9766 4180
9767 4055
9767 4187
9767 4451
9767 3675
9768 3678
9768 6127
9768 3712
9768 3941
9768 4270
9769 3694
9769 3885
9769 3862
9769 3867
9770 3697
9770 3729
9770 3696
9770 3328
9771 3707
9771 4149
9771 219
9771 2254
9772 2035
9772 3711
9772 754
9772 4206
9772 4446
9773 3741
9773 4534
9773 4340
9773 4857
9774 4936
9774 3750
9774 781
9774 2246
9774 2187
9775 3750
9775 4924
9775 4897
9776 3754
9776 4365
9777 3757
9777 1859
9777 2780
9777 3124
9778 3765
9778 228
9778 991
9778 2291
9779 3783
9779 4332
9779 5444
9779 3636
9780 3788
9780 4003
9780 4003
9780 3788
9781 4380
9781 4400
9781 3803
9781 3956
9781 4111
9781 4186
9782 5665
9782 3814
9782 3812
9782 3426
9783 3813
9783 3814
9783 4427
9783 1363
9783 1425
9783 1492
9783 5028
9784 3813
9784 3130
9784 2585
9784 2521
9785 3813
9785 4059
9785 4165
9785 4846
9786 3861
9786 3831
9786 3862
9786 3867
9786 5921
9787 860
9787 2684
9787 3837
9787 3773
9787 3817
9788 3986
9788 3840
9788 4071
9788 4219
9788 3286
9788 3287
9788 4269
9788 4439
9788 4443
9788 4444
9789 3840
9789 4071
9789 4342
9789 4071
9789 4071
9790 5679
9790 3860
9790 3860
9790 3860
9790 5337
9791 3860
9791 4250
9791 29
9791 88
9791 310
9791 1169
9791 3019
9791 3241
9791 6019
9792 3862
9792 3867
9792 3831
9792 3861
9792 6022
9793 3865
9793 3753
9793 2153
9793 2369
9794 3869
9794 3506
9794 3868
9795 3871
9795 3996
9795 5904
9795 5798
9796 4053
9796 3988
9796 3934
9796 4419
9796 3875
9796 4414
9797 3877
9797 4051
9797 4230
9797 4238
9798 3877
9798 604
9798 2222
9798 3533
9799 3904
9799 3951
9799 3952
9799 3953
9800 3906
9800 4243
9800 4157
9800 4425
9801 4281
9801 973
9801 5804
9801 3921
9801 2936
9801 5667
9802 4358
9802 3250
9802 4440
9802 3921
9802 6089
9803 3928
9803 720
9803 1231
9803 3458
9803 1880
9804 1529
9804 3935
9805 3941
9805 3944
9805 3944
9805 5883
9806 3949
9806 4140
9806 3950
9806 4363
9807 3949
9807 4189
9807 4186
9807 4464
9808 3949
9808 4298
9808 4363
9808 6071
9809 3954
9809 3948
9809 4139
9809 4188
9810 3948
9810 4254
9810 4287
9810 4245
9811 3948
9811 4245
9811 4298
9811 3955
9812 3951
9812 3953
9812 4187
9812 4189
9813 4464
9813 3951
9813 4459
9814 3952
9814 3954
9814 4245
9814 4363
9815 3952
9815 2319
9815 5366
9815 5864
9816 3955
9816 4186
9816 4298
9816 3954
9817 3954
9817 4140
9817 4189
9817 4298
9818 3954
9818 4139
9818 4186
9818 4188
9818 4245
9819 4140
9819 4364
9819 6071
9819 3955
9819 3956
9820 4186
9820 4270
9820 3956
9820 4362
9821 3956
9821 4139
9821 4188
9821 4298
9822 3964
9822 4214
9822 4191
9822 5858
9822 4323
9823 5030
9823 3969
9823 4339
9823 1542
9824 3972
9824 4015
9824 3070
9824 3072
9825 3994
9825 4295
9825 6075
9825 3978
9826 3982
9826 4159
9826 4163
9826 4160
9827 3997
9827 4149
9827 4036
9827 4347
9828 3999
9828 5187
9828 5575
9828 5626
9829 4010
9829 4320
9829 1585
9829 4318
9830 4010
9830 4399
9830 4409
9830 4413
9830 4446
9830 4475
9830 4846
9831 4014
9831 4458
9831 200
9831 2303
9831 3541
9832 2693
9832 4019
9832 4054
9832 2738
9832 4347
9833 5593
9833 4044
9833 5499
9833 5519
9834 4046
9834 401
9834 793
9834 1891
9834 4073
9835 4084
9835 4283
9835 4346
9835 2819
9836 4103
9836 3667
9836 3739
9836 3837
9837 4319
9837 4104
9837 4334
9837 4180
9838 4113
9838 3908
9838 5962
9838 5963
9839 4148
9839 4149
9839 4150
9839 4151
9839 4361
9840 4148
9840 4150
9840 4149
9840 4361
9840 4152
9841 4150
9841 4151
9841 4361
9841 6070
9842 4151
9842 4150
9842 4149
9842 4360
9843 4214
9843 4157
9843 4191
9843 4243
9843 4425
9844 5579
9844 5581
9844 3305
9844 4168
9845 4168
9845 4380
9845 4400
9845 4407
9845 4408
9846 4180
9846 4319
9846 4388
9846 4386
9847 4204
9847 4295
9847 75
9847 6097
9848 4212
9848 4251
9848 4339
9848 3574
9849 4212
9849 4251
9849 6020
9849 6023
9850 4230
9850 4238
9850 5765
9851 4258
9851 3066
9851 623
9851 4847
9852 3032
9852 4319
9852 104
9852 5805
9853 4321
9853 2759
9853 5498
9853 4319
9854 4340
9854 5876
9854 4321
9854 2133
9855 4985
9855 4347
9855 4348
9856 4421
9856 3907
9856 4347
9856 3463
9857 4447
9857 3866
9857 4347
9858 4355
9858 4259
9858 3067
9858 4255
9859 4399
9859 4409
9859 6083
9859 6085
9859 4404
9860 4415
9860 1708
9860 2675
9860 3235
9861 4422
9861 5976
9861 2017
9861 4012
9862 4449
9862 1405
9862 2861
9862 3863
9862 4469
9863 4484
9863 4589
9864 9
9864 343
9864 3708
9864 4243
9865 24
9865 88
9865 310
9865 1123
9865 1193
9865 3241
9866 28
9866 131
9866 650
9866 1069
9867 323
9867 4552
9867 4689
9867 2362
9867 5221
9867 4497
9868 4502
9868 4990
9868 5317
9868 5506
9869 145
9869 1286
9869 1985
9869 2166
9869 2305
9869 2540
9869 2638
9869 2793
9870 145
9870 1286
9870 1985
9870 2166
9870 2305
9870 2540
9870 2638
9870 2793
9871 145
9871 1286
9871 1985
9871 2166
9871 2305
9871 2540
9871 2638
9871 2793
9872 145
9872 1286
9872 1985
9872 2166
9872 2305
9872 2540
9872 2638
9872 2793
9873 145
9873 1286
9873 1985
9873 2166
9873 2305
9873 2540
9873 2638
9873 2793
9874 145
9874 1286
9874 1985
9874 2166
9874 2305
9874 2540
9874 2638
9874 2793
9875 4516
9875 727
9875 4741
9876 193
9876 557
9876 4768
9876 5006
9876 3935
9877 243
9877 1641
9877 2336
9877 3166
9878 4906
9878 269
9878 5401
9878 4752
9878 2552
9879 3033
9879 1228
9879 379
9879 1113
9879 2364
9879 1133
9879 3245
9880 444
9880 4825
9880 2443
9880 3292
9881 1772
9881 481
9881 1984
9881 2773
9882 491
9882 4608
9882 492
9882 5708
9883 517
9883 1237
9883 3089
9884 518
9884 4752
9884 4906
9884 3089
9885 759
9885 1124
9885 1129
9885 1131
9886 782
9886 5886
9887 827
9887 830
9887 4828
9887 4834
9887 5062
9887 5889
9888 847
9888 850
9888 885
9888 887
9888 1236
9889 4729
9889 1666
9889 5198
9889 5236
9890 1579
9890 4925
9890 4925
9890 1057
9891 4734
9891 2888
9891 5929
9892 1474
9892 4218
9892 5925
9892 2459
9892 2460
9892 3949
9893 1497
9893 5010
9893 5021
9893 5225
9894 1504
9894 2352
9894 6122
9894 2964
9894 5902
9895 4887
9895 5134
9895 5690
9895 1529
9896 3708
9896 5776
9896 5838
9896 6115
9896 1580
9897 1580
9897 5776
9897 5838
9897 5839
9897 6115
9898 5412
9898 4950
9899 4966
9899 1776
9899 4967
9900 1854
9900 1858
9900 1882
9900 5000
9900 1885
9900 2029
9900 2030
9900 2780
9900 5811
9901 5163
9901 3315
9901 6104
9901 1916
9901 1917
9902 2157
9902 2510
9902 3168
9902 3518
9902 4074
9903 5113
9903 5275
9903 5296
9903 5294
9904 2213
9904 3651
9904 5783
9905 2245
9905 2934
9905 2936
9905 2938
9905 3658
9906 2320
9906 3703
9906 2269
9906 2321
9906 5743
9906 5329
9907 2418
9907 5184
9907 5185
9908 5212
9908 5701
9908 5702
9908 5657
9908 6014
9909 5212
9909 6014
9909 5657
9909 5701
9910 2961
9910 5738
9910 5254
9910 5828
9910 5773
9910 3497
9910 5671
9911 2597
9911 5316
9911 5612
9911 3491
9912 2599
9912 5469
9912 5495
9912 5548
9913 2649
9913 5319
9913 2650
9913 5441
9914 2857
9914 5869
9914 5870
9914 3924
9915 2892
9915 5676
9915 5677
9915 5721
9916 5420
9916 5664
9916 5419
9917 2934
9917 2938
9917 3340
9917 3658
9918 5460
9918 5465
9918 5514
9919 3258
9919 3213
9919 5507
9920 5533
9920 3160
9920 5862
9920 5863
9921 5528
9922 3193
9922 5600
9922 3360
9922 5610
9923 3509
9923 5740
9924 5717
9924 6042
9925 3617
9925 3618
9925 3633
9925 3682
9925 3774
9926 6086
9926 4406
9926 4410
9926 3803
9926 4380
9926 4400
9926 4403
9926 4404
9926 4407
9926 4409
9926 4413
9927 3908
9927 5962
9927 5963
9927 6078
9928 5968
9929 5987
9929 5990
9929 5996
9929 4239
9930 4380
9930 6085
9930 4399
9930 4400
9930 4406
9930 4407
9930 4410
9930 4431
